ID,probability
TEST_00002,0.12455916404724121
TEST_00003,0.07552030682563782
TEST_00005,0.09577761590480804
TEST_00010,0.044396769255399704
TEST_00023,0.2135874629020691
TEST_00028,0.1467185914516449
TEST_00036,0.12208179384469986
TEST_00052,0.10898631811141968
TEST_00054,0.002774445340037346
TEST_00057,0.1942562758922577
TEST_00064,0.20343519747257233
TEST_00065,0.0077237216755747795
TEST_00075,0.20489242672920227
TEST_00076,0.037259478121995926
TEST_00077,0.012597274966537952
TEST_00078,0.11051630973815918
TEST_00079,0.1789751797914505
TEST_00092,0.3278452157974243
TEST_00094,0.00250760605558753
TEST_00097,0.08318263292312622
TEST_00101,0.20945167541503906
TEST_00112,0.047909535467624664
TEST_00119,0.11306590586900711
TEST_00120,0.004576290026307106
TEST_00126,0.011715404689311981
TEST_00127,0.11988985538482666
TEST_00136,0.16757896542549133
TEST_00140,0.048596225678920746
TEST_00151,0.0021926555782556534
TEST_00154,0.0489959679543972
TEST_00173,0.2767332196235657
TEST_00174,0.108090341091156
TEST_00178,0.3174152970314026
TEST_00184,0.08589676022529602
TEST_00193,0.10542527586221695
TEST_00205,0.19929485023021698
TEST_00208,0.19514627754688263
TEST_00213,0.08757472783327103
TEST_00222,0.14857856929302216
TEST_00232,0.17006537318229675
TEST_00244,0.0033346170093864202
TEST_00247,0.0854712501168251
TEST_00253,0.045148544013500214
TEST_00257,0.32579338550567627
TEST_00268,0.1176922395825386
TEST_00272,0.25737690925598145
TEST_00275,0.030033370479941368
TEST_00281,0.10597589612007141
TEST_00286,0.051015470176935196
TEST_00290,0.12386457622051239
TEST_00296,0.03741573542356491
TEST_00300,0.13990050554275513
TEST_00312,0.11069736629724503
TEST_00313,0.15240591764450073
TEST_00316,0.06369245052337646
TEST_00331,0.0031087384559214115
TEST_00337,0.15890365839004517
TEST_00342,0.154339000582695
TEST_00343,0.06426657736301422
TEST_00345,0.023041728883981705
TEST_00369,0.06715142726898193
TEST_00371,0.08006592839956284
TEST_00376,0.0030226835515350103
TEST_00379,0.12715648114681244
TEST_00385,0.16747862100601196
TEST_00397,0.002876064507290721
TEST_00403,0.029971469193696976
TEST_00409,0.10051624476909637
TEST_00410,0.07855109870433807
TEST_00412,0.10035181790590286
TEST_00419,0.08172297477722168
TEST_00420,0.06272144615650177
TEST_00424,0.1907937228679657
TEST_00429,0.18381494283676147
TEST_00451,0.001923696487210691
TEST_00456,0.0049015493132174015
TEST_00458,0.09070074558258057
TEST_00463,0.16950371861457825
TEST_00481,0.154006227850914
TEST_00484,0.14740630984306335
TEST_00500,0.0034621995873749256
TEST_00502,0.046915821731090546
TEST_00504,0.005261381156742573
TEST_00511,0.04833338037133217
TEST_00512,0.03149063140153885
TEST_00513,0.048062171787023544
TEST_00528,0.20720510184764862
TEST_00529,0.28768855333328247
TEST_00535,0.11409417539834976
TEST_00539,0.05357517674565315
TEST_00551,0.22622941434383392
TEST_00559,0.010349806398153305
TEST_00561,0.12595637142658234
TEST_00568,0.1947661191225052
TEST_00575,0.048659518361091614
TEST_00580,0.002386557636782527
TEST_00582,0.13238254189491272
TEST_00586,0.18303504586219788
TEST_00599,0.23196345567703247
TEST_00604,0.17975850403308868
TEST_00606,0.07730641216039658
TEST_00616,0.3203624486923218
TEST_00618,0.1632138341665268
TEST_00627,0.2192077487707138
TEST_00629,0.08629514276981354
TEST_00631,0.14106833934783936
TEST_00641,0.002767625031992793
TEST_00645,0.11905171722173691
TEST_00647,0.11415454000234604
TEST_00650,0.18719735741615295
TEST_00653,0.187136709690094
TEST_00660,0.0026207081973552704
TEST_00662,0.10609562695026398
TEST_00666,0.18117807805538177
TEST_00667,0.002791890874505043
TEST_00675,0.10695882886648178
TEST_00682,0.004884287714958191
TEST_00683,0.06442180275917053
TEST_00687,0.1084468811750412
TEST_00692,0.06890937685966492
TEST_00694,0.07995744049549103
TEST_00696,0.028612427413463593
TEST_00699,0.003226621076464653
TEST_00715,0.0061761243268847466
TEST_00718,0.10908222198486328
TEST_00724,0.004480159375816584
TEST_00739,0.10162416845560074
TEST_00748,0.27375635504722595
TEST_00752,0.11361360549926758
TEST_00755,0.043878741562366486
TEST_00760,0.015880558639764786
TEST_00763,0.1453830599784851
TEST_00767,0.19420583546161652
TEST_00769,0.012894622050225735
TEST_00770,0.22748027741909027
TEST_00772,0.0556478314101696
TEST_00792,0.2967463731765747
TEST_00794,0.1332523673772812
TEST_00798,0.21519188582897186
TEST_00800,0.3304155766963959
TEST_00801,0.14355596899986267
TEST_00804,0.26404309272766113
TEST_00812,0.4236670136451721
TEST_00815,0.11681223660707474
TEST_00816,0.35727593302726746
TEST_00821,0.1396070122718811
TEST_00829,0.23312920331954956
TEST_00835,0.16304142773151398
TEST_00855,0.18999740481376648
TEST_00865,0.004357996862381697
TEST_00866,0.20191951096057892
TEST_00888,0.1841684877872467
TEST_00890,0.2373860776424408
TEST_00892,0.17268091440200806
TEST_00894,0.21739861369132996
TEST_00896,0.278822660446167
TEST_00911,0.2548584043979645
TEST_00917,0.04430072009563446
TEST_00922,0.05549274757504463
TEST_00923,0.10804321616888046
TEST_00928,0.004568292759358883
TEST_00933,0.13746558129787445
TEST_00934,0.007033937145024538
TEST_00941,0.11372500658035278
TEST_00955,0.05328589677810669
TEST_00957,0.0022033946588635445
TEST_00960,0.19581010937690735
TEST_00970,0.16013124585151672
TEST_00972,0.09558387845754623
TEST_00973,0.09493923932313919
TEST_00984,0.03410904482007027
TEST_00985,0.13756057620048523
TEST_00994,0.0805240273475647
TEST_01020,0.13071365654468536
TEST_01028,0.0025649298913776875
TEST_01038,0.24773192405700684
TEST_01053,0.11392521858215332
TEST_01058,0.10385570675134659
TEST_01067,0.002847711555659771
TEST_01070,0.08325543254613876
TEST_01080,0.1688772737979889
TEST_01088,0.12694776058197021
TEST_01091,0.15735773742198944
TEST_01096,0.15864428877830505
TEST_01101,0.14186881482601166
TEST_01105,0.1288982778787613
TEST_01106,0.001889850478619337
TEST_01116,0.11994960159063339
TEST_01123,0.32179707288742065
TEST_01133,0.18210139870643616
TEST_01140,0.12634864449501038
TEST_01145,0.16465316712856293
TEST_01147,0.14378023147583008
TEST_01157,0.10205692052841187
TEST_01159,0.10718982666730881
TEST_01167,0.006672126706689596
TEST_01174,0.008895974606275558
TEST_01188,0.07909378409385681
TEST_01192,0.04818608611822128
TEST_01200,0.083622507750988
TEST_01207,0.4121297299861908
TEST_01210,0.16949760913848877
TEST_01211,0.21971464157104492
TEST_01215,0.03186463937163353
TEST_01221,0.12379178404808044
TEST_01224,0.06954637914896011
TEST_01230,0.1846378892660141
TEST_01232,0.1354401558637619
TEST_01242,0.00271062389947474
TEST_01258,0.17078639566898346
TEST_01268,0.14360502362251282
TEST_01270,0.19551530480384827
TEST_01275,0.0025994081515818834
TEST_01282,0.19292151927947998
TEST_01289,0.11839455366134644
TEST_01295,0.32516568899154663
TEST_01296,0.15532773733139038
TEST_01299,0.0858677551150322
TEST_01311,0.18272611498832703
TEST_01319,0.31993889808654785
TEST_01321,0.12721778452396393
TEST_01324,0.10892312228679657
TEST_01330,0.09978380054235458
TEST_01334,0.08247213065624237
TEST_01335,0.12237878143787384
TEST_01336,0.06875064969062805
TEST_01338,0.3661700189113617
TEST_01339,0.0036003845743834972
TEST_01340,0.008289375342428684
TEST_01348,0.1465122401714325
TEST_01352,0.19651532173156738
TEST_01353,0.13649201393127441
TEST_01361,0.03246085345745087
TEST_01369,0.08945432305335999
TEST_01379,0.24555106461048126
TEST_01388,0.20460455119609833
TEST_01390,0.13337299227714539
TEST_01392,0.003193444572389126
TEST_01405,0.15915468335151672
TEST_01407,0.0021108221262693405
TEST_01409,0.08243870735168457
TEST_01426,0.002076762495562434
TEST_01432,0.049831561744213104
TEST_01433,0.15767057240009308
TEST_01435,0.05808586627244949
TEST_01439,0.1961456835269928
TEST_01449,0.2683376967906952
TEST_01454,0.0019196418579667807
TEST_01463,0.13746343553066254
TEST_01468,0.28413549065589905
TEST_01471,0.07148180156946182
TEST_01473,0.11998166143894196
TEST_01477,0.2454908788204193
TEST_01478,0.10896266996860504
TEST_01480,0.002334307413548231
TEST_01485,0.37673667073249817
TEST_01497,0.15236911177635193
TEST_01499,0.08445343375205994
TEST_01504,0.0019171255407854915
TEST_01505,0.24757501482963562
TEST_01513,0.1775282919406891
TEST_01515,0.05616733804345131
TEST_01516,0.002617834834381938
TEST_01517,0.05395492538809776
TEST_01528,0.1046995297074318
TEST_01531,0.14470267295837402
TEST_01532,0.08108232915401459
TEST_01534,0.10503080487251282
TEST_01540,0.17645712196826935
TEST_01543,0.16446362435817719
TEST_01558,0.10980190336704254
TEST_01568,0.005157519597560167
TEST_01569,0.21061068773269653
TEST_01585,0.20863233506679535
TEST_01588,0.0035230221692472696
TEST_01589,0.14496979117393494
TEST_01593,0.3237932622432709
TEST_01594,0.1270560622215271
TEST_01602,0.061603352427482605
TEST_01608,0.020861245691776276
TEST_01611,0.1463315635919571
TEST_01625,0.008185588754713535
TEST_01626,0.05483420193195343
TEST_01630,0.16956739127635956
TEST_01635,0.15846391022205353
TEST_01640,0.0031682539265602827
TEST_01642,0.13213196396827698
TEST_01646,0.21198956668376923
TEST_01648,0.003291341243311763
TEST_01663,0.03624921292066574
TEST_01666,0.12075500190258026
TEST_01668,0.011701678857207298
TEST_01669,0.10334630310535431
TEST_01670,0.19484516978263855
TEST_01674,0.17618481814861298
TEST_01675,0.09865323454141617
TEST_01681,0.1833932101726532
TEST_01684,0.14544296264648438
TEST_01686,0.15864968299865723
TEST_01701,0.10059807449579239
TEST_01711,0.04988867789506912
TEST_01717,0.12175916135311127
TEST_01719,0.14475300908088684
TEST_01725,0.09966163337230682
TEST_01732,0.13160496950149536
TEST_01734,0.14982996881008148
TEST_01746,0.18811988830566406
TEST_01750,0.002219333779066801
TEST_01764,0.17557676136493683
TEST_01772,0.1956852674484253
TEST_01775,0.1694052666425705
TEST_01776,0.15143366158008575
TEST_01777,0.08326878398656845
TEST_01778,0.1302526295185089
TEST_01780,0.07233142852783203
TEST_01786,0.23614627122879028
TEST_01787,0.00915822759270668
TEST_01788,0.0075591979548335075
TEST_01789,0.003197798039764166
TEST_01791,0.1370527297258377
TEST_01792,0.07212001085281372
TEST_01796,0.20028823614120483
TEST_01798,0.04902009293437004
TEST_01803,0.11213541030883789
TEST_01805,0.15963734686374664
TEST_01818,0.046286072582006454
TEST_01820,0.07061004638671875
TEST_01822,0.07008830457925797
TEST_01824,0.07444150745868683
TEST_01827,0.004141225479543209
TEST_01834,0.08239064365625381
TEST_01835,0.35171186923980713
TEST_01838,0.002341883722692728
TEST_01841,0.015711447224020958
TEST_01853,0.13606931269168854
TEST_01868,0.1824232041835785
TEST_01871,0.09580405801534653
TEST_01873,0.04175744578242302
TEST_01884,0.002930767834186554
TEST_01889,0.3136920928955078
TEST_01897,0.14687086641788483
TEST_01901,0.1497582644224167
TEST_01902,0.18685126304626465
TEST_01903,0.1897299587726593
TEST_01915,0.10375137627124786
TEST_01929,0.1708720624446869
TEST_01934,0.10442119836807251
TEST_01935,0.002243579598143697
TEST_01937,0.2184501737356186
TEST_01945,0.10521002858877182
TEST_01946,0.002715240465477109
TEST_01949,0.003931076265871525
TEST_01950,0.1755448877811432
TEST_01956,0.14521832764148712
TEST_01959,0.1235571950674057
TEST_01971,0.05806150659918785
TEST_01973,0.003220281796529889
TEST_01980,0.046545445919036865
TEST_01982,0.44346389174461365
TEST_01988,0.1810336410999298
TEST_01989,0.05243594944477081
TEST_01990,0.002632872434332967
TEST_01997,0.13202719390392303
TEST_01998,0.1189725324511528
TEST_02001,0.20917600393295288
TEST_02010,0.12555404007434845
TEST_02011,0.0734640508890152
TEST_02014,0.17900675535202026
TEST_02020,0.020512139424681664
TEST_02023,0.0523039884865284
TEST_02025,0.13941392302513123
TEST_02026,0.14105640351772308
TEST_02028,0.15431298315525055
TEST_02039,0.2054455429315567
TEST_02040,0.08773945271968842
TEST_02046,0.077385812997818
TEST_02047,0.04522210359573364
TEST_02049,0.004160670563578606
TEST_02055,0.16600804030895233
TEST_02057,0.12901020050048828
TEST_02071,0.005349563900381327
TEST_02085,0.20572833716869354
TEST_02088,0.15128546953201294
TEST_02102,0.05006680637598038
TEST_02106,0.011065825819969177
TEST_02112,0.12401992827653885
TEST_02115,0.12786296010017395
TEST_02122,0.04440765082836151
TEST_02129,0.1926514357328415
TEST_02130,0.18790802359580994
TEST_02134,0.002614059019833803
TEST_02136,0.07974427193403244
TEST_02139,0.17477135360240936
TEST_02142,0.12146414071321487
TEST_02144,0.27361541986465454
TEST_02154,0.006090977694839239
TEST_02155,0.11123855412006378
TEST_02169,0.1615688055753708
TEST_02176,0.19512495398521423
TEST_02184,0.09863559156656265
TEST_02188,0.1361066699028015
TEST_02190,0.12873013317584991
TEST_02192,0.0702357366681099
TEST_02195,0.24020646512508392
TEST_02200,0.11488471925258636
TEST_02204,0.1922397017478943
TEST_02208,0.0019591767340898514
TEST_02214,0.2075098603963852
TEST_02218,0.275524765253067
TEST_02229,0.0032014164607971907
TEST_02231,0.05960502102971077
TEST_02232,0.14391764998435974
TEST_02234,0.05432780832052231
TEST_02236,0.1413174569606781
TEST_02237,0.08781659603118896
TEST_02242,0.00233279075473547
TEST_02260,0.1505436897277832
TEST_02261,0.09467333555221558
TEST_02262,0.05620630457997322
TEST_02280,0.0790027379989624
TEST_02284,0.0015928484499454498
TEST_02292,0.004623939748853445
TEST_02293,0.17895002663135529
TEST_02315,0.0023161382414400578
TEST_02317,0.18369875848293304
TEST_02320,0.0028526177629828453
TEST_02323,0.253179669380188
TEST_02324,0.004886250477284193
TEST_02325,0.09428025782108307
TEST_02328,0.22761842608451843
TEST_02349,0.0018716019112616777
TEST_02350,0.05004505813121796
TEST_02352,0.0017431732267141342
TEST_02353,0.05383995547890663
TEST_02356,0.03067968413233757
TEST_02364,0.2201516330242157
TEST_02376,0.07971234619617462
TEST_02380,0.07865332812070847
TEST_02382,0.0023634207900613546
TEST_02386,0.07594390213489532
TEST_02387,0.0956609770655632
TEST_02401,0.08008818328380585
TEST_02409,0.33895063400268555
TEST_02412,0.17803838849067688
TEST_02414,0.1375180184841156
TEST_02417,0.15372522175312042
TEST_02422,0.16144023835659027
TEST_02423,0.048516035079956055
TEST_02424,0.423772394657135
TEST_02429,0.11061227321624756
TEST_02433,0.12571299076080322
TEST_02437,0.11234517395496368
TEST_02447,0.0041541000828146935
TEST_02449,0.1401175856590271
TEST_02452,0.09639650583267212
TEST_02457,0.22739875316619873
TEST_02461,0.003403619397431612
TEST_02463,0.1402398943901062
TEST_02464,0.05352214723825455
TEST_02484,0.11919565498828888
TEST_02488,0.04449332505464554
TEST_02491,0.3702608644962311
TEST_02496,0.02013539895415306
TEST_02498,0.002313101664185524
TEST_02499,0.10930295288562775
TEST_02510,0.13524940609931946
TEST_02520,0.12614716589450836
TEST_02529,0.11601945757865906
TEST_02532,0.4759479761123657
TEST_02534,0.13434149324893951
TEST_02539,0.1001707911491394
TEST_02548,0.10154888033866882
TEST_02554,0.12176912277936935
TEST_02562,0.06001267582178116
TEST_02572,0.02807486616075039
TEST_02583,0.046114660799503326
TEST_02584,0.0030170059762895107
TEST_02589,0.12187926471233368
TEST_02591,0.0031273053027689457
TEST_02593,0.0024408986791968346
TEST_02596,0.150819793343544
TEST_02600,0.0970536470413208
TEST_02610,0.20944097638130188
TEST_02611,0.18333187699317932
TEST_02626,0.1898886114358902
TEST_02630,0.038272079080343246
TEST_02631,0.07475145161151886
TEST_02635,0.09552250802516937
TEST_02636,0.21695010364055634
TEST_02641,0.22101661562919617
TEST_02643,0.2785523235797882
TEST_02652,0.1421469748020172
TEST_02653,0.05059888958930969
TEST_02655,0.0022493572905659676
TEST_02662,0.12672771513462067
TEST_02666,0.048312533646821976
TEST_02678,0.17837469279766083
TEST_02682,0.07336816191673279
TEST_02684,0.00399310328066349
TEST_02687,0.009305467829108238
TEST_02690,0.0035666129551827908
TEST_02692,0.36332669854164124
TEST_02694,0.04464041814208031
TEST_02709,0.20181027054786682
TEST_02716,0.2326982617378235
TEST_02717,0.002582623390480876
TEST_02723,0.13814757764339447
TEST_02733,0.1454266756772995
TEST_02741,0.2326829880475998
TEST_02745,0.0536738820374012
TEST_02748,0.16496893763542175
TEST_02753,0.13130980730056763
TEST_02755,0.0028014800045639277
TEST_02767,0.13877905905246735
TEST_02771,0.0028109061531722546
TEST_02776,0.25540080666542053
TEST_02779,0.11677196621894836
TEST_02783,0.14422743022441864
TEST_02789,0.0023985542356967926
TEST_02791,0.15353035926818848
TEST_02801,0.25250300765037537
TEST_02813,0.17136792838573456
TEST_02830,0.03132442384958267
TEST_02838,0.0021606336813420057
TEST_02840,0.1078101396560669
TEST_02842,0.11567182093858719
TEST_02848,0.0027605565264821053
TEST_02851,0.1739462912082672
TEST_02859,0.13147050142288208
TEST_02860,0.14063650369644165
TEST_02861,0.07383036613464355
TEST_02865,0.003519969992339611
TEST_02868,0.00952622015029192
TEST_02869,0.1571803092956543
TEST_02870,0.1274029165506363
TEST_02876,0.18175747990608215
TEST_02877,0.0053894370794296265
TEST_02880,0.002326051704585552
TEST_02883,0.18175098299980164
TEST_02886,0.26018527150154114
TEST_02890,0.003439161693677306
TEST_02891,0.4076008200645447
TEST_02894,0.2065693438053131
TEST_02895,0.20770315825939178
TEST_02899,0.07641714811325073
TEST_02900,0.3015860319137573
TEST_02902,0.10729433596134186
TEST_02903,0.0015961083117872477
TEST_02910,0.20867446064949036
TEST_02912,0.09465838223695755
TEST_02914,0.06573116779327393
TEST_02917,0.003043379634618759
TEST_02919,0.09391103684902191
TEST_02925,0.3800087869167328
TEST_02929,0.0037537526804953814
TEST_02935,0.19870109856128693
TEST_02937,0.11808415502309799
TEST_02947,0.002374999225139618
TEST_02954,0.068984754383564
TEST_02957,0.04720807448029518
TEST_02959,0.3630068600177765
TEST_02969,0.11614102125167847
TEST_02970,0.209196537733078
TEST_02974,0.11030758172273636
TEST_02977,0.0034425489138811827
TEST_02979,0.24361737072467804
TEST_02986,0.4453399181365967
TEST_02991,0.2128027081489563
TEST_02993,0.2351868599653244
TEST_02996,0.1444970816373825
TEST_03010,0.09679380804300308
TEST_03018,0.26918917894363403
TEST_03019,0.13058967888355255
TEST_03024,0.09440503269433975
TEST_03025,0.3604167699813843
TEST_03035,0.10234013199806213
TEST_03046,0.16639301180839539
TEST_03050,0.16292618215084076
TEST_03051,0.13979047536849976
TEST_03054,0.08279775828123093
TEST_03055,0.16433671116828918
TEST_03058,0.2236846685409546
TEST_03063,0.05478416755795479
TEST_03064,0.09059423208236694
TEST_03066,0.18007966876029968
TEST_03073,0.2474370002746582
TEST_03085,0.3216908276081085
TEST_03097,0.06927575170993805
TEST_03102,0.07474350184202194
TEST_03122,0.07736140489578247
TEST_03123,0.11849969625473022
TEST_03124,0.10490554571151733
TEST_03128,0.0026814250741153955
TEST_03129,0.10582166910171509
TEST_03139,0.08345159143209457
TEST_03140,0.2247227132320404
TEST_03142,0.14051692187786102
TEST_03145,0.14446455240249634
TEST_03152,0.09370321780443192
TEST_03163,0.030688302591443062
TEST_03164,0.002736198715865612
TEST_03167,0.26424556970596313
TEST_03194,0.11625783145427704
TEST_03195,0.20091721415519714
TEST_03198,0.0030468411277979612
TEST_03200,0.005753777921199799
TEST_03211,0.27267271280288696
TEST_03221,0.0028497963212430477
TEST_03229,0.0249071903526783
TEST_03230,0.1528935730457306
TEST_03233,0.16341717541217804
TEST_03237,0.14870047569274902
TEST_03249,0.10579682886600494
TEST_03263,0.003455639583989978
TEST_03265,0.19542157649993896
TEST_03272,0.11249584704637527
TEST_03277,0.0517692044377327
TEST_03279,0.17064112424850464
TEST_03289,0.27148500084877014
TEST_03290,0.004420905373990536
TEST_03293,0.13564036786556244
TEST_03296,0.06243407353758812
TEST_03297,0.14709791541099548
TEST_03298,0.11241842061281204
TEST_03315,0.07514654099941254
TEST_03316,0.1872323751449585
TEST_03322,0.35507944226264954
TEST_03329,0.0026114587672054768
TEST_03335,0.0023075598292052746
TEST_03337,0.09262029081583023
TEST_03340,0.005406225565820932
TEST_03344,0.12662339210510254
TEST_03349,0.0040483237244188786
TEST_03354,0.006755596026778221
TEST_03355,0.10796652734279633
TEST_03356,0.012209917418658733
TEST_03359,0.13462798297405243
TEST_03361,0.002226317999884486
TEST_03362,0.18831071257591248
TEST_03364,0.30904096364974976
TEST_03368,0.17510351538658142
TEST_03371,0.002998421434313059
TEST_03374,0.25072038173675537
TEST_03385,0.13243317604064941
TEST_03386,0.12375101447105408
TEST_03391,0.11468502134084702
TEST_03392,0.2851702868938446
TEST_03400,0.18824416399002075
TEST_03409,0.14568915963172913
TEST_03411,0.04651181399822235
TEST_03415,0.31771060824394226
TEST_03419,0.047329131513834
TEST_03421,0.003732746234163642
TEST_03424,0.04900617152452469
TEST_03425,0.12293631583452225
TEST_03426,0.002366672968491912
TEST_03430,0.0035583460703492165
TEST_03435,0.07971891015768051
TEST_03448,0.21360337734222412
TEST_03472,0.31020575761795044
TEST_03473,0.13726404309272766
TEST_03474,0.14516380429267883
TEST_03476,0.1301703155040741
TEST_03479,0.002499733353033662
TEST_03481,0.07221219688653946
TEST_03484,0.003181551583111286
TEST_03487,0.06197904795408249
TEST_03491,0.0033305943943560123
TEST_03496,0.1888563334941864
TEST_03512,0.003119568806141615
TEST_03517,0.12562859058380127
TEST_03521,0.13133440911769867
TEST_03533,0.12023033946752548
TEST_03539,0.003254552138969302
TEST_03545,0.12717421352863312
TEST_03546,0.09314780682325363
TEST_03556,0.17175236344337463
TEST_03557,0.13914543390274048
TEST_03559,0.06448114663362503
TEST_03563,0.0025960966013371944
TEST_03575,0.1871693730354309
TEST_03577,0.003226506058126688
TEST_03578,0.11108801513910294
TEST_03579,0.23656976222991943
TEST_03580,0.04807620495557785
TEST_03585,0.15020570158958435
TEST_03590,0.0023485843557864428
TEST_03596,0.1798911690711975
TEST_03597,0.043135032057762146
TEST_03599,0.15268033742904663
TEST_03603,0.0033357858192175627
TEST_03607,0.0476192981004715
TEST_03612,0.1780986487865448
TEST_03613,0.2714010179042816
TEST_03614,0.3193261921405792
TEST_03617,0.2140810489654541
TEST_03619,0.17516972124576569
TEST_03626,0.004681629594415426
TEST_03627,0.1834951788187027
TEST_03640,0.08388285338878632
TEST_03652,0.0028313565999269485
TEST_03656,0.03178694099187851
TEST_03658,0.17665742337703705
TEST_03662,0.18272921442985535
TEST_03664,0.28064361214637756
TEST_03667,0.11901907622814178
TEST_03669,0.11124604195356369
TEST_03670,0.13618600368499756
TEST_03672,0.27479150891304016
TEST_03678,0.08177349716424942
TEST_03680,0.06777869164943695
TEST_03681,0.14381971955299377
TEST_03682,0.1937316507101059
TEST_03692,0.08147160708904266
TEST_03702,0.37916624546051025
TEST_03704,0.15245851874351501
TEST_03714,0.006876711267977953
TEST_03715,0.002676946111023426
TEST_03721,0.2184913605451584
TEST_03730,0.1492551863193512
TEST_03742,0.16853412985801697
TEST_03743,0.19579289853572845
TEST_03747,0.1891518533229828
TEST_03748,0.05908149108290672
TEST_03750,0.13084617257118225
TEST_03757,0.02678113803267479
TEST_03768,0.08785901963710785
TEST_03770,0.0019181021489202976
TEST_03771,0.17994581162929535
TEST_03772,0.002098838333040476
TEST_03778,0.10431127995252609
TEST_03783,0.3032153844833374
TEST_03793,0.08023726940155029
TEST_03794,0.1854659616947174
TEST_03796,0.07114636898040771
TEST_03801,0.1459479033946991
TEST_03803,0.05149702727794647
TEST_03807,0.15814310312271118
TEST_03808,0.049205902963876724
TEST_03809,0.2155783474445343
TEST_03820,0.11905839294195175
TEST_03825,0.15187105536460876
TEST_03838,0.0020641866140067577
TEST_03839,0.0019920337945222855
TEST_03847,0.14461353421211243
TEST_03849,0.19949042797088623
TEST_03853,0.13466310501098633
TEST_03855,0.11344797909259796
TEST_03858,0.07284831255674362
TEST_03867,0.08771537989377975
TEST_03879,0.08209535479545593
TEST_03881,0.23231661319732666
TEST_03887,0.21755367517471313
TEST_03893,0.2677013874053955
TEST_03899,0.015237628482282162
TEST_03923,0.0040197293274104595
TEST_03927,0.002679133089259267
TEST_03928,0.047329578548669815
TEST_03929,0.10230109095573425
TEST_03931,0.0035265968181192875
TEST_03935,0.04745738208293915
TEST_03938,0.27244648337364197
TEST_03945,0.2536006569862366
TEST_03949,0.11404493451118469
TEST_03958,0.20637769997119904
TEST_03965,0.12811797857284546
TEST_03967,0.08748522400856018
TEST_03984,0.12798112630844116
TEST_03988,0.1687619686126709
TEST_03994,0.0032670721411705017
TEST_04005,0.07662605494260788
TEST_04017,0.1279699206352234
TEST_04023,0.05156567692756653
TEST_04031,0.14068788290023804
TEST_04032,0.10239510238170624
TEST_04034,0.18914660811424255
TEST_04050,0.004144520498812199
TEST_04051,0.007431842852383852
TEST_04064,0.22728610038757324
TEST_04072,0.031604789197444916
TEST_04079,0.21994297206401825
TEST_04080,0.1426573544740677
TEST_04085,0.33239835500717163
TEST_04092,0.002804473740980029
TEST_04104,0.1806151568889618
TEST_04120,0.17228056490421295
TEST_04125,0.23841440677642822
TEST_04131,0.04515447840094566
TEST_04134,0.1542425900697708
TEST_04135,0.2934042513370514
TEST_04138,0.08886076509952545
TEST_04140,0.3358106315135956
TEST_04142,0.06867679953575134
TEST_04143,0.22362466156482697
TEST_04148,0.18875670433044434
TEST_04149,0.16964206099510193
TEST_04151,0.0022011774126440287
TEST_04153,0.245942622423172
TEST_04158,0.0034451892133802176
TEST_04165,0.004795272368937731
TEST_04167,0.021548796445131302
TEST_04174,0.159686878323555
TEST_04176,0.07079058885574341
TEST_04182,0.05769340693950653
TEST_04183,0.2016853392124176
TEST_04184,0.008063300512731075
TEST_04191,0.25959959626197815
TEST_04192,0.030277375131845474
TEST_04200,0.07245451956987381
TEST_04210,0.21042177081108093
TEST_04213,0.15005840361118317
TEST_04219,0.12656810879707336
TEST_04230,0.05834806337952614
TEST_04234,0.1244615763425827
TEST_04237,0.2659464478492737
TEST_04240,0.05607481300830841
TEST_04241,0.18967430293560028
TEST_04244,0.1543494313955307
TEST_04252,0.11738771945238113
TEST_04253,0.26519453525543213
TEST_04257,0.24908389151096344
TEST_04259,0.15209810435771942
TEST_04261,0.092697374522686
TEST_04262,0.33540207147598267
TEST_04265,0.0029164571315050125
TEST_04269,0.2654082179069519
TEST_04273,0.05379194766283035
TEST_04285,0.2804981768131256
TEST_04310,0.27390360832214355
TEST_04320,0.03205764666199684
TEST_04324,0.2155679166316986
TEST_04329,0.0024455375969409943
TEST_04332,0.2144063115119934
TEST_04337,0.08492466807365417
TEST_04341,0.14131715893745422
TEST_04344,0.003079333808273077
TEST_04347,0.08431965112686157
TEST_04348,0.08171973377466202
TEST_04353,0.1242310032248497
TEST_04362,0.18004249036312103
TEST_04371,0.06423012167215347
TEST_04376,0.001895457273349166
TEST_04383,0.06801987439393997
TEST_04394,0.2041735053062439
TEST_04398,0.008478855714201927
TEST_04401,0.07129177451133728
TEST_04402,0.1617133915424347
TEST_04406,0.004097811412066221
TEST_04411,0.14268335700035095
TEST_04422,0.002866083290427923
TEST_04439,0.17289111018180847
TEST_04442,0.15654370188713074
TEST_04447,0.21363785862922668
TEST_04450,0.19676165282726288
TEST_04451,0.07569164782762527
TEST_04452,0.2148466855287552
TEST_04457,0.1818777322769165
TEST_04459,0.0020930904429405928
TEST_04475,0.15241853892803192
TEST_04479,0.11927054077386856
TEST_04489,0.14692771434783936
TEST_04490,0.1622551679611206
TEST_04491,0.14074087142944336
TEST_04492,0.004500554874539375
TEST_04499,0.002928893780335784
TEST_04515,0.004843325819820166
TEST_04517,0.11149688065052032
TEST_04520,0.14519833028316498
TEST_04524,0.18166911602020264
TEST_04525,0.005117494147270918
TEST_04530,0.0033599156886339188
TEST_04535,0.0488789901137352
TEST_04542,0.13697166740894318
TEST_04543,0.0021995550487190485
TEST_04557,0.18940967321395874
TEST_04563,0.12901140749454498
TEST_04576,0.09534377604722977
TEST_04581,0.18508067727088928
TEST_04590,0.05741903930902481
TEST_04591,0.04913787543773651
TEST_04592,0.17121446132659912
TEST_04603,0.10784965753555298
TEST_04605,0.2182275652885437
TEST_04608,0.1520203799009323
TEST_04609,0.24666763842105865
TEST_04614,0.006255032029002905
TEST_04618,0.05139046907424927
TEST_04620,0.10236191749572754
TEST_04623,0.2045755833387375
TEST_04624,0.17686912417411804
TEST_04628,0.004103551618754864
TEST_04633,0.14170967042446136
TEST_04636,0.13354861736297607
TEST_04651,0.15364371240139008
TEST_04655,0.15016970038414001
TEST_04662,0.09914582967758179
TEST_04667,0.0022887883242219687
TEST_04679,0.1109270453453064
TEST_04682,0.20752474665641785
TEST_04694,0.08176147937774658
TEST_04698,0.18257953226566315
TEST_04709,0.11850716173648834
TEST_04713,0.29485201835632324
TEST_04718,0.0029949324671179056
TEST_04722,0.05276971682906151
TEST_04729,0.11094074696302414
TEST_04734,0.19024376571178436
TEST_04738,0.18931633234024048
TEST_04743,0.007219117600470781
TEST_04744,0.04628949984908104
TEST_04751,0.07743068039417267
TEST_04761,0.11105465888977051
TEST_04769,0.0041457428596913815
TEST_04783,0.14803257584571838
TEST_04793,0.17897643148899078
TEST_04794,0.05928758531808853
TEST_04795,0.11588271707296371
TEST_04803,0.04523932933807373
TEST_04816,0.11167781800031662
TEST_04831,0.16267262399196625
TEST_04834,0.003951831720769405
TEST_04841,0.11807781457901001
TEST_04843,0.21635276079177856
TEST_04846,0.0018974479753524065
TEST_04851,0.3316022455692291
TEST_04854,0.06837382167577744
TEST_04856,0.1491585373878479
TEST_04868,0.0038556265644729137
TEST_04876,0.21075864136219025
TEST_04886,0.15597568452358246
TEST_04887,0.23957517743110657
TEST_04892,0.0025670162867754698
TEST_04893,0.18582305312156677
TEST_04895,0.1197350025177002
TEST_04896,0.051920704543590546
TEST_04906,0.04845524951815605
TEST_04910,0.00282477168366313
TEST_04912,0.1817425936460495
TEST_04914,0.2248496264219284
TEST_04921,0.002183901844546199
TEST_04925,0.22644875943660736
TEST_04927,0.26808130741119385
TEST_04935,0.24615386128425598
TEST_04950,0.1510201096534729
TEST_04951,0.0018670738209038973
TEST_04955,0.10439220815896988
TEST_04958,0.09426349401473999
TEST_04962,0.14791825413703918
TEST_04965,0.05524516850709915
TEST_04972,0.0030799061059951782
TEST_04974,0.17307859659194946
TEST_04985,0.00249839317984879
TEST_04989,0.0018127764342352748
TEST_04991,0.002425741171464324
TEST_04996,0.032913241535425186
TEST_04999,0.08167190849781036
TEST_05003,0.13801288604736328
TEST_05004,0.002755404682829976
TEST_05008,0.14123740792274475
TEST_05009,0.15310128033161163
TEST_05013,0.0034377877600491047
TEST_05017,0.010070647113025188
TEST_05024,0.11777667701244354
TEST_05042,0.11623931676149368
TEST_05054,0.2950224280357361
TEST_05058,0.11455163359642029
TEST_05060,0.12658578157424927
TEST_05064,0.14287379384040833
TEST_05073,0.3442116677761078
TEST_05076,0.17351828515529633
TEST_05084,0.07158154994249344
TEST_05096,0.0081781055778265
TEST_05097,0.14959748089313507
TEST_05100,0.16049127280712128
TEST_05102,0.080722875893116
TEST_05111,0.0440739206969738
TEST_05113,0.08544208109378815
TEST_05114,0.3364621698856354
TEST_05116,0.0035551211331039667
TEST_05120,0.0017572074430063367
TEST_05125,0.04357527568936348
TEST_05130,0.028179597109556198
TEST_05137,0.02557201124727726
TEST_05139,0.003292426932603121
TEST_05140,0.16201050579547882
TEST_05145,0.24626858532428741
TEST_05152,0.08287515491247177
TEST_05160,0.28796517848968506
TEST_05161,0.16859203577041626
TEST_05167,0.08012992888689041
TEST_05189,0.341096967458725
TEST_05196,0.1230236142873764
TEST_05209,0.0038548288866877556
TEST_05214,0.04739224165678024
TEST_05219,0.003377906745299697
TEST_05220,0.23714834451675415
TEST_05228,0.08695849031209946
TEST_05238,0.004265783354640007
TEST_05244,0.12031787633895874
TEST_05248,0.1014118567109108
TEST_05254,0.0992717444896698
TEST_05256,0.12421924620866776
TEST_05257,0.002057955600321293
TEST_05263,0.0783819928765297
TEST_05264,0.17151586711406708
TEST_05265,0.12003369629383087
TEST_05267,0.12194200605154037
TEST_05268,0.18192343413829803
TEST_05299,0.0036805211566388607
TEST_05302,0.11363890767097473
TEST_05303,0.0027051977813243866
TEST_05304,0.11315125226974487
TEST_05307,0.07065234333276749
TEST_05308,0.07266264408826828
TEST_05319,0.05135021358728409
TEST_05322,0.18611016869544983
TEST_05325,0.09849190711975098
TEST_05343,0.0019831762183457613
TEST_05344,0.0024187061935663223
TEST_05356,0.006016184110194445
TEST_05358,0.18647770583629608
TEST_05376,0.019807323813438416
TEST_05384,0.15015706419944763
TEST_05396,0.1867370754480362
TEST_05401,0.12027183175086975
TEST_05403,0.18388374149799347
TEST_05413,0.15172947943210602
TEST_05414,0.007573878392577171
TEST_05416,0.002244137693196535
TEST_05419,0.10078810155391693
TEST_05432,0.006688221357762814
TEST_05443,0.18220293521881104
TEST_05445,0.17538338899612427
TEST_05446,0.11524452269077301
TEST_05450,0.008079228922724724
TEST_05457,0.2523072361946106
TEST_05458,0.0030174769926816225
TEST_05461,0.0027768746949732304
TEST_05465,0.09532271325588226
TEST_05473,0.10794367641210556
TEST_05474,0.21490199863910675
TEST_05482,0.22699405252933502
TEST_05493,0.15959027409553528
TEST_05504,0.16821984946727753
TEST_05508,0.11924359947443008
TEST_05512,0.1348283886909485
TEST_05529,0.1983374059200287
TEST_05531,0.12638919055461884
TEST_05541,0.012330673635005951
TEST_05545,0.042089611291885376
TEST_05550,0.12779636681079865
TEST_05557,0.14113695919513702
TEST_05561,0.23496852815151215
TEST_05577,0.0028012171387672424
TEST_05597,0.002819826826453209
TEST_05598,0.1258716732263565
TEST_05600,0.0024042846634984016
TEST_05602,0.2658621668815613
TEST_05608,0.20855870842933655
TEST_05612,0.10773927718400955
TEST_05615,0.3164673447608948
TEST_05622,0.07092712819576263
TEST_05623,0.1874120533466339
TEST_05624,0.10841065645217896
TEST_05625,0.09988047182559967
TEST_05641,0.24136586487293243
TEST_05642,0.043982021510601044
TEST_05647,0.0031557425390928984
TEST_05649,0.040273379534482956
TEST_05650,0.22381460666656494
TEST_05652,0.10186747461557388
TEST_05669,0.09185574948787689
TEST_05670,0.16598252952098846
TEST_05671,0.13509991765022278
TEST_05680,0.1610819697380066
TEST_05682,0.09352996200323105
TEST_05693,0.07736682146787643
TEST_05698,0.007784038782119751
TEST_05706,0.09351786226034164
TEST_05715,0.0019175672205165029
TEST_05717,0.08538869768381119
TEST_05723,0.173478364944458
TEST_05728,0.15555661916732788
TEST_05738,0.24423904716968536
TEST_05742,0.19087383151054382
TEST_05745,0.05576144531369209
TEST_05749,0.038116518408060074
TEST_05752,0.07822011411190033
TEST_05757,0.17136725783348083
TEST_05759,0.005628013052046299
TEST_05767,0.2881878912448883
TEST_05770,0.1696767657995224
TEST_05771,0.0020276647992432117
TEST_05780,0.004685573745518923
TEST_05782,0.0027521690353751183
TEST_05783,0.10629252344369888
TEST_05786,0.24536766111850739
TEST_05787,0.11633232980966568
TEST_05794,0.12688377499580383
TEST_05795,0.1148538812994957
TEST_05797,0.27638566493988037
TEST_05799,0.23213797807693481
TEST_05802,0.2807500958442688
TEST_05809,0.0030084324534982443
TEST_05811,0.05015397071838379
TEST_05812,0.05161570385098457
TEST_05823,0.0026505726855248213
TEST_05831,0.004584625829011202
TEST_05837,0.19838465750217438
TEST_05838,0.09193627536296844
TEST_05851,0.1902254819869995
TEST_05853,0.19393803179264069
TEST_05855,0.08969984948635101
TEST_05864,0.339542031288147
TEST_05866,0.19644352793693542
TEST_05868,0.003088496159762144
TEST_05873,0.040777675807476044
TEST_05888,0.16128945350646973
TEST_05892,0.18707089126110077
TEST_05903,0.24379375576972961
TEST_05904,0.30146756768226624
TEST_05905,0.18582680821418762
TEST_05915,0.0031585628166794777
TEST_05922,0.19732941687107086
TEST_05927,0.1231822669506073
TEST_05937,0.12140776216983795
TEST_05941,0.13162754476070404
TEST_05942,0.15385998785495758
TEST_05944,0.13266514241695404
TEST_05950,0.041199102997779846
TEST_05951,0.10238576680421829
TEST_05953,0.10288812220096588
TEST_05958,0.0724206417798996
TEST_05981,0.1608637124300003
TEST_05989,0.0836813747882843
TEST_05993,0.10239800065755844
TEST_06006,0.08721096068620682
TEST_06014,0.1594250500202179
TEST_06016,0.14237013459205627
TEST_06017,0.17028702795505524
TEST_06018,0.10936404019594193
TEST_06020,0.004029603209346533
TEST_06021,0.073958620429039
TEST_06027,0.08011481910943985
TEST_06031,0.15296733379364014
TEST_06038,0.14063505828380585
TEST_06050,0.15959294140338898
TEST_06055,0.142328679561615
TEST_06057,0.0743115171790123
TEST_06059,0.08162569999694824
TEST_06066,0.051489345729351044
TEST_06078,0.004763151053339243
TEST_06091,0.23665276169776917
TEST_06101,0.02383514866232872
TEST_06106,0.10270944237709045
TEST_06122,0.004687023814767599
TEST_06123,0.09786716848611832
TEST_06125,0.19003593921661377
TEST_06132,0.04890523850917816
TEST_06135,0.049913644790649414
TEST_06139,0.17930451035499573
TEST_06142,0.05272594466805458
TEST_06149,0.008312694728374481
TEST_06159,0.1183844655752182
TEST_06166,0.2347993701696396
TEST_06167,0.10768546909093857
TEST_06177,0.20317961275577545
TEST_06186,0.08233818411827087
TEST_06188,0.16114899516105652
TEST_06190,0.05319959297776222
TEST_06194,0.00447679590433836
TEST_06203,0.16600926220417023
TEST_06214,0.11636091768741608
TEST_06218,0.06644696742296219
TEST_06222,0.2778644859790802
TEST_06227,0.07976031303405762
TEST_06228,0.14765042066574097
TEST_06233,0.08388792723417282
TEST_06237,0.14508654177188873
TEST_06238,0.11555904150009155
TEST_06246,0.2592664957046509
TEST_06252,0.0041938829235732555
TEST_06255,0.19440117478370667
TEST_06268,0.1617971956729889
TEST_06280,0.1893976926803589
TEST_06297,0.20663098990917206
TEST_06304,0.09995242953300476
TEST_06306,0.16788989305496216
TEST_06307,0.07634293287992477
TEST_06321,0.12944559752941132
TEST_06324,0.24679440259933472
TEST_06325,0.15253497660160065
TEST_06326,0.05378679186105728
TEST_06332,0.07857349514961243
TEST_06337,0.004364143591374159
TEST_06345,0.32676583528518677
TEST_06346,0.21228225529193878
TEST_06359,0.1352071315050125
TEST_06362,0.09918290376663208
TEST_06370,0.05170949921011925
TEST_06376,0.211333230137825
TEST_06384,0.05666692554950714
TEST_06390,0.22055037319660187
TEST_06393,0.13213741779327393
TEST_06394,0.12114632874727249
TEST_06398,0.11310592293739319
TEST_06404,0.2319466918706894
TEST_06405,0.17542099952697754
TEST_06417,0.00189126655459404
TEST_06419,0.1017797440290451
TEST_06422,0.2886829674243927
TEST_06426,0.09974566102027893
TEST_06435,0.03615040332078934
TEST_06438,0.1816546618938446
TEST_06439,0.0028447953518480062
TEST_06441,0.05633096396923065
TEST_06442,0.035697732120752335
TEST_06443,0.115455262362957
TEST_06446,0.07578004151582718
TEST_06449,0.20189854502677917
TEST_06451,0.025972606614232063
TEST_06455,0.0029383287765085697
TEST_06468,0.003809441113844514
TEST_06471,0.15780439972877502
TEST_06473,0.002490836661309004
TEST_06478,0.14715644717216492
TEST_06479,0.22054889798164368
TEST_06481,0.003117511747404933
TEST_06500,0.1481817066669464
TEST_06508,0.008569249883294106
TEST_06513,0.15982143580913544
TEST_06515,0.23999765515327454
TEST_06518,0.21090024709701538
TEST_06521,0.05832945182919502
TEST_06525,0.15283691883087158
TEST_06527,0.25288620591163635
TEST_06534,0.1335284411907196
TEST_06535,0.2550794184207916
TEST_06536,0.10675573348999023
TEST_06540,0.28323471546173096
TEST_06543,0.21001744270324707
TEST_06549,0.3073948919773102
TEST_06560,0.16142447292804718
TEST_06570,0.0030309706926345825
TEST_06571,0.19120417535305023
TEST_06572,0.18117845058441162
TEST_06577,0.007405768148601055
TEST_06582,0.003909954335540533
TEST_06588,0.12259221822023392
TEST_06590,0.20284932851791382
TEST_06593,0.001964700873941183
TEST_06595,0.23640821874141693
TEST_06600,0.004968928173184395
TEST_06608,0.0020069244783371687
TEST_06610,0.0044311475940048695
TEST_06612,0.18840885162353516
TEST_06613,0.0040032826364040375
TEST_06622,0.18225467205047607
TEST_06623,0.04208362102508545
TEST_06624,0.0022907175589352846
TEST_06626,0.12464640289545059
TEST_06628,0.16703924536705017
TEST_06634,0.006496721878647804
TEST_06639,0.23277992010116577
TEST_06643,0.06441167742013931
TEST_06644,0.32237115502357483
TEST_06646,0.005200451239943504
TEST_06678,0.002072355942800641
TEST_06679,0.34978604316711426
TEST_06696,0.15671813488006592
TEST_06697,0.004209806211292744
TEST_06706,0.19390752911567688
TEST_06709,0.31684669852256775
TEST_06711,0.002360226586461067
TEST_06712,0.21128691732883453
TEST_06713,0.1484544575214386
TEST_06716,0.14383326470851898
TEST_06720,0.11956408619880676
TEST_06726,0.22368282079696655
TEST_06729,0.3043317496776581
TEST_06735,0.001996236387640238
TEST_06744,0.0023105323780328035
TEST_06751,0.050840020179748535
TEST_06752,0.22943545877933502
TEST_06758,0.006498511414974928
TEST_06760,0.08646664023399353
TEST_06766,0.025380050763487816
TEST_06775,0.12140944600105286
TEST_06777,0.19074179232120514
TEST_06785,0.10135942697525024
TEST_06788,0.14695309102535248
TEST_06803,0.12187620252370834
TEST_06823,0.10423693060874939
TEST_06824,0.11103031039237976
TEST_06829,0.09600754082202911
TEST_06842,0.12282998859882355
TEST_06849,0.10718949139118195
TEST_06859,0.08645442128181458
TEST_06862,0.274042546749115
TEST_06864,0.1551988571882248
TEST_06869,0.2711067199707031
TEST_06876,0.3120768666267395
TEST_06885,0.03100731410086155
TEST_06902,0.1079389899969101
TEST_06903,0.14329712092876434
TEST_06904,0.08044891804456711
TEST_06907,0.12490710616111755
TEST_06911,0.003248327411711216
TEST_06924,0.0023724334314465523
TEST_06931,0.06277120113372803
TEST_06935,0.18924710154533386
TEST_06938,0.2083282470703125
TEST_06940,0.12511515617370605
TEST_06955,0.006420574616640806
TEST_06957,0.12711752951145172
TEST_06958,0.13480634987354279
TEST_06961,0.04739922285079956
TEST_06964,0.11409658193588257
TEST_06966,0.04583616927266121
TEST_06975,0.12969058752059937
TEST_06976,0.08062951266765594
TEST_06979,0.11976824700832367
TEST_06991,0.005628342740237713
TEST_06993,0.05763038992881775
TEST_07006,0.11755678057670593
TEST_07011,0.18540620803833008
TEST_07016,0.1310214251279831
TEST_07030,0.2151479423046112
TEST_07032,0.11805423349142075
TEST_07033,0.16807527840137482
TEST_07039,0.002040188992395997
TEST_07045,0.15018242597579956
TEST_07050,0.0024315654300153255
TEST_07056,0.12714648246765137
TEST_07068,0.0024110290687531233
TEST_07070,0.0026314384303987026
TEST_07074,0.07758890092372894
TEST_07075,0.08373335748910904
TEST_07078,0.060450565069913864
TEST_07080,0.3461954593658447
TEST_07081,0.22419491410255432
TEST_07082,0.11692321300506592
TEST_07086,0.18879811465740204
TEST_07092,0.08234526216983795
TEST_07095,0.0019113237503916025
TEST_07104,0.18782806396484375
TEST_07106,0.0828435868024826
TEST_07113,0.2010827362537384
TEST_07116,0.16256941854953766
TEST_07118,0.0033196525182574987
TEST_07129,0.10541582852602005
TEST_07133,0.18327714502811432
TEST_07134,0.10818002372980118
TEST_07137,0.2503283619880676
TEST_07144,0.1727186143398285
TEST_07145,0.11849063634872437
TEST_07151,0.3106718957424164
TEST_07154,0.15791185200214386
TEST_07164,0.2429107427597046
TEST_07170,0.1673644632101059
TEST_07177,0.004342166241258383
TEST_07179,0.11780326068401337
TEST_07183,0.31330981850624084
TEST_07202,0.1841709017753601
TEST_07213,0.09609783440828323
TEST_07215,0.10497057437896729
TEST_07217,0.1077234223484993
TEST_07220,0.1322610080242157
TEST_07236,0.14735662937164307
TEST_07242,0.1436813771724701
TEST_07247,0.05228455364704132
TEST_07251,0.0017403033562004566
TEST_07252,0.04782159626483917
TEST_07253,0.0047014812007546425
TEST_07258,0.23885953426361084
TEST_07265,0.002850501099601388
TEST_07266,0.17958827316761017
TEST_07268,0.007501446176320314
TEST_07269,0.04005805775523186
TEST_07272,0.048296935856342316
TEST_07273,0.12800826132297516
TEST_07295,0.20439967513084412
TEST_07302,0.2142358273267746
TEST_07304,0.14651326835155487
TEST_07306,0.08705071359872818
TEST_07315,0.002277522115036845
TEST_07318,0.12355811893939972
TEST_07330,0.13421127200126648
TEST_07331,0.28684157133102417
TEST_07334,0.0034221108071506023
TEST_07350,0.21513760089874268
TEST_07353,0.051478318870067596
TEST_07365,0.15717801451683044
TEST_07381,0.180088609457016
TEST_07384,0.14147943258285522
TEST_07385,0.21267513930797577
TEST_07391,0.1006326898932457
TEST_07393,0.0020304606296122074
TEST_07401,0.11573594063520432
TEST_07413,0.003910236991941929
TEST_07422,0.15282610058784485
TEST_07446,0.1976359635591507
TEST_07453,0.005748712923377752
TEST_07457,0.2763756811618805
TEST_07459,0.18985994160175323
TEST_07463,0.08073724061250687
TEST_07465,0.230444997549057
TEST_07470,0.18579323589801788
TEST_07472,0.044256895780563354
TEST_07477,0.04730023071169853
TEST_07484,0.27990803122520447
TEST_07486,0.09110501408576965
TEST_07490,0.08526460081338882
TEST_07498,0.050419263541698456
TEST_07502,0.1316365748643875
TEST_07505,0.006837824359536171
TEST_07507,0.14941051602363586
TEST_07519,0.04741642624139786
TEST_07524,0.00252411887049675
TEST_07525,0.14344005286693573
TEST_07526,0.15728774666786194
TEST_07529,0.12958300113677979
TEST_07534,0.09335794299840927
TEST_07547,0.04830298200249672
TEST_07557,0.12492747604846954
TEST_07558,0.197678804397583
TEST_07567,0.0828435868024826
TEST_07571,0.17359180748462677
TEST_07583,0.26652297377586365
TEST_07591,0.16521698236465454
TEST_07600,0.12207651138305664
TEST_07608,0.03746459260582924
TEST_07610,0.15996086597442627
TEST_07618,0.07532914727926254
TEST_07623,0.19254328310489655
TEST_07632,0.07603736221790314
TEST_07634,0.046218521893024445
TEST_07641,0.09842097759246826
TEST_07649,0.10852480679750443
TEST_07651,0.13958574831485748
TEST_07654,0.1662687063217163
TEST_07655,0.040737878531217575
TEST_07660,0.04533275216817856
TEST_07669,0.0988146960735321
TEST_07670,0.04577181115746498
TEST_07673,0.14650604128837585
TEST_07704,0.0031505280639976263
TEST_07705,0.04096410796046257
TEST_07710,0.1827089637517929
TEST_07714,0.2683788239955902
TEST_07716,0.10087047517299652
TEST_07725,0.2064930498600006
TEST_07729,0.1266440898180008
TEST_07732,0.1269722282886505
TEST_07740,0.13163599371910095
TEST_07741,0.04996887594461441
TEST_07749,0.0025994593743234873
TEST_07750,0.22534425556659698
TEST_07754,0.1684044897556305
TEST_07755,0.19393949210643768
TEST_07757,0.14744466543197632
TEST_07758,0.20433193445205688
TEST_07759,0.025519749149680138
TEST_07763,0.08723022043704987
TEST_07764,0.0023103770799934864
TEST_07769,0.14823448657989502
TEST_07770,0.005098524037748575
TEST_07772,0.17021557688713074
TEST_07776,0.0023285953793674707
TEST_07784,0.0026119649410247803
TEST_07789,0.19783589243888855
TEST_07800,0.17052051424980164
TEST_07801,0.0437142439186573
TEST_07828,0.09021744132041931
TEST_07841,0.047446537762880325
TEST_07844,0.12323787063360214
TEST_07845,0.18382757902145386
TEST_07851,0.061679691076278687
TEST_07861,0.42025381326675415
TEST_07862,0.04397442936897278
TEST_07867,0.19234949350357056
TEST_07869,0.241066575050354
TEST_07870,0.20296721160411835
TEST_07872,0.11889579147100449
TEST_07873,0.2118566334247589
TEST_07877,0.0836096704006195
TEST_07897,0.45381152629852295
TEST_07903,0.37957799434661865
TEST_07905,0.05746517702937126
TEST_07912,0.2296725958585739
TEST_07914,0.09300938248634338
TEST_07928,0.37747952342033386
TEST_07934,0.0028057126328349113
TEST_07935,0.20460568368434906
TEST_07940,0.13188445568084717
TEST_07944,0.05364606902003288
TEST_07945,0.0045751300640404224
TEST_07946,0.14218761026859283
TEST_07947,0.11687879264354706
TEST_07958,0.18548978865146637
TEST_07970,0.12189026176929474
TEST_07974,0.05444826930761337
TEST_07977,0.14811235666275024
TEST_07989,0.0504249706864357
TEST_08010,0.005691705271601677
TEST_08013,0.22239984571933746
TEST_08026,0.05294441059231758
TEST_08030,0.15881143510341644
TEST_08046,0.2377566397190094
TEST_08057,0.28908881545066833
TEST_08059,0.003921653609722853
TEST_08060,0.24638332426548004
TEST_08063,0.22250255942344666
TEST_08066,0.09132249653339386
TEST_08068,0.17614935338497162
TEST_08075,0.0030239629559218884
TEST_08077,0.21794959902763367
TEST_08080,0.192011296749115
TEST_08082,0.17927426099777222
TEST_08092,0.27060815691947937
TEST_08094,0.2086028903722763
TEST_08099,0.07794799655675888
TEST_08107,0.001797925098799169
TEST_08118,0.41983190178871155
TEST_08120,0.19268950819969177
TEST_08127,0.19309641420841217
TEST_08129,0.035892706364393234
TEST_08133,0.12739142775535583
TEST_08145,0.02267550677061081
TEST_08148,0.09646032750606537
TEST_08149,0.2285234034061432
TEST_08156,0.4007565975189209
TEST_08157,0.11811435222625732
TEST_08163,0.006136641837656498
TEST_08175,0.0032232371158897877
TEST_08177,0.14000216126441956
TEST_08180,0.13064557313919067
TEST_08182,0.025412973016500473
TEST_08192,0.1722080558538437
TEST_08199,0.04863807186484337
TEST_08218,0.12230823189020157
TEST_08221,0.170082688331604
TEST_08223,0.14956863224506378
TEST_08226,0.00536205992102623
TEST_08228,0.11072588711977005
TEST_08231,0.11374912410974503
TEST_08237,0.0880473256111145
TEST_08244,0.15645602345466614
TEST_08248,0.13627047836780548
TEST_08254,0.05129043757915497
TEST_08255,0.11509184539318085
TEST_08272,0.11336207389831543
TEST_08282,0.21913380920886993
TEST_08283,0.14497004449367523
TEST_08289,0.04647098109126091
TEST_08292,0.0029243326280266047
TEST_08293,0.12837068736553192
TEST_08297,0.07715416699647903
TEST_08298,0.0020291584078222513
TEST_08301,0.07627568393945694
TEST_08305,0.17291679978370667
TEST_08314,0.14889800548553467
TEST_08316,0.003315997775644064
TEST_08318,0.09663473069667816
TEST_08320,0.19366642832756042
TEST_08329,0.001854550908319652
TEST_08330,0.09438855201005936
TEST_08332,0.24255682528018951
TEST_08333,0.18733060359954834
TEST_08335,0.00266005820594728
TEST_08343,0.004197743721306324
TEST_08344,0.042935293167829514
TEST_08350,0.11222227662801743
TEST_08353,0.14506728947162628
TEST_08359,0.025656718760728836
TEST_08361,0.2358267605304718
TEST_08362,0.14949581027030945
TEST_08365,0.2267361581325531
TEST_08366,0.17213335633277893
TEST_08367,0.15135081112384796
TEST_08373,0.05119321122765541
TEST_08374,0.15181347727775574
TEST_08394,0.1485111117362976
TEST_08397,0.04844251275062561
TEST_08398,0.24097280204296112
TEST_08418,0.12767714262008667
TEST_08420,0.11299118399620056
TEST_08424,0.1297106146812439
TEST_08425,0.21956531703472137
TEST_08428,0.06252913177013397
TEST_08433,0.0029724077321588993
TEST_08439,0.16743060946464539
TEST_08441,0.16144691407680511
TEST_08444,0.0024693363811820745
TEST_08446,0.14156346023082733
TEST_08448,0.07848948240280151
TEST_08452,0.2085874378681183
TEST_08458,0.11613544821739197
TEST_08465,0.22582656145095825
TEST_08467,0.1892571747303009
TEST_08471,0.1417437493801117
TEST_08477,0.1153622567653656
TEST_08478,0.004964885301887989
TEST_08479,0.049118101596832275
TEST_08480,0.09935729205608368
TEST_08485,0.006540670990943909
TEST_08506,0.11004868149757385
TEST_08509,0.003340312046930194
TEST_08518,0.4519821107387543
TEST_08519,0.0023027188144624233
TEST_08522,0.1309347152709961
TEST_08524,0.14048244059085846
TEST_08528,0.05426798760890961
TEST_08537,0.15238690376281738
TEST_08538,0.11087843030691147
TEST_08539,0.3611564040184021
TEST_08551,0.13362015783786774
TEST_08553,0.005405967589467764
TEST_08554,0.1375749409198761
TEST_08555,0.0036392209585756063
TEST_08559,0.002784079173579812
TEST_08571,0.19227419793605804
TEST_08573,0.0027390331961214542
TEST_08574,0.17348548769950867
TEST_08575,0.17955733835697174
TEST_08590,0.11003275960683823
TEST_08591,0.13573570549488068
TEST_08593,0.1517856866121292
TEST_08601,0.10073424875736237
TEST_08614,0.16092298924922943
TEST_08626,0.14474546909332275
TEST_08629,0.07346964627504349
TEST_08630,0.1364990621805191
TEST_08635,0.1578519344329834
TEST_08643,0.1169215589761734
TEST_08645,0.18693242967128754
TEST_08654,0.19640542566776276
TEST_08657,0.07391513884067535
TEST_08664,0.24227790534496307
TEST_08665,0.03182227909564972
TEST_08682,0.12798184156417847
TEST_08690,0.16166378557682037
TEST_08698,0.20887497067451477
TEST_08700,0.1279992163181305
TEST_08706,0.1794256865978241
TEST_08710,0.3067069947719574
TEST_08714,0.12249505519866943
TEST_08720,0.004120056517422199
TEST_08726,0.11265328526496887
TEST_08730,0.12322403490543365
TEST_08740,0.05440719798207283
TEST_08750,0.058873895555734634
TEST_08752,0.07323756814002991
TEST_08760,0.22221234440803528
TEST_08776,0.11381547152996063
TEST_08777,0.1543246954679489
TEST_08778,0.008275124244391918
TEST_08780,0.08323425054550171
TEST_08790,0.16641542315483093
TEST_08793,0.11576569080352783
TEST_08794,0.36252495646476746
TEST_08803,0.07786975800991058
TEST_08808,0.15600807964801788
TEST_08817,0.0031966466922312975
TEST_08818,0.22837799787521362
TEST_08819,0.20577844977378845
TEST_08831,0.06878353655338287
TEST_08833,0.003972818609327078
TEST_08837,0.11717229336500168
TEST_08840,0.10158469527959824
TEST_08844,0.046993035823106766
TEST_08848,0.1804918646812439
TEST_08850,0.11043891310691833
TEST_08851,0.14338000118732452
TEST_08855,0.10755501687526703
TEST_08864,0.22028806805610657
TEST_08866,0.0697135403752327
TEST_08874,0.21134349703788757
TEST_08877,0.14895817637443542
TEST_08879,0.11407709866762161
TEST_08881,0.015431183390319347
TEST_08882,0.2455672323703766
TEST_08886,0.22321364283561707
TEST_08890,0.0496680773794651
TEST_08894,0.2860625386238098
TEST_08898,0.0019199203234165907
TEST_08909,0.25335875153541565
TEST_08913,0.12861013412475586
TEST_08928,0.1694348156452179
TEST_08935,0.003984041977673769
TEST_08946,0.006402543280273676
TEST_08948,0.11312641948461533
TEST_08950,0.14272978901863098
TEST_08957,0.14931009709835052
TEST_08961,0.10794886946678162
TEST_08971,0.13320450484752655
TEST_08983,0.07980610430240631
TEST_08986,0.04605327546596527
TEST_08990,0.2535359561443329
TEST_08993,0.09393859654664993
TEST_08995,0.24774686992168427
TEST_08996,0.1890212744474411
TEST_08998,0.07569626718759537
TEST_09001,0.0063057634979486465
TEST_09002,0.015648191794753075
TEST_09006,0.2029912769794464
TEST_09007,0.21220898628234863
TEST_09008,0.09043604880571365
TEST_09010,0.15469850599765778
TEST_09017,0.18304696679115295
TEST_09019,0.1190546527504921
TEST_09024,0.22469016909599304
TEST_09027,0.3494648337364197
TEST_09031,0.11149986833333969
TEST_09032,0.11247963458299637
TEST_09037,0.1174718514084816
TEST_09041,0.1303350329399109
TEST_09046,0.3055419921875
TEST_09057,0.36243537068367004
TEST_09058,0.1549690067768097
TEST_09059,0.05149335414171219
TEST_09063,0.08152079582214355
TEST_09064,0.13672930002212524
TEST_09066,0.004262445494532585
TEST_09068,0.05879802256822586
TEST_09073,0.19214561581611633
TEST_09075,0.0044821021147072315
TEST_09081,0.10772231221199036
TEST_09087,0.010567419230937958
TEST_09100,0.1921710968017578
TEST_09103,0.002930713351815939
TEST_09108,0.2622509300708771
TEST_09113,0.11132707446813583
TEST_09119,0.07522588223218918
TEST_09123,0.05957704037427902
TEST_09126,0.15347358584403992
TEST_09135,0.30336451530456543
TEST_09146,0.003128837328404188
TEST_09155,0.0029723290354013443
TEST_09156,0.0655779093503952
TEST_09157,0.15938083827495575
TEST_09159,0.2243991494178772
TEST_09166,0.002384777646511793
TEST_09168,0.42661958932876587
TEST_09169,0.1878616213798523
TEST_09182,0.13522858917713165
TEST_09190,0.20975187420845032
TEST_09199,0.14503569900989532
TEST_09200,0.20241430401802063
TEST_09204,0.1030847504734993
TEST_09207,0.12049655616283417
TEST_09208,0.07529088109731674
TEST_09212,0.18389660120010376
TEST_09213,0.21977025270462036
TEST_09224,0.21076735854148865
TEST_09237,0.21301089227199554
TEST_09239,0.14169734716415405
TEST_09247,0.10725118219852448
TEST_09250,0.11045970022678375
TEST_09253,0.05346877872943878
TEST_09255,0.23302605748176575
TEST_09265,0.1448661834001541
TEST_09267,0.05603786185383797
TEST_09268,0.0018966005882248282
TEST_09274,0.044531866908073425
TEST_09275,0.1724545955657959
TEST_09288,0.11839916557073593
TEST_09291,0.14528465270996094
TEST_09297,0.08213399350643158
TEST_09298,0.05186087638139725
TEST_09300,0.05525977164506912
TEST_09303,0.05801890417933464
TEST_09307,0.1637081354856491
TEST_09308,0.3398064076900482
TEST_09310,0.395343542098999
TEST_09315,0.14838850498199463
TEST_09318,0.16536065936088562
TEST_09321,0.05440208688378334
TEST_09323,0.0509648397564888
TEST_09327,0.165422722697258
TEST_09329,0.10087566077709198
TEST_09331,0.21075181663036346
TEST_09337,0.0017589207272976637
TEST_09338,0.2168630063533783
TEST_09341,0.11219704151153564
TEST_09350,0.12582018971443176
TEST_09352,0.04549536854028702
TEST_09355,0.04320339858531952
TEST_09362,0.11201640963554382
TEST_09382,0.198513001203537
TEST_09386,0.042878348380327225
TEST_09392,0.004819807596504688
TEST_09395,0.12470749020576477
TEST_09410,0.3150319457054138
TEST_09429,0.04514911770820618
TEST_09430,0.02815903350710869
TEST_09445,0.16724467277526855
TEST_09446,0.0021509970538318157
TEST_09454,0.17632639408111572
TEST_09458,0.1796109974384308
TEST_09461,0.10059377551078796
TEST_09462,0.3930768370628357
TEST_09464,0.18915721774101257
TEST_09465,0.18206381797790527
TEST_09475,0.16265645623207092
TEST_09476,0.13169574737548828
TEST_09482,0.047913819551467896
TEST_09484,0.24681538343429565
TEST_09510,0.19715946912765503
TEST_09511,0.12088979035615921
TEST_09515,0.07604383677244186
TEST_09516,0.2171177715063095
TEST_09519,0.19883503019809723
TEST_09520,0.127242311835289
TEST_09523,0.12529505789279938
TEST_09525,0.09952974319458008
TEST_09527,0.1758223921060562
TEST_09539,0.15877394378185272
TEST_09541,0.31732290983200073
TEST_09542,0.14304499328136444
TEST_09543,0.0981048122048378
TEST_09544,0.003115498460829258
TEST_09546,0.155892014503479
TEST_09554,0.05447175353765488
TEST_09563,0.006222897674888372
TEST_09577,0.22906099259853363
TEST_09579,0.007719685789197683
TEST_09584,0.05150162801146507
TEST_09585,0.0026852446608245373
TEST_09594,0.23525312542915344
TEST_09595,0.356697142124176
TEST_09596,0.10097207129001617
TEST_09604,0.22312454879283905
TEST_09610,0.05183766037225723
TEST_09617,0.225821852684021
TEST_09627,0.054469995200634
TEST_09633,0.08315256237983704
TEST_09637,0.03226475045084953
TEST_09638,0.15372948348522186
TEST_09641,0.2924317419528961
TEST_09648,0.12573647499084473
TEST_09649,0.08614697307348251
TEST_09652,0.10990668833255768
TEST_09655,0.0433197021484375
TEST_09658,0.23959219455718994
TEST_09661,0.16043518483638763
TEST_09662,0.0626697763800621
TEST_09663,0.04644843935966492
TEST_09664,0.20474670827388763
TEST_09683,0.003653100458905101
TEST_09697,0.1659344732761383
TEST_09698,0.1290343701839447
TEST_09699,0.2344142496585846
TEST_09705,0.00584077462553978
TEST_09709,0.08003459870815277
TEST_09729,0.18575771152973175
TEST_09743,0.019489090889692307
TEST_09750,0.1495485007762909
TEST_09754,0.0020841897930949926
TEST_09760,0.19503644108772278
TEST_09781,0.08231564611196518
TEST_09786,0.008746028877794743
TEST_09795,0.005269594490528107
TEST_09798,0.0046239010989665985
TEST_09800,0.21124206483364105
TEST_09802,0.11119215935468674
TEST_09804,0.18851320445537567
TEST_09805,0.12492788583040237
TEST_09807,0.1248045489192009
TEST_09813,0.1768336445093155
TEST_09815,0.07386090606451035
TEST_09819,0.10878432542085648
TEST_09834,0.20869426429271698
TEST_09839,0.10006600618362427
TEST_09853,0.0040594181045889854
TEST_09854,0.1695956289768219
TEST_09856,0.16663512587547302
TEST_09857,0.08236769586801529
TEST_09858,0.004910353105515242
TEST_09862,0.002577022882178426
TEST_09874,0.2000989466905594
TEST_09877,0.19768448173999786
TEST_09900,0.3181914687156677
TEST_09901,0.16264410316944122
TEST_09912,0.28414788842201233
TEST_09920,0.04124774783849716
TEST_09925,0.12185563892126083
TEST_09928,0.18716706335544586
TEST_09930,0.11120374500751495
TEST_09938,0.08717571198940277
TEST_09940,0.180974543094635
TEST_09948,0.0042082625441253185
TEST_09953,0.09027154743671417
TEST_09955,0.0031338108237832785
TEST_09957,0.0862874984741211
TEST_09964,0.10810400545597076
TEST_09966,0.05692606419324875
TEST_09976,0.18148314952850342
TEST_09987,0.1902458369731903
TEST_09993,0.08308791369199753
TEST_09997,0.19529259204864502
TEST_10002,0.00223109545186162
TEST_10008,0.11188345402479172
TEST_10010,0.003120924811810255
TEST_10014,0.33768314123153687
TEST_10016,0.002067227615043521
TEST_10017,0.13863177597522736
TEST_10026,0.0050172931514680386
TEST_10032,0.13433149456977844
TEST_10033,0.13671332597732544
TEST_10040,0.2810226380825043
TEST_10042,0.26263976097106934
TEST_10049,0.18747195601463318
TEST_10052,0.13863889873027802
TEST_10055,0.23547770082950592
TEST_10060,0.165874183177948
TEST_10062,0.13571849465370178
TEST_10070,0.11094074696302414
TEST_10074,0.13509991765022278
TEST_10077,0.002130914479494095
TEST_10086,0.2331438511610031
TEST_10107,0.3614747226238251
TEST_10109,0.08226675540208817
TEST_10110,0.3948672413825989
TEST_10124,0.11861482262611389
TEST_10126,0.16515791416168213
TEST_10127,0.26503968238830566
TEST_10129,0.2847718298435211
TEST_10139,0.002873294288292527
TEST_10140,0.15205612778663635
TEST_10143,0.23665186762809753
TEST_10165,0.33044981956481934
TEST_10168,0.002713634865358472
TEST_10179,0.37509867548942566
TEST_10184,0.09930147230625153
TEST_10186,0.24546965956687927
TEST_10190,0.34725114703178406
TEST_10196,0.2018534243106842
TEST_10197,0.2524210214614868
TEST_10205,0.2045961171388626
TEST_10207,0.04280898720026016
TEST_10210,0.19049294292926788
TEST_10227,0.005709394812583923
TEST_10228,0.004877967294305563
TEST_10249,0.11451109498739243
TEST_10264,0.11814470589160919
TEST_10269,0.02063785120844841
TEST_10275,0.1566184163093567
TEST_10276,0.0033233461435884237
TEST_10287,0.004998084623366594
TEST_10288,0.006160045508295298
TEST_10299,0.26729506254196167
TEST_10300,0.16182950139045715
TEST_10323,0.05366058275103569
TEST_10324,0.004324398469179869
TEST_10326,0.1158650666475296
TEST_10332,0.09988466650247574
TEST_10342,0.060945454984903336
TEST_10353,0.10809079557657242
TEST_10356,0.08016421645879745
TEST_10357,0.2438211292028427
TEST_10358,0.0804760530591011
TEST_10364,0.00299778301268816
TEST_10370,0.23461607098579407
TEST_10372,0.13795767724514008
TEST_10376,0.16085553169250488
TEST_10377,0.08867519348859787
TEST_10378,0.10568627715110779
TEST_10392,0.051268335431814194
TEST_10395,0.0028983664233237505
TEST_10399,0.1680394858121872
TEST_10403,0.24088461697101593
TEST_10409,0.1715037077665329
TEST_10425,0.12049030512571335
TEST_10434,0.13032253086566925
TEST_10440,0.021336868405342102
TEST_10441,0.0031314189545810223
TEST_10451,0.10678325593471527
TEST_10455,0.1279100626707077
TEST_10456,0.007195029873400927
TEST_10459,0.141571044921875
TEST_10464,0.00641994085162878
TEST_10477,0.14341624081134796
TEST_10480,0.22250129282474518
TEST_10485,0.04264706373214722
TEST_10486,0.18895241618156433
TEST_10494,0.002276281826198101
TEST_10498,0.15676593780517578
TEST_10499,0.00429963693022728
TEST_10501,0.11822248995304108
TEST_10503,0.0018395667430013418
TEST_10507,0.12319105863571167
TEST_10510,0.0037194034084677696
TEST_10511,0.42087581753730774
TEST_10518,0.006912936922162771
TEST_10523,0.21243633329868317
TEST_10525,0.2040448784828186
TEST_10537,0.0916237011551857
TEST_10542,0.19895929098129272
TEST_10545,0.2498941570520401
TEST_10549,0.07743411511182785
TEST_10558,0.13508090376853943
TEST_10559,0.16625581681728363
TEST_10560,0.15793049335479736
TEST_10568,0.006285164970904589
TEST_10571,0.12216144800186157
TEST_10575,0.15061122179031372
TEST_10582,0.14389735460281372
TEST_10584,0.0028034518472850323
TEST_10592,0.2353195995092392
TEST_10598,0.004983470309525728
TEST_10618,0.12344495207071304
TEST_10626,0.00269297044724226
TEST_10629,0.0561889111995697
TEST_10643,0.050235360860824585
TEST_10644,0.21966750919818878
TEST_10650,0.26267340779304504
TEST_10652,0.2117505669593811
TEST_10659,0.09212913364171982
TEST_10673,0.08053421229124069
TEST_10681,0.12468443810939789
TEST_10684,0.1614128053188324
TEST_10696,0.30024436116218567
TEST_10699,0.006702367216348648
TEST_10705,0.18208837509155273
TEST_10707,0.18908047676086426
TEST_10711,0.22711092233657837
TEST_10713,0.10452210903167725
TEST_10717,0.10580351948738098
TEST_10721,0.06768462061882019
TEST_10725,0.14879287779331207
TEST_10732,0.0041628871113061905
TEST_10735,0.048786044120788574
TEST_10743,0.1222028136253357
TEST_10744,0.08276709169149399
TEST_10746,0.07462163269519806
TEST_10757,0.10419311374425888
TEST_10758,0.31258463859558105
TEST_10759,0.003665441181510687
TEST_10762,0.20276369154453278
TEST_10764,0.12221628427505493
TEST_10778,0.1366092711687088
TEST_10786,0.031095977872610092
TEST_10787,0.17915910482406616
TEST_10792,0.0044086226262152195
TEST_10796,0.20630031824111938
TEST_10810,0.12282592803239822
TEST_10813,0.07925592362880707
TEST_10814,0.15295717120170593
TEST_10818,0.3969663977622986
TEST_10823,0.13157117366790771
TEST_10825,0.14016491174697876
TEST_10829,0.1519174873828888
TEST_10831,0.1401268094778061
TEST_10835,0.1108512133359909
TEST_10839,0.16078326106071472
TEST_10842,0.06938998401165009
TEST_10845,0.11451518535614014
TEST_10846,0.16253334283828735
TEST_10850,0.09749084711074829
TEST_10851,0.17100271582603455
TEST_10853,0.19089984893798828
TEST_10854,0.030344858765602112
TEST_10859,0.1577225625514984
TEST_10864,0.002827525371685624
TEST_10866,0.21746543049812317
TEST_10870,0.05044694244861603
TEST_10874,0.11194208264350891
TEST_10876,0.08394796401262283
TEST_10882,0.06965075433254242
TEST_10888,0.2291676104068756
TEST_10896,0.05321720987558365
TEST_10902,0.19857560098171234
TEST_10907,0.0839618444442749
TEST_10929,0.1792016625404358
TEST_10931,0.08529023081064224
TEST_10935,0.1892179697751999
TEST_10941,0.24058355391025543
TEST_10946,0.036180898547172546
TEST_10956,0.0023842742666602135
TEST_10957,0.23912835121154785
TEST_10959,0.14231428503990173
TEST_10962,0.17893490195274353
TEST_10963,0.07841027528047562
TEST_10966,0.14502684772014618
TEST_10967,0.1967703104019165
TEST_10976,0.32089582085609436
TEST_10980,0.04456709325313568
TEST_10981,0.15334142744541168
TEST_10983,0.2123223841190338
TEST_10984,0.1563751995563507
TEST_10985,0.1759195476770401
TEST_10988,0.4137214422225952
TEST_10994,0.2325388640165329
TEST_10997,0.2007395625114441
TEST_11008,0.09914228320121765
TEST_11012,0.0057327332906425
TEST_11022,0.08668611943721771
TEST_11024,0.20772774517536163
TEST_11035,0.0017613822128623724
TEST_11052,0.13897113502025604
TEST_11056,0.14505265653133392
TEST_11064,0.0723230391740799
TEST_11065,0.18709926307201385
TEST_11069,0.0023968371096998453
TEST_11070,0.046670038253068924
TEST_11080,0.07337076961994171
TEST_11081,0.11247708648443222
TEST_11085,0.10715064406394958
TEST_11089,0.36663496494293213
TEST_11091,0.04694897681474686
TEST_11100,0.0028147324919700623
TEST_11103,0.21126410365104675
TEST_11105,0.12714672088623047
TEST_11108,0.033583007752895355
TEST_11110,0.0840606689453125
TEST_11112,0.2141939401626587
TEST_11117,0.0508277453482151
TEST_11119,0.005988860037177801
TEST_11123,0.14350934326648712
TEST_11126,0.26488175988197327
TEST_11130,0.13201236724853516
TEST_11142,0.18794044852256775
TEST_11153,0.11302071064710617
TEST_11158,0.002913563745096326
TEST_11159,0.1950720250606537
TEST_11164,0.03135257959365845
TEST_11188,0.050263114273548126
TEST_11191,0.18540316820144653
TEST_11196,0.0829748883843422
TEST_11197,0.09121595323085785
TEST_11200,0.056636035442352295
TEST_11207,0.2066028118133545
TEST_11209,0.12160658091306686
TEST_11214,0.06201377511024475
TEST_11218,0.14580053091049194
TEST_11233,0.10312752425670624
TEST_11245,0.0016671076882630587
TEST_11265,0.11508933454751968
TEST_11267,0.05781871825456619
TEST_11268,0.19334624707698822
TEST_11277,0.06292462348937988
TEST_11290,0.19218166172504425
TEST_11295,0.08382700383663177
TEST_11299,0.1691560596227646
TEST_11304,0.0275020319968462
TEST_11315,0.004185980185866356
TEST_11321,0.04255744814872742
TEST_11327,0.19886021316051483
TEST_11329,0.1390571892261505
TEST_11332,0.15969215333461761
TEST_11351,0.23041611909866333
TEST_11364,0.22876796126365662
TEST_11366,0.14532330632209778
TEST_11368,0.1979769617319107
TEST_11370,0.16922444105148315
TEST_11372,0.0034689116291701794
TEST_11376,0.1516413390636444
TEST_11401,0.05029664561152458
TEST_11404,0.35873091220855713
TEST_11410,0.03334458917379379
TEST_11412,0.40745115280151367
TEST_11413,0.0867687240242958
TEST_11414,0.20506492257118225
TEST_11415,0.07894157618284225
TEST_11425,0.276866614818573
TEST_11427,0.1090230643749237
TEST_11438,0.1768011599779129
TEST_11450,0.10743775218725204
TEST_11453,0.06330357491970062
TEST_11462,0.00244829966686666
TEST_11465,0.008256429806351662
TEST_11470,0.06352566182613373
TEST_11474,0.37214818596839905
TEST_11481,0.14353658258914948
TEST_11485,0.046781979501247406
TEST_11488,0.05213528871536255
TEST_11490,0.15604586899280548
TEST_11492,0.08182641118764877
TEST_11496,0.1705833524465561
TEST_11499,0.2561950385570526
TEST_11511,0.0834362655878067
TEST_11513,0.18150876462459564
TEST_11526,0.2190288007259369
TEST_11527,0.1493789702653885
TEST_11528,0.004024660214781761
TEST_11532,0.18839848041534424
TEST_11534,0.2840600907802582
TEST_11535,0.2076185643672943
TEST_11542,0.04855280742049217
TEST_11545,0.18807679414749146
TEST_11554,0.2501232624053955
TEST_11559,0.1249261125922203
TEST_11562,0.05065743625164032
TEST_11567,0.25761815905570984
TEST_11581,0.13336065411567688
TEST_11585,0.1557549685239792
TEST_11590,0.0042466893792152405
TEST_11595,0.15367503464221954
TEST_11598,0.00431833416223526
TEST_11599,0.23506011068820953
TEST_11601,0.07057052105665207
TEST_11612,0.24394190311431885
TEST_11614,0.05374014377593994
TEST_11616,0.20740294456481934
TEST_11625,0.1871730238199234
TEST_11634,0.16275358200073242
TEST_11637,0.12435761839151382
TEST_11638,0.08249391615390778
TEST_11677,0.13765636086463928
TEST_11683,0.11999582499265671
TEST_11696,0.10941468179225922
TEST_11697,0.09848394989967346
TEST_11699,0.12977512180805206
TEST_11704,0.0029183479491621256
TEST_11725,0.1365191787481308
TEST_11729,0.09051992744207382
TEST_11736,0.0042038424871861935
TEST_11740,0.13987207412719727
TEST_11744,0.06837339699268341
TEST_11746,0.17313523590564728
TEST_11747,0.18991728127002716
TEST_11752,0.0032417934853583574
TEST_11762,0.0020140730775892735
TEST_11771,0.00688893860206008
TEST_11776,0.10926257818937302
TEST_11779,0.07303648442029953
TEST_11784,0.11149297654628754
TEST_11786,0.10319869220256805
TEST_11787,0.11432498693466187
TEST_11793,0.0041826628148555756
TEST_11794,0.08024321496486664
TEST_11795,0.054430410265922546
TEST_11803,0.18735668063163757
TEST_11805,0.13938108086585999
TEST_11807,0.18377381563186646
TEST_11808,0.0031011912506073713
TEST_11809,0.10389132052659988
TEST_11814,0.1292145997285843
TEST_11834,0.11491550505161285
TEST_11840,0.11323592066764832
TEST_11850,0.10810690373182297
TEST_11851,0.2249593883752823
TEST_11854,0.10618588328361511
TEST_11860,0.09680446982383728
TEST_11869,0.3983253240585327
TEST_11874,0.13476243615150452
TEST_11877,0.1119762510061264
TEST_11879,0.012343565933406353
TEST_11889,0.09942019730806351
TEST_11894,0.15963691473007202
TEST_11902,0.13304457068443298
TEST_11910,0.04951941967010498
TEST_11920,0.002328008646145463
TEST_11922,0.19649092853069305
TEST_11929,0.13873912394046783
TEST_11930,0.08246119320392609
TEST_11943,0.2287018597126007
TEST_11944,0.04859190434217453
TEST_11948,0.3152783513069153
TEST_11951,0.11678211390972137
TEST_11953,0.1979188472032547
TEST_11959,0.004539456684142351
TEST_11970,0.14167797565460205
TEST_11972,0.29312607645988464
TEST_11976,0.08268648386001587
TEST_11981,0.2204941213130951
TEST_11983,0.26545286178588867
TEST_11987,0.11072282493114471
TEST_11988,0.33938586711883545
TEST_11990,0.0019703416619449854
TEST_11993,0.037535957992076874
TEST_12010,0.1246255487203598
TEST_12015,0.07207468897104263
TEST_12024,0.11915240436792374
TEST_12029,0.006978189572691917
TEST_12042,0.211594820022583
TEST_12045,0.14482761919498444
TEST_12052,0.22147300839424133
TEST_12071,0.0025489998515695333
TEST_12082,0.003433695062994957
TEST_12083,0.17184630036354065
TEST_12086,0.04376305267214775
TEST_12099,0.0824974924325943
TEST_12105,0.17515240609645844
TEST_12106,0.002814194420352578
TEST_12107,0.18808752298355103
TEST_12109,0.1863781064748764
TEST_12112,0.007117133587598801
TEST_12116,0.002206310862675309
TEST_12118,0.136973038315773
TEST_12121,0.18177741765975952
TEST_12124,0.00787942111492157
TEST_12126,0.051844023168087006
TEST_12127,0.0569281242787838
TEST_12132,0.06246405839920044
TEST_12136,0.20368167757987976
TEST_12147,0.3603557348251343
TEST_12148,0.15103097259998322
TEST_12151,0.003157885279506445
TEST_12155,0.17438985407352448
TEST_12166,0.2662537693977356
TEST_12167,0.218926340341568
TEST_12175,0.002924949163571
TEST_12176,0.10901080816984177
TEST_12177,0.00262141739949584
TEST_12197,0.22582803666591644
TEST_12198,0.09172745048999786
TEST_12207,0.19585518538951874
TEST_12214,0.19903601706027985
TEST_12218,0.0033421122934669256
TEST_12223,0.13479751348495483
TEST_12224,0.056262560188770294
TEST_12226,0.05171152949333191
TEST_12228,0.3283036947250366
TEST_12230,0.001750793308019638
TEST_12238,0.09167557209730148
TEST_12246,0.24893340468406677
TEST_12256,0.015843816101551056
TEST_12257,0.0027647409588098526
TEST_12270,0.05140114948153496
TEST_12277,0.207252636551857
TEST_12285,0.10154815018177032
TEST_12290,0.12149298936128616
TEST_12294,0.34337541460990906
TEST_12300,0.09607365727424622
TEST_12304,0.026838921010494232
TEST_12306,0.05052107572555542
TEST_12309,0.09593293070793152
TEST_12311,0.14284341037273407
TEST_12313,0.18575453758239746
TEST_12351,0.20197495818138123
TEST_12352,0.1379522681236267
TEST_12358,0.1468876153230667
TEST_12364,0.1588888317346573
TEST_12374,0.10146092623472214
TEST_12376,0.1150118038058281
TEST_12380,0.22753523290157318
TEST_12381,0.14764618873596191
TEST_12387,0.08623899519443512
TEST_12389,0.13593895733356476
TEST_12405,0.003151681274175644
TEST_12406,0.19760781526565552
TEST_12410,0.07502881437540054
TEST_12431,0.05102315545082092
TEST_12436,0.007442656904459
TEST_12441,0.22779712080955505
TEST_12454,0.0026167852338403463
TEST_12463,0.10338304936885834
TEST_12472,0.16919668018817902
TEST_12474,0.0030152727849781513
TEST_12475,0.23213104903697968
TEST_12476,0.13593895733356476
TEST_12503,0.002282284665852785
TEST_12513,0.1417284905910492
TEST_12518,0.20640458166599274
TEST_12520,0.11667484790086746
TEST_12522,0.05208388715982437
TEST_12523,0.054777953773736954
TEST_12526,0.26180756092071533
TEST_12533,0.003061501309275627
TEST_12535,0.10610032826662064
TEST_12551,0.2869146764278412
TEST_12555,0.0742911696434021
TEST_12556,0.3170848488807678
TEST_12566,0.09688874334096909
TEST_12573,0.19544634222984314
TEST_12594,0.1277475357055664
TEST_12596,0.08259843289852142
TEST_12600,0.002275189384818077
TEST_12606,0.00798318162560463
TEST_12609,0.0025633079931139946
TEST_12610,0.07647949457168579
TEST_12612,0.004709161818027496
TEST_12614,0.05328564718365669
TEST_12616,0.4109928011894226
TEST_12618,0.003083102172240615
TEST_12626,0.2511458992958069
TEST_12628,0.04382346197962761
TEST_12634,0.10320959985256195
TEST_12635,0.08058317005634308
TEST_12640,0.00482892943546176
TEST_12647,0.002924599451944232
TEST_12651,0.3404294550418854
TEST_12652,0.0025542411021888256
TEST_12653,0.09604892134666443
TEST_12656,0.17884689569473267
TEST_12657,0.047011375427246094
TEST_12658,0.31232985854148865
TEST_12661,0.0030658829491585493
TEST_12662,0.16374337673187256
TEST_12677,0.07959683984518051
TEST_12681,0.15309101343154907
TEST_12682,0.12402349710464478
TEST_12689,0.05650801956653595
TEST_12690,0.012326674535870552
TEST_12691,0.16483432054519653
TEST_12701,0.003425359958782792
TEST_12706,0.13575103878974915
TEST_12708,0.013949668034911156
TEST_12715,0.16377602517604828
TEST_12723,0.10903950035572052
TEST_12725,0.1380072385072708
TEST_12736,0.1015990674495697
TEST_12739,0.023939169943332672
TEST_12741,0.0025886627845466137
TEST_12742,0.12888330221176147
TEST_12752,0.002679133089259267
TEST_12753,0.2957722842693329
TEST_12755,0.1181502640247345
TEST_12764,0.02779432386159897
TEST_12765,0.127007395029068
TEST_12767,0.0773526132106781
TEST_12773,0.19180744886398315
TEST_12774,0.0019177495269104838
TEST_12775,0.17666064202785492
TEST_12777,0.18008655309677124
TEST_12781,0.1556495577096939
TEST_12783,0.0025036584120243788
TEST_12785,0.24466802179813385
TEST_12792,0.09650637209415436
TEST_12795,0.10637673735618591
TEST_12797,0.15255199372768402
TEST_12799,0.10062560439109802
TEST_12801,0.18067891895771027
TEST_12807,0.18893226981163025
TEST_12810,0.0034612638410180807
TEST_12814,0.2555449604988098
TEST_12818,0.057027991861104965
TEST_12822,0.17438822984695435
TEST_12824,0.002645102795213461
TEST_12826,0.14798323810100555
TEST_12829,0.12540727853775024
TEST_12833,0.05991438031196594
TEST_12836,0.22070914506912231
TEST_12844,0.0842251181602478
TEST_12848,0.1557208001613617
TEST_12856,0.20116373896598816
TEST_12862,0.12037435919046402
TEST_12864,0.20571622252464294
TEST_12865,0.0022065790835767984
TEST_12872,0.04451030120253563
TEST_12873,0.1830330491065979
TEST_12874,0.004177828319370747
TEST_12882,0.15547676384449005
TEST_12887,0.16977939009666443
TEST_12895,0.18156397342681885
TEST_12908,0.0018164156936109066
TEST_12919,0.04907752573490143
TEST_12924,0.04611382260918617
TEST_12928,0.14034496247768402
TEST_12930,0.12266115099191666
TEST_12931,0.1810036450624466
TEST_12939,0.08616624772548676
TEST_12949,0.04600922763347626
TEST_12956,0.2603690028190613
TEST_12965,0.12554511427879333
TEST_12978,0.1307709515094757
TEST_12990,0.0023493897169828415
TEST_12997,0.3762519359588623
TEST_13002,0.4280521273612976
TEST_13004,0.10552335530519485
TEST_13006,0.12175893783569336
TEST_13009,0.002841911045834422
TEST_13013,0.107872374355793
TEST_13025,0.1623067855834961
TEST_13034,0.19932827353477478
TEST_13041,0.20726807415485382
TEST_13044,0.1465846300125122
TEST_13051,0.2522624731063843
TEST_13052,0.35069769620895386
TEST_13059,0.16308021545410156
TEST_13064,0.14572130143642426
TEST_13065,0.130764901638031
TEST_13066,0.25387635827064514
TEST_13072,0.0557095929980278
TEST_13084,0.03070303052663803
TEST_13088,0.19982025027275085
TEST_13092,0.30283352732658386
TEST_13095,0.16545942425727844
TEST_13096,0.2294841706752777
TEST_13102,0.004905292764306068
TEST_13108,0.13092191517353058
TEST_13115,0.21804969012737274
TEST_13130,0.07759281992912292
TEST_13144,0.13686774671077728
TEST_13146,0.0044211032800376415
TEST_13154,0.061327770352363586
TEST_13172,0.1372106820344925
TEST_13184,0.35308170318603516
TEST_13185,0.12674203515052795
TEST_13187,0.0022845896892249584
TEST_13190,0.17951497435569763
TEST_13193,0.13238990306854248
TEST_13194,0.2259313464164734
TEST_13195,0.12671798467636108
TEST_13200,0.0746067687869072
TEST_13204,0.11031418293714523
TEST_13205,0.003020311938598752
TEST_13207,0.12633925676345825
TEST_13208,0.183508962392807
TEST_13215,0.07106582075357437
TEST_13218,0.10469024628400803
TEST_13230,0.20537710189819336
TEST_13232,0.2411021739244461
TEST_13236,0.07901144027709961
TEST_13237,0.12331993877887726
TEST_13246,0.04906236380338669
TEST_13250,0.09565459191799164
TEST_13253,0.004182399716228247
TEST_13260,0.007203931454569101
TEST_13267,0.008462244644761086
TEST_13270,0.17569218575954437
TEST_13279,0.0991140604019165
TEST_13280,0.09862425923347473
TEST_13281,0.16269288957118988
TEST_13284,0.0020766316447407007
TEST_13290,0.21657028794288635
TEST_13301,0.16338399052619934
TEST_13308,0.2164705991744995
TEST_13314,0.17207567393779755
TEST_13316,0.14012615382671356
TEST_13349,0.1098867654800415
TEST_13351,0.005368451122194529
TEST_13356,0.1467074304819107
TEST_13362,0.15117144584655762
TEST_13374,0.08476626127958298
TEST_13379,0.0023715337738394737
TEST_13382,0.16671733558177948
TEST_13391,0.11777413636445999
TEST_13395,0.2347511649131775
TEST_13400,0.14894402027130127
TEST_13417,0.10343955457210541
TEST_13425,0.1160411536693573
TEST_13428,0.12955497205257416
TEST_13432,0.053523797541856766
TEST_13437,0.04990173876285553
TEST_13438,0.004025787115097046
TEST_13445,0.13333207368850708
TEST_13449,0.21065321564674377
TEST_13457,0.0596550777554512
TEST_13462,0.008907612413167953
TEST_13468,0.2372976392507553
TEST_13471,0.004307938273996115
TEST_13476,0.09451969712972641
TEST_13479,0.07401356101036072
TEST_13480,0.0977996364235878
TEST_13483,0.14968056976795197
TEST_13493,0.07673453539609909
TEST_13498,0.3413240313529968
TEST_13506,0.10487726330757141
TEST_13515,0.006755904294550419
TEST_13517,0.08153744041919708
TEST_13519,0.0970975011587143
TEST_13521,0.07668686658143997
TEST_13524,0.07026572525501251
TEST_13526,0.002680199220776558
TEST_13527,0.1561829149723053
TEST_13529,0.08890146017074585
TEST_13535,0.11419440060853958
TEST_13539,0.2921135425567627
TEST_13545,0.1387636512517929
TEST_13551,0.00242959288880229
TEST_13563,0.06056781858205795
TEST_13566,0.002228152472525835
TEST_13567,0.14266014099121094
TEST_13570,0.09059712290763855
TEST_13571,0.0696880966424942
TEST_13574,0.006459033582359552
TEST_13582,0.0590042769908905
TEST_13584,0.06478046625852585
TEST_13588,0.006603938061743975
TEST_13590,0.0042090509086847305
TEST_13594,0.005190548952668905
TEST_13598,0.037476155906915665
TEST_13600,0.007268818560987711
TEST_13604,0.0812944769859314
TEST_13606,0.09985928982496262
TEST_13609,0.0042441124096512794
TEST_13615,0.005442138761281967
TEST_13617,0.0027467149775475264
TEST_13623,0.18192124366760254
TEST_13624,0.11046421527862549
TEST_13631,0.09674964845180511
TEST_13641,0.05927141755819321
TEST_13646,0.10684765130281448
TEST_13648,0.19156473875045776
TEST_13656,0.08081535995006561
TEST_13658,0.036469899117946625
TEST_13663,0.11892085522413254
TEST_13665,0.1396159529685974
TEST_13671,0.0457279309630394
TEST_13672,0.004976987838745117
TEST_13675,0.12453483790159225
TEST_13683,0.11305736750364304
TEST_13687,0.11574713885784149
TEST_13689,0.16226528584957123
TEST_13698,0.19587494432926178
TEST_13703,0.08756104856729507
TEST_13707,0.15938417613506317
TEST_13708,0.07859143614768982
TEST_13710,0.12821681797504425
TEST_13714,0.12699726223945618
TEST_13719,0.04930160939693451
TEST_13723,0.18226394057273865
TEST_13724,0.12182552367448807
TEST_13730,0.0850338265299797
TEST_13731,0.003239856567233801
TEST_13736,0.05098043754696846
TEST_13739,0.07777096331119537
TEST_13741,0.15393401682376862
TEST_13743,0.186096653342247
TEST_13756,0.10653721541166306
TEST_13766,0.0037819789722561836
TEST_13768,0.0027907227631658316
TEST_13790,0.2686965763568878
TEST_13793,0.14541834592819214
TEST_13794,0.006891509052366018
TEST_13797,0.15880107879638672
TEST_13801,0.053636543452739716
TEST_13810,0.18301811814308167
TEST_13811,0.053950823843479156
TEST_13813,0.17932826280593872
TEST_13814,0.0741354376077652
TEST_13819,0.12939180433750153
TEST_13822,0.07514730840921402
TEST_13827,0.14916391670703888
TEST_13844,0.2091899961233139
TEST_13848,0.17494425177574158
TEST_13851,0.16572490334510803
TEST_13870,0.007722815498709679
TEST_13877,0.002072730800136924
TEST_13879,0.13036280870437622
TEST_13887,0.00213409261777997
TEST_13890,0.0034986059181392193
TEST_13896,0.15478217601776123
TEST_13897,0.00437985360622406
TEST_13903,0.09636519104242325
TEST_13907,0.3700137138366699
TEST_13912,0.15876823663711548
TEST_13917,0.002657785778865218
TEST_13923,0.0703272670507431
TEST_13927,0.062443628907203674
TEST_13928,0.1004350483417511
TEST_13935,0.10971064865589142
TEST_13940,0.0804944559931755
TEST_13945,0.16614127159118652
TEST_13947,0.007732662837952375
TEST_13951,0.09340471029281616
TEST_13971,0.00895914901047945
TEST_13975,0.14498025178909302
TEST_13981,0.12218371033668518
TEST_13988,0.1651679426431656
TEST_13990,0.011617050506174564
TEST_13993,0.2122301608324051
TEST_13999,0.22565966844558716
TEST_14007,0.09038925915956497
TEST_14010,0.0029129371978342533
TEST_14011,0.2094578742980957
TEST_14016,0.04999087378382683
TEST_14024,0.006135368254035711
TEST_14030,0.10544927418231964
TEST_14031,0.1776573657989502
TEST_14034,0.016415294259786606
TEST_14042,0.05451524630188942
TEST_14043,0.10655665397644043
TEST_14067,0.1429644674062729
TEST_14069,0.0895518884062767
TEST_14070,0.08212301880121231
TEST_14073,0.19735246896743774
TEST_14076,0.0031471778638660908
TEST_14078,0.0027102341409772635
TEST_14084,0.002811109647154808
TEST_14087,0.21051883697509766
TEST_14091,0.21346285939216614
TEST_14092,0.17945162951946259
TEST_14095,0.0026893801987171173
TEST_14101,0.19508600234985352
TEST_14104,0.002920460654422641
TEST_14106,0.07608286291360855
TEST_14107,0.17455033957958221
TEST_14113,0.3071274757385254
TEST_14119,0.002955744741484523
TEST_14132,0.0440693125128746
TEST_14137,0.1793333739042282
TEST_14143,0.11583960801362991
TEST_14148,0.19618035852909088
TEST_14159,0.14667141437530518
TEST_14160,0.16298548877239227
TEST_14172,0.1134471669793129
TEST_14178,0.004275572020560503
TEST_14189,0.08115087449550629
TEST_14190,0.11346125602722168
TEST_14210,0.18773454427719116
TEST_14213,0.13103950023651123
TEST_14214,0.12120901793241501
TEST_14220,0.09302012622356415
TEST_14223,0.14121116697788239
TEST_14226,0.11665789037942886
TEST_14227,0.17921102046966553
TEST_14228,0.06965915858745575
TEST_14238,0.07391801476478577
TEST_14243,0.18318362534046173
TEST_14244,0.11958552151918411
TEST_14249,0.16259470582008362
TEST_14256,0.12482176721096039
TEST_14293,0.08195247501134872
TEST_14294,0.18193364143371582
TEST_14297,0.16778767108917236
TEST_14301,0.19011765718460083
TEST_14306,0.002104898914694786
TEST_14308,0.18681341409683228
TEST_14312,0.39810168743133545
TEST_14316,0.10582605749368668
TEST_14320,0.0019383998587727547
TEST_14321,0.10353180766105652
TEST_14338,0.13742536306381226
TEST_14339,0.12693601846694946
TEST_14343,0.09147563576698303
TEST_14353,0.08372638374567032
TEST_14354,0.1425759643316269
TEST_14358,0.07902538031339645
TEST_14360,0.1377824991941452
TEST_14361,0.15359438955783844
TEST_14367,0.0019125433173030615
TEST_14385,0.10462091118097305
TEST_14395,0.14429853856563568
TEST_14401,0.30197104811668396
TEST_14404,0.10026794672012329
TEST_14406,0.004572953563183546
TEST_14411,0.15396729111671448
TEST_14436,0.1177113875746727
TEST_14443,0.24079814553260803
TEST_14450,0.1496880054473877
TEST_14460,0.14991538226604462
TEST_14474,0.17597144842147827
TEST_14477,0.04964108020067215
TEST_14478,0.2127217799425125
TEST_14481,0.1210264042019844
TEST_14489,0.12645767629146576
TEST_14497,0.11525749415159225
TEST_14506,0.14354902505874634
TEST_14524,0.0018970011733472347
TEST_14526,0.07273349165916443
TEST_14528,0.09704168140888214
TEST_14532,0.08813545852899551
TEST_14542,0.02451121062040329
TEST_14551,0.12153973430395126
TEST_14554,0.11342810094356537
TEST_14565,0.1648048460483551
TEST_14576,0.14676149189472198
TEST_14579,0.0611591599881649
TEST_14585,0.11003055423498154
TEST_14610,0.01104226429015398
TEST_14614,0.029971469193696976
TEST_14616,0.0987963080406189
TEST_14637,0.2761342525482178
TEST_14651,0.08601976186037064
TEST_14653,0.2978047728538513
TEST_14658,0.30114173889160156
TEST_14663,0.08557931333780289
TEST_14665,0.0032112591434270144
TEST_14670,0.10740910470485687
TEST_14673,0.07282048463821411
TEST_14675,0.0500887930393219
TEST_14683,0.13645754754543304
TEST_14685,0.005281017627567053
TEST_14693,0.046750281006097794
TEST_14699,0.16731135547161102
TEST_14702,0.07868686318397522
TEST_14705,0.14694271981716156
TEST_14720,0.0024796128273010254
TEST_14727,0.1118503287434578
TEST_14738,0.15423110127449036
TEST_14740,0.45161792635917664
TEST_14741,0.10909593850374222
TEST_14742,0.007927121594548225
TEST_14744,0.09953802078962326
TEST_14746,0.08780337870121002
TEST_14748,0.0029069676529616117
TEST_14756,0.0027431442867964506
TEST_14758,0.19130903482437134
TEST_14766,0.0708317905664444
TEST_14770,0.0260004960000515
TEST_14772,0.13434328138828278
TEST_14775,0.127574622631073
TEST_14781,0.2133910357952118
TEST_14787,0.035892706364393234
TEST_14788,0.20057067275047302
TEST_14791,0.1848023533821106
TEST_14797,0.0043427227064967155
TEST_14799,0.1352056860923767
TEST_14803,0.06272144615650177
TEST_14812,0.002764513250440359
TEST_14817,0.1009388417005539
TEST_14819,0.04684767127037048
TEST_14820,0.20157334208488464
TEST_14823,0.11588270962238312
TEST_14824,0.29213109612464905
TEST_14831,0.032474663108587265
TEST_14834,0.10146019607782364
TEST_14835,0.004390202462673187
TEST_14841,0.045962993055582047
TEST_14851,0.0977834165096283
TEST_14853,0.003008391708135605
TEST_14854,0.14161916077136993
TEST_14863,0.2644900977611542
TEST_14873,0.2771679759025574
TEST_14887,0.12353696674108505
TEST_14888,0.07858934998512268
TEST_14907,0.00261083641089499
TEST_14914,0.2924993336200714
TEST_14916,0.002531117759644985
TEST_14917,0.058100175112485886
TEST_14922,0.2006831169128418
TEST_14925,0.08836964517831802
TEST_14931,0.06793677806854248
TEST_14933,0.15097932517528534
TEST_14934,0.12571671605110168
TEST_14937,0.15358084440231323
TEST_14938,0.002896492136642337
TEST_14939,0.283930242061615
TEST_14941,0.002687616739422083
TEST_14950,0.0026955115608870983
TEST_14957,0.05176248773932457
TEST_14960,0.28753966093063354
TEST_14963,0.07821078598499298
TEST_14964,0.20793163776397705
TEST_14968,0.11026986688375473
TEST_14973,0.0034863795153796673
TEST_14975,0.12159398943185806
TEST_14979,0.00255820294842124
TEST_14982,0.06088191643357277
TEST_14984,0.09935709834098816
TEST_14986,0.0856296718120575
TEST_14988,0.09580434113740921
TEST_14989,0.11270131915807724
TEST_14990,0.08026707172393799
TEST_14993,0.1865950971841812
TEST_14995,0.02147655189037323
TEST_15009,0.0020878936629742384
TEST_15011,0.050433795899152756
TEST_15013,0.0019068142864853144
TEST_15016,0.0952131599187851
TEST_15020,0.049032531678676605
TEST_15038,0.1069970428943634
TEST_15040,0.13547874987125397
TEST_15047,0.21566632390022278
TEST_15055,0.11145436763763428
TEST_15056,0.1399974524974823
TEST_15058,0.002693791640922427
TEST_15065,0.17317724227905273
TEST_15066,0.002947412431240082
TEST_15068,0.0023123000282794237
TEST_15072,0.0063354866579174995
TEST_15073,0.1287909746170044
TEST_15079,0.13941343128681183
TEST_15081,0.18372705578804016
TEST_15082,0.1792897880077362
TEST_15095,0.18522337079048157
TEST_15097,0.21725808084011078
TEST_15101,0.002996769268065691
TEST_15103,0.11135400831699371
TEST_15104,0.13035523891448975
TEST_15106,0.0057596480473876
TEST_15114,0.21820266544818878
TEST_15117,0.36811089515686035
TEST_15120,0.0026074915658682585
TEST_15127,0.005971531383693218
TEST_15128,0.002909332513809204
TEST_15129,0.002339004771783948
TEST_15130,0.08786211162805557
TEST_15132,0.11075746268033981
TEST_15133,0.09490001201629639
TEST_15138,0.11202070116996765
TEST_15142,0.004480613861232996
TEST_15163,0.06106586381793022
TEST_15166,0.23451362550258636
TEST_15167,0.14437377452850342
TEST_15169,0.13938811421394348
TEST_15170,0.3219790458679199
TEST_15178,0.21671216189861298
TEST_15179,0.15627816319465637
TEST_15186,0.004685573745518923
TEST_15190,0.027362538501620293
TEST_15193,0.21754209697246552
TEST_15195,0.2011542171239853
TEST_15206,0.19504278898239136
TEST_15208,0.19064562022686005
TEST_15217,0.16407711803913116
TEST_15227,0.11735892295837402
TEST_15242,0.0026880642399191856
TEST_15243,0.16271241009235382
TEST_15244,0.0025418156292289495
TEST_15251,0.003575873328372836
TEST_15262,0.10698652267456055
TEST_15265,0.12237202376127243
TEST_15266,0.24431265890598297
TEST_15268,0.33054476976394653
TEST_15279,0.07142389565706253
TEST_15281,0.16414619982242584
TEST_15283,0.14523710310459137
TEST_15291,0.17775464057922363
TEST_15297,0.005155991297215223
TEST_15298,0.0029944328125566244
TEST_15306,0.2544039785861969
TEST_15317,0.001756591722369194
TEST_15330,0.04803929477930069
TEST_15332,0.23410701751708984
TEST_15342,0.007713915314525366
TEST_15350,0.005585538223385811
TEST_15352,0.1810077279806137
TEST_15357,0.19162079691886902
TEST_15359,0.12026232481002808
TEST_15366,0.07115121930837631
TEST_15368,0.21102511882781982
TEST_15378,0.11432186514139175
TEST_15386,0.24324294924736023
TEST_15394,0.07519498467445374
TEST_15395,0.18415531516075134
TEST_15397,0.25005587935447693
TEST_15398,0.08832412213087082
TEST_15401,0.1605432629585266
TEST_15405,0.1903129667043686
TEST_15409,0.002744535217061639
TEST_15425,0.004548404365777969
TEST_15430,0.24468345940113068
TEST_15432,0.14388740062713623
TEST_15434,0.14234571158885956
TEST_15449,0.02496427483856678
TEST_15455,0.020276473835110664
TEST_15459,0.1499728411436081
TEST_15460,0.11434192955493927
TEST_15462,0.004550137557089329
TEST_15465,0.11931049823760986
TEST_15472,0.002025010297074914
TEST_15481,0.1465151309967041
TEST_15488,0.16335445642471313
TEST_15491,0.14037266373634338
TEST_15493,0.12423277646303177
TEST_15495,0.11125849187374115
TEST_15499,0.22794289886951447
TEST_15504,0.0917053371667862
TEST_15505,0.0027229280676692724
TEST_15510,0.045076824724674225
TEST_15516,0.10560870915651321
TEST_15522,0.0027561569586396217
TEST_15526,0.008683400228619576
TEST_15527,0.007169303484261036
TEST_15538,0.0029765116050839424
TEST_15540,0.08420483767986298
TEST_15549,0.03285326063632965
TEST_15570,0.1805931031703949
TEST_15571,0.30862289667129517
TEST_15577,0.27667275071144104
TEST_15579,0.2596721649169922
TEST_15583,0.4601980745792389
TEST_15588,0.18201841413974762
TEST_15589,0.23345345258712769
TEST_15596,0.17171767354011536
TEST_15598,0.020618442445993423
TEST_15600,0.10961528867483139
TEST_15605,0.024651825428009033
TEST_15615,0.2347974181175232
TEST_15618,0.21101853251457214
TEST_15620,0.2945544123649597
TEST_15623,0.003165904898196459
TEST_15635,0.15052051842212677
TEST_15640,0.2530492842197418
TEST_15642,0.1925586462020874
TEST_15649,0.10355527698993683
TEST_15650,0.15190012753009796
TEST_15653,0.047011375427246094
TEST_15659,0.16039134562015533
TEST_15679,0.12607116997241974
TEST_15688,0.24442027509212494
TEST_15711,0.17372146248817444
TEST_15712,0.004064686596393585
TEST_15718,0.22992870211601257
TEST_15719,0.0435759499669075
TEST_15729,0.18430647253990173
TEST_15738,0.20033475756645203
TEST_15742,0.29598134756088257
TEST_15744,0.23991411924362183
TEST_15746,0.19238513708114624
TEST_15752,0.003991955425590277
TEST_15783,0.05110322684049606
TEST_15788,0.13258163630962372
TEST_15791,0.11149062216281891
TEST_15793,0.11764036118984222
TEST_15812,0.07840949296951294
TEST_15818,0.07899552583694458
TEST_15819,0.1330660581588745
TEST_15827,0.002838443499058485
TEST_15829,0.15105091035366058
TEST_15839,0.059151969850063324
TEST_15843,0.003151088487356901
TEST_15844,0.1072104424238205
TEST_15845,0.1864791214466095
TEST_15847,0.19837838411331177
TEST_15851,0.065516896545887
TEST_15856,0.17772811651229858
TEST_15860,0.0032960125245153904
TEST_15861,0.15389129519462585
TEST_15873,0.18189682066440582
TEST_15881,0.12275248020887375
TEST_15882,0.0032177050597965717
TEST_15888,0.3175945580005646
TEST_15891,0.11729412525892258
TEST_15892,0.19284453988075256
TEST_15893,0.1313450038433075
TEST_15896,0.12490258365869522
TEST_15902,0.37724992632865906
TEST_15903,0.004173727240413427
TEST_15904,0.11100916564464569
TEST_15906,0.006531456485390663
TEST_15911,0.11174788326025009
TEST_15913,0.007371998392045498
TEST_15920,0.1261005401611328
TEST_15926,0.23517931997776031
TEST_15927,0.0022741148713976145
TEST_15928,0.1991731822490692
TEST_15933,0.10166526585817337
TEST_15940,0.002324828878045082
TEST_15944,0.1117505431175232
TEST_15962,0.2380458414554596
TEST_15985,0.31952136754989624
TEST_15987,0.17011909186840057
TEST_15990,0.2508365213871002
TEST_15991,0.2495344579219818
TEST_15995,0.13931137323379517
TEST_15998,0.06338614225387573
TEST_16001,0.12390203773975372
TEST_16006,0.05018406733870506
TEST_16017,0.002551004756242037
TEST_16018,0.11605371534824371
TEST_16026,0.14571349322795868
TEST_16028,0.0023223317693918943
TEST_16029,0.14583662152290344
TEST_16032,0.16100849211215973
TEST_16040,0.07862070947885513
TEST_16042,0.06728123873472214
TEST_16048,0.38367167115211487
TEST_16050,0.12838640809059143
TEST_16052,0.008166215382516384
TEST_16055,0.19710426032543182
TEST_16063,0.32296445965766907
TEST_16085,0.050495900213718414
TEST_16086,0.10673290491104126
TEST_16089,0.22941704094409943
TEST_16099,0.12764884531497955
TEST_16100,0.20707234740257263
TEST_16107,0.13081824779510498
TEST_16108,0.09182210266590118
TEST_16115,0.101392962038517
TEST_16116,0.1811065971851349
TEST_16117,0.06562034785747528
TEST_16125,0.1542750597000122
TEST_16134,0.14044061303138733
TEST_16137,0.22284723818302155
TEST_16143,0.138327956199646
TEST_16171,0.1533040851354599
TEST_16179,0.21452222764492035
TEST_16181,0.20322799682617188
TEST_16182,0.07824593782424927
TEST_16184,0.10722953081130981
TEST_16190,0.10554469376802444
TEST_16193,0.3478492200374603
TEST_16198,0.002128664404153824
TEST_16205,0.059076257050037384
TEST_16211,0.2038349062204361
TEST_16218,0.12019121646881104
TEST_16220,0.04248836636543274
TEST_16221,0.29282310605049133
TEST_16223,0.1670137345790863
TEST_16224,0.35666146874427795
TEST_16228,0.14252187311649323
TEST_16234,0.0024792952463030815
TEST_16238,0.002817960688844323
TEST_16244,0.12150771915912628
TEST_16251,0.2384902983903885
TEST_16253,0.09625617414712906
TEST_16255,0.09650012850761414
TEST_16259,0.17571143805980682
TEST_16260,0.0027135920245200396
TEST_16264,0.09856437146663666
TEST_16267,0.13867519795894623
TEST_16271,0.15642279386520386
TEST_16272,0.002555851824581623
TEST_16274,0.0959944948554039
TEST_16276,0.0030725642573088408
TEST_16282,0.002920890459790826
TEST_16292,0.002193761756643653
TEST_16295,0.1802496761083603
TEST_16298,0.07884634286165237
TEST_16304,0.1411626636981964
TEST_16309,0.0024374411441385746
TEST_16313,0.08358991146087646
TEST_16323,0.10479280352592468
TEST_16344,0.13868890702724457
TEST_16351,0.15783119201660156
TEST_16372,0.09853901714086533
TEST_16375,0.20893335342407227
TEST_16390,0.18372640013694763
TEST_16393,0.01776503212749958
TEST_16394,0.10071945935487747
TEST_16399,0.13353680074214935
TEST_16404,0.0415705181658268
TEST_16405,0.0024714157916605473
TEST_16407,0.12185829877853394
TEST_16408,0.06873133778572083
TEST_16412,0.05666610971093178
TEST_16427,0.05757986754179001
TEST_16438,0.1682305634021759
TEST_16447,0.1470508873462677
TEST_16452,0.002720215357840061
TEST_16455,0.11937415599822998
TEST_16468,0.2700565755367279
TEST_16476,0.18002797663211823
TEST_16485,0.2415785789489746
TEST_16487,0.08074034750461578
TEST_16489,0.05121590569615364
TEST_16490,0.20492643117904663
TEST_16497,0.057449109852313995
TEST_16499,0.002764621051028371
TEST_16501,0.07376963645219803
TEST_16507,0.14099417626857758
TEST_16510,0.003381587564945221
TEST_16515,0.20538946986198425
TEST_16523,0.2153865247964859
TEST_16526,0.23783913254737854
TEST_16533,0.17491067945957184
TEST_16534,0.007478156127035618
TEST_16540,0.15023726224899292
TEST_16560,0.0018355284119024873
TEST_16562,0.002031149808317423
TEST_16568,0.23970478773117065
TEST_16575,0.1469525247812271
TEST_16579,0.1007191613316536
TEST_16580,0.002547695767134428
TEST_16582,0.3557121157646179
TEST_16583,0.0023300996981561184
TEST_16591,0.16284900903701782
TEST_16595,0.18539145588874817
TEST_16596,0.05762377008795738
TEST_16598,0.2182445526123047
TEST_16603,0.1152246743440628
TEST_16605,0.1540103554725647
TEST_16606,0.2911071479320526
TEST_16609,0.1103052943944931
TEST_16619,0.11765667796134949
TEST_16621,0.12553144991397858
TEST_16622,0.35348889231681824
TEST_16625,0.1475003957748413
TEST_16626,0.12640736997127533
TEST_16628,0.010657157748937607
TEST_16629,0.06836897134780884
TEST_16643,0.2026694267988205
TEST_16645,0.0029977913945913315
TEST_16650,0.289095014333725
TEST_16654,0.1358954757452011
TEST_16661,0.15344344079494476
TEST_16664,0.04479140415787697
TEST_16680,0.15196961164474487
TEST_16682,0.0434967540204525
TEST_16688,0.004387690220028162
TEST_16691,0.04246539995074272
TEST_16693,0.1140197142958641
TEST_16694,0.002446583006531
TEST_16698,0.15517961978912354
TEST_16705,0.13807258009910583
TEST_16718,0.18562164902687073
TEST_16727,0.047325000166893005
TEST_16729,0.19081734120845795
TEST_16731,0.14208999276161194
TEST_16739,0.10695882886648178
TEST_16754,0.0028102968353778124
TEST_16755,0.29213881492614746
TEST_16756,0.07949928194284439
TEST_16764,0.12205660343170166
TEST_16767,0.20088529586791992
TEST_16782,0.10194846242666245
TEST_16789,0.09645777940750122
TEST_16801,0.07728549093008041
TEST_16803,0.004911618307232857
TEST_16807,0.12953008711338043
TEST_16811,0.0992320105433464
TEST_16812,0.17775662243366241
TEST_16814,0.17611241340637207
TEST_16823,0.15869200229644775
TEST_16825,0.18650710582733154
TEST_16832,0.00258571095764637
TEST_16842,0.047470152378082275
TEST_16847,0.05615158751606941
TEST_16852,0.1732385754585266
TEST_16854,0.004059445578604937
TEST_16855,0.13479872047901154
TEST_16856,0.1997401863336563
TEST_16859,0.1310788244009018
TEST_16869,0.007850665599107742
TEST_16881,0.1975945085287094
TEST_16882,0.19713592529296875
TEST_16891,0.04215854033827782
TEST_16903,0.13530370593070984
TEST_16906,0.2501431405544281
TEST_16907,0.1351303905248642
TEST_16912,0.1705482304096222
TEST_16913,0.1168314665555954
TEST_16914,0.2054005265235901
TEST_16917,0.19197885692119598
TEST_16921,0.09347924590110779
TEST_16923,0.0021870143245905638
TEST_16924,0.003455490805208683
TEST_16930,0.06115270033478737
TEST_16941,0.008283843286335468
TEST_16945,0.13434773683547974
TEST_16948,0.1902816891670227
TEST_16951,0.1700676530599594
TEST_16952,0.0025061853229999542
TEST_16955,0.12996375560760498
TEST_16956,0.11847803741693497
TEST_16960,0.16842171549797058
TEST_16971,0.19404549896717072
TEST_16975,0.19955308735370636
TEST_16983,0.11499804258346558
TEST_16984,0.0020727915689349174
TEST_16986,0.002343685133382678
TEST_16990,0.0034391209483146667
TEST_16999,0.10876994580030441
TEST_17000,0.0815170481801033
TEST_17002,0.09977897256612778
TEST_17009,0.03844621032476425
TEST_17022,0.09564180672168732
TEST_17027,0.06688730418682098
TEST_17029,0.053850702941417694
TEST_17039,0.0795610100030899
TEST_17044,0.10964664816856384
TEST_17048,0.110863097012043
TEST_17057,0.20254984498023987
TEST_17061,0.18307489156723022
TEST_17062,0.18873688578605652
TEST_17063,0.0027652308344841003
TEST_17064,0.1815362125635147
TEST_17067,0.2569233775138855
TEST_17070,0.006531456485390663
TEST_17094,0.05988294631242752
TEST_17109,0.05381016433238983
TEST_17112,0.07729770988225937
TEST_17127,0.08192756026983261
TEST_17133,0.11208207160234451
TEST_17134,0.16516244411468506
TEST_17143,0.10444653034210205
TEST_17148,0.09789130091667175
TEST_17170,0.3413439393043518
TEST_17183,0.001659136964008212
TEST_17184,0.0029790368862450123
TEST_17185,0.0496085099875927
TEST_17189,0.0023305932991206646
TEST_17190,0.004545333795249462
TEST_17203,0.21575213968753815
TEST_17206,0.0018506720662117004
TEST_17210,0.2074100524187088
TEST_17212,0.24561719596385956
TEST_17219,0.124085932970047
TEST_17231,0.03685706853866577
TEST_17232,0.15772104263305664
TEST_17236,0.24799710512161255
TEST_17239,0.04861411452293396
TEST_17240,0.20651496946811676
TEST_17242,0.4007866382598877
TEST_17257,0.17790882289409637
TEST_17260,0.057344838976860046
TEST_17262,0.205376535654068
TEST_17277,0.052383359521627426
TEST_17279,0.21041272580623627
TEST_17280,0.16329698264598846
TEST_17281,0.19822897017002106
TEST_17286,0.10974924266338348
TEST_17288,0.18665511906147003
TEST_17291,0.0023672867100685835
TEST_17292,0.23966652154922485
TEST_17296,0.0021445846650749445
TEST_17298,0.0031402825843542814
TEST_17304,0.02815903350710869
TEST_17308,0.09043501317501068
TEST_17321,0.1350812464952469
TEST_17325,0.15267418324947357
TEST_17326,0.18292000889778137
TEST_17330,0.21061620116233826
TEST_17344,0.05690354108810425
TEST_17345,0.04343625158071518
TEST_17351,0.1305905133485794
TEST_17358,0.0320780947804451
TEST_17361,0.11253765970468521
TEST_17365,0.006832543294876814
TEST_17366,0.1980825662612915
TEST_17382,0.20770567655563354
TEST_17383,0.09523224830627441
TEST_17389,0.0029208227060735226
TEST_17391,0.07327035814523697
TEST_17395,0.11940338462591171
TEST_17407,0.0050209639593958855
TEST_17411,0.05943264812231064
TEST_17416,0.1303425431251526
TEST_17420,0.10291583836078644
TEST_17424,0.08669675141572952
TEST_17430,0.005621758755296469
TEST_17438,0.11314652860164642
TEST_17441,0.0940420925617218
TEST_17442,0.07946322858333588
TEST_17443,0.17685675621032715
TEST_17449,0.17237859964370728
TEST_17456,0.2929014265537262
TEST_17457,0.2936401665210724
TEST_17458,0.07934031635522842
TEST_17462,0.0027778709772974253
TEST_17466,0.047724466770887375
TEST_17469,0.17263424396514893
TEST_17479,0.12021370232105255
TEST_17489,0.16508980095386505
TEST_17498,0.233286052942276
TEST_17500,0.11060353368520737
TEST_17507,0.2104278951883316
TEST_17511,0.002091561211273074
TEST_17517,0.0773501917719841
TEST_17536,0.013431929983198643
TEST_17547,0.09232325851917267
TEST_17550,0.10255077481269836
TEST_17552,0.26310715079307556
TEST_17553,0.15415790677070618
TEST_17559,0.10673674941062927
TEST_17560,0.07585382461547852
TEST_17563,0.1547183096408844
TEST_17570,0.2029659003019333
TEST_17578,0.17472690343856812
TEST_17580,0.010459129698574543
TEST_17586,0.15928250551223755
TEST_17587,0.054462697356939316
TEST_17591,0.13319289684295654
TEST_17603,0.0020166083704680204
TEST_17624,0.040190309286117554
TEST_17625,0.002680697711184621
TEST_17630,0.11043120175600052
TEST_17635,0.14528866112232208
TEST_17657,0.05794387310743332
TEST_17661,0.32697081565856934
TEST_17666,0.005060835741460323
TEST_17667,0.06619095057249069
TEST_17677,0.2947584390640259
TEST_17684,0.18801818788051605
TEST_17687,0.10091644525527954
TEST_17698,0.1689261645078659
TEST_17711,0.08059930056333542
TEST_17717,0.06814158707857132
TEST_17723,0.04285470396280289
TEST_17724,0.0933634415268898
TEST_17730,0.13855387270450592
TEST_17731,0.13731974363327026
TEST_17739,0.13484084606170654
TEST_17740,0.002840442582964897
TEST_17742,0.12603861093521118
TEST_17743,0.17137783765792847
TEST_17744,0.008007079362869263
TEST_17746,0.16547711193561554
TEST_17751,0.24265576899051666
TEST_17756,0.13078224658966064
TEST_17757,0.0019283484434708953
TEST_17764,0.046346548944711685
TEST_17768,0.21172887086868286
TEST_17777,0.12937702238559723
TEST_17779,0.07630933076143265
TEST_17795,0.17919491231441498
TEST_17800,0.050247762352228165
TEST_17802,0.005337541922926903
TEST_17803,0.0022009757813066244
TEST_17811,0.04683276638388634
TEST_17814,0.006612958386540413
TEST_17815,0.11644931882619858
TEST_17818,0.3074137568473816
TEST_17820,0.001758073689416051
TEST_17821,0.23915725946426392
TEST_17827,0.00958480965346098
TEST_17831,0.12683705985546112
TEST_17838,0.1060643419623375
TEST_17840,0.007008489686995745
TEST_17842,0.24540315568447113
TEST_17845,0.07392626255750656
TEST_17866,0.07236503064632416
TEST_17869,0.004091714974492788
TEST_17870,0.06315761804580688
TEST_17875,0.004750659689307213
TEST_17887,0.0321379080414772
TEST_17905,0.3618815541267395
TEST_17914,0.19414618611335754
TEST_17919,0.14963102340698242
TEST_17924,0.07556091248989105
TEST_17927,0.0977870300412178
TEST_17942,0.13644486665725708
TEST_17945,0.07630043476819992
TEST_17948,0.18389880657196045
TEST_17953,0.0039031263440847397
TEST_17958,0.10685250908136368
TEST_17968,0.1191457137465477
TEST_17982,0.17918778955936432
TEST_18016,0.165008544921875
TEST_18020,0.0020618659909814596
TEST_18030,0.002680025761947036
TEST_18033,0.09398186206817627
TEST_18035,0.1621074229478836
TEST_18036,0.0832688957452774
TEST_18040,0.10715577006340027
TEST_18041,0.0998026430606842
TEST_18045,0.12827704846858978
TEST_18062,0.10144362598657608
TEST_18063,0.0018776460783556104
TEST_18068,0.21606817841529846
TEST_18081,0.004777312744408846
TEST_18097,0.03545374050736427
TEST_18101,0.1083221286535263
TEST_18102,0.11602915078401566
TEST_18111,0.05008484795689583
TEST_18119,0.22455063462257385
TEST_18120,0.2642832100391388
TEST_18121,0.007089440710842609
TEST_18122,0.3031650483608246
TEST_18131,0.002054473152384162
TEST_18133,0.2579306364059448
TEST_18136,0.16183052957057953
TEST_18139,0.003016188507899642
TEST_18144,0.126975417137146
TEST_18147,0.14849957823753357
TEST_18151,0.16903704404830933
TEST_18160,0.06835515797138214
TEST_18162,0.003224487416446209
TEST_18163,0.08743517100811005
TEST_18164,0.15085960924625397
TEST_18166,0.37072768807411194
TEST_18170,0.12977094948291779
TEST_18177,0.008807484060525894
TEST_18185,0.10629252344369888
TEST_18190,0.18379250168800354
TEST_18194,0.11344457417726517
TEST_18197,0.14110057055950165
TEST_18203,0.11911370605230331
TEST_18207,0.18980693817138672
TEST_18208,0.22805245220661163
TEST_18212,0.006360193714499474
TEST_18230,0.2031250149011612
TEST_18234,0.10662278532981873
TEST_18235,0.31218740344047546
TEST_18243,0.03349024057388306
TEST_18244,0.0559273399412632
TEST_18248,0.09913913160562515
TEST_18249,0.14013056457042694
TEST_18251,0.08084549009799957
TEST_18256,0.10187666118144989
TEST_18261,0.1656641662120819
TEST_18268,0.08319733291864395
TEST_18277,0.19805441796779633
TEST_18300,0.4020191729068756
TEST_18305,0.1609177142381668
TEST_18306,0.15866543352603912
TEST_18307,0.004692659713327885
TEST_18310,0.22054104506969452
TEST_18314,0.1509496420621872
TEST_18326,0.004256154410541058
TEST_18329,0.003506937064230442
TEST_18332,0.0996280387043953
TEST_18341,0.17311275005340576
TEST_18344,0.10673674941062927
TEST_18345,0.14774486422538757
TEST_18347,0.1476479172706604
TEST_18350,0.0029506192076951265
TEST_18353,0.10127554833889008
TEST_18363,0.0930650606751442
TEST_18371,0.17301976680755615
TEST_18380,0.04720541462302208
TEST_18382,0.08522868156433105
TEST_18385,0.04074405878782272
TEST_18388,0.002482668962329626
TEST_18389,0.11933167278766632
TEST_18391,0.13422922790050507
TEST_18396,0.01530125830322504
TEST_18397,0.06704233586788177
TEST_18405,0.04579045996069908
TEST_18406,0.12438952177762985
TEST_18410,0.31657087802886963
TEST_18416,0.2488582581281662
TEST_18418,0.0492510050535202
TEST_18419,0.05458192899823189
TEST_18422,0.20811431109905243
TEST_18425,0.00328077026642859
TEST_18430,0.13923203945159912
TEST_18436,0.12196526676416397
TEST_18437,0.1402059644460678
TEST_18448,0.1333772838115692
TEST_18458,0.0036052505020052195
TEST_18460,0.23858368396759033
TEST_18464,0.0017359440680593252
TEST_18466,0.22697865962982178
TEST_18467,0.2236495167016983
TEST_18471,0.17974385619163513
TEST_18478,0.1819033920764923
TEST_18480,0.011983233503997326
TEST_18483,0.0051015508361160755
TEST_18490,0.35459214448928833
TEST_18506,0.18848440051078796
TEST_18515,0.18052713572978973
TEST_18518,0.15937621891498566
TEST_18521,0.06934582442045212
TEST_18522,0.11087965220212936
TEST_18539,0.23295120894908905
TEST_18547,0.07915937900543213
TEST_18552,0.10658033937215805
TEST_18553,0.00441339984536171
TEST_18556,0.30357417464256287
TEST_18577,0.17084582149982452
TEST_18585,0.23999755084514618
TEST_18605,0.002304862253367901
TEST_18610,0.1723950207233429
TEST_18611,0.23475593328475952
TEST_18614,0.10788028687238693
TEST_18615,0.08849760890007019
TEST_18621,0.045563291758298874
TEST_18627,0.0021708826534450054
TEST_18628,0.12950298190116882
TEST_18629,0.24754351377487183
TEST_18630,0.09405375272035599
TEST_18632,0.2884819209575653
TEST_18633,0.00204921024851501
TEST_18648,0.1046307161450386
TEST_18657,0.14677292108535767
TEST_18659,0.49585309624671936
TEST_18665,0.04843435809016228
TEST_18667,0.17176012694835663
TEST_18669,0.10683775693178177
TEST_18675,0.18394993245601654
TEST_18676,0.40005019307136536
TEST_18678,0.12655067443847656
TEST_18682,0.1670166254043579
TEST_18699,0.053129035979509354
TEST_18700,0.14482717216014862
TEST_18724,0.05013472959399223
TEST_18730,0.11394163221120834
TEST_18736,0.10436403751373291
TEST_18739,0.006104202941060066
TEST_18741,0.0686458870768547
TEST_18746,0.17593054473400116
TEST_18748,0.14923930168151855
TEST_18750,0.1091836467385292
TEST_18761,0.1552392989397049
TEST_18771,0.10907556861639023
TEST_18778,0.09902681410312653
TEST_18780,0.0020996315870434046
TEST_18784,0.0024066155310720205
TEST_18788,0.25015997886657715
TEST_18790,0.22440628707408905
TEST_18793,0.05527808517217636
TEST_18800,0.19060118496418
TEST_18801,0.11194056272506714
TEST_18804,0.1986229121685028
TEST_18810,0.03724975138902664
TEST_18826,0.17641276121139526
TEST_18829,0.13789701461791992
TEST_18830,0.15327557921409607
TEST_18833,0.05360063910484314
TEST_18839,0.26140761375427246
TEST_18850,0.1642138957977295
TEST_18851,0.20292046666145325
TEST_18852,0.08774407207965851
TEST_18854,0.3856654763221741
TEST_18863,0.15187259018421173
TEST_18866,0.03589317202568054
TEST_18878,0.002326969988644123
TEST_18879,0.003769512055441737
TEST_18882,0.14016851782798767
TEST_18886,0.0030153498519212008
TEST_18899,0.0029790576081722975
TEST_18903,0.11075954884290695
TEST_18910,0.10507096350193024
TEST_18916,0.07783100754022598
TEST_18917,0.0039163390174508095
TEST_18918,0.08032684028148651
TEST_18920,0.20677736401557922
TEST_18932,0.30441397428512573
TEST_18936,0.17015165090560913
TEST_18943,0.0026893801987171173
TEST_18944,0.00203161989338696
TEST_18951,0.14363478124141693
TEST_18960,0.19816306233406067
TEST_18971,0.0018820788245648146
TEST_18972,0.0020529176108539104
TEST_18980,0.18925869464874268
TEST_18981,0.1271931529045105
TEST_18988,0.1415388286113739
TEST_18989,0.006967625580728054
TEST_18991,0.12096814811229706
TEST_18993,0.3293044865131378
TEST_18998,0.10689388960599899
TEST_19002,0.019702982157468796
TEST_19007,0.001675764680840075
TEST_19020,0.13771528005599976
TEST_19022,0.17180562019348145
TEST_19037,0.11648088693618774
TEST_19043,0.13224826753139496
TEST_19047,0.16247928142547607
TEST_19048,0.003218635218217969
TEST_19049,0.11708391457796097
TEST_19051,0.13890227675437927
TEST_19055,0.24726757407188416
TEST_19058,0.10262365639209747
TEST_19059,0.18900185823440552
TEST_19070,0.08488988876342773
TEST_19075,0.0030625846702605486
TEST_19079,0.002268909476697445
TEST_19089,0.1406133472919464
TEST_19090,0.2035255879163742
TEST_19091,0.17493188381195068
TEST_19094,0.07381787896156311
TEST_19111,0.31467199325561523
TEST_19114,0.09421280771493912
TEST_19131,0.06906324625015259
TEST_19132,0.14394855499267578
TEST_19134,0.24632714688777924
TEST_19136,0.1388564109802246
TEST_19146,0.07729296386241913
TEST_19149,0.26143795251846313
TEST_19167,0.0024663035292178392
TEST_19168,0.07207215577363968
TEST_19176,0.05585358291864395
TEST_19179,0.11780834197998047
TEST_19180,0.11832425743341446
TEST_19181,0.11397973448038101
TEST_19183,0.14734716713428497
TEST_19190,0.19073635339736938
TEST_19208,0.13886156678199768
TEST_19209,0.11881580203771591
TEST_19216,0.13068823516368866
TEST_19220,0.046434707939624786
TEST_19222,0.11659663915634155
TEST_19225,0.006540624424815178
TEST_19229,0.087771937251091
TEST_19239,0.163286492228508
TEST_19243,0.14469756186008453
TEST_19247,0.157456636428833
TEST_19251,0.18896052241325378
TEST_19253,0.32648953795433044
TEST_19257,0.04284408316016197
TEST_19262,0.13703714311122894
TEST_19267,0.20918014645576477
TEST_19268,0.0027918308041989803
TEST_19280,0.0038096001371741295
TEST_19285,0.00487237423658371
TEST_19294,0.1094331219792366
TEST_19295,0.3497178852558136
TEST_19301,0.20965415239334106
TEST_19302,0.06917402893304825
TEST_19307,0.1539631336927414
TEST_19309,0.21271581947803497
TEST_19319,0.048185840249061584
TEST_19324,0.05269933119416237
TEST_19325,0.18172159790992737
TEST_19330,0.13402347266674042
TEST_19332,0.1123458594083786
TEST_19334,0.002472121035680175
TEST_19341,0.0027457219548523426
TEST_19344,0.3442368507385254
TEST_19345,0.07906453311443329
TEST_19352,0.11209920048713684
TEST_19358,0.211633563041687
TEST_19372,0.13452042639255524
TEST_19373,0.37799128890037537
TEST_19387,0.0019013878190889955
TEST_19393,0.10389775037765503
TEST_19394,0.07929995656013489
TEST_19396,0.15415029227733612
TEST_19397,0.1297839879989624
TEST_19410,0.08702528476715088
TEST_19412,0.1468902975320816
TEST_19413,0.24870777130126953
TEST_19419,0.002336114412173629
TEST_19421,0.10414306819438934
TEST_19423,0.11193391680717468
TEST_19427,0.025492364540696144
TEST_19429,0.1622096747159958
TEST_19436,0.06048736348748207
TEST_19440,0.08050205558538437
TEST_19441,0.1143062561750412
TEST_19445,0.004382043145596981
TEST_19456,0.0371973030269146
TEST_19461,0.2485891580581665
TEST_19464,0.14764145016670227
TEST_19466,0.1153450459241867
TEST_19477,0.21026551723480225
TEST_19480,0.13857826590538025
TEST_19494,0.04514138773083687
TEST_19503,0.2433544397354126
TEST_19520,0.043985672295093536
TEST_19527,0.002319308929145336
TEST_19532,0.14838677644729614
TEST_19534,0.04465683922171593
TEST_19537,0.16509830951690674
TEST_19546,0.10112541913986206
TEST_19564,0.002376314951106906
TEST_19573,0.08041306585073471
TEST_19574,0.042567431926727295
TEST_19577,0.18931248784065247
TEST_19578,0.17616602778434753
TEST_19580,0.045611295849084854
TEST_19587,0.001832267502322793
TEST_19590,0.00505694467574358
TEST_19593,0.2685767710208893
TEST_19595,0.17408959567546844
TEST_19600,0.21143504977226257
TEST_19602,0.030973635613918304
TEST_19613,0.29434746503829956
TEST_19615,0.14551013708114624
TEST_19618,0.1816634237766266
TEST_19619,0.046998701989650726
TEST_19631,0.002772775012999773
TEST_19632,0.13120423257350922
TEST_19638,0.09128673374652863
TEST_19641,0.19412681460380554
TEST_19646,0.14702320098876953
TEST_19659,0.2096676081418991
TEST_19672,0.2969518005847931
TEST_19675,0.07911963760852814
TEST_19678,0.011999924667179585
TEST_19683,0.024104604497551918
TEST_19686,0.04986772686243057
TEST_19690,0.1824425458908081
TEST_19691,0.1841345727443695
TEST_19705,0.003448000643402338
TEST_19720,0.07332012057304382
TEST_19724,0.13654544949531555
TEST_19725,0.15385541319847107
TEST_19731,0.2191050499677658
TEST_19743,0.07780446857213974
TEST_19745,0.1347484588623047
TEST_19746,0.0070984093472361565
TEST_19756,0.05496121570467949
TEST_19764,0.08263291418552399
TEST_19785,0.05469662696123123
TEST_19787,0.02219625562429428
TEST_19790,0.12540178000926971
TEST_19793,0.002333825221285224
TEST_19795,0.04630643501877785
TEST_19801,0.13893361389636993
TEST_19809,0.2095007300376892
TEST_19813,0.0980379655957222
TEST_19814,0.1836567372083664
TEST_19816,0.09004228562116623
TEST_19817,0.1968601942062378
TEST_19819,0.05014539510011673
TEST_19824,0.00322343735024333
TEST_19827,0.10342766344547272
TEST_19829,0.10906839370727539
TEST_19831,0.12755881249904633
TEST_19841,0.0030745198018848896
TEST_19843,0.19453980028629303
TEST_19864,0.12065015733242035
TEST_19866,0.165005624294281
TEST_19870,0.003377988701686263
TEST_19886,0.1633956879377365
TEST_19889,0.1866341084241867
TEST_19891,0.22450166940689087
TEST_19903,0.003453330136835575
TEST_19905,0.09996422380208969
TEST_19914,0.10779431462287903
TEST_19918,0.15936842560768127
TEST_19920,0.12585991621017456
TEST_19932,0.38936859369277954
TEST_19934,0.11134061962366104
TEST_19937,0.09097632765769958
TEST_19941,0.18220606446266174
TEST_19943,0.14220751821994781
TEST_19951,0.25529801845550537
TEST_19953,0.3362021744251251
TEST_19956,0.05260342359542847
TEST_19966,0.13336288928985596
TEST_19968,0.05431181192398071
TEST_19974,0.025699330493807793
TEST_19975,0.0038917027413845062
TEST_19979,0.0052026016637682915
TEST_19982,0.047170404344797134
TEST_19992,0.19589675962924957
TEST_19995,0.11011521518230438
TEST_19998,0.10175208747386932
TEST_20000,0.0031674313358962536
TEST_20008,0.16814936697483063
TEST_20009,0.06145267188549042
TEST_20010,0.0029834702145308256
TEST_20013,0.060948923230171204
TEST_20015,0.11268246173858643
TEST_20019,0.27988460659980774
TEST_20021,0.15031959116458893
TEST_20022,0.0021411196794360876
TEST_20028,0.17384524643421173
TEST_20030,0.1365971714258194
TEST_20032,0.15026895701885223
TEST_20035,0.002321980893611908
TEST_20042,0.13491681218147278
TEST_20045,0.009373726323246956
TEST_20049,0.09217862039804459
TEST_20050,0.004700108431279659
TEST_20066,0.09456369280815125
TEST_20070,0.0707409530878067
TEST_20076,0.16792942583560944
TEST_20091,0.003497074358165264
TEST_20101,0.2911747992038727
TEST_20115,0.22285336256027222
TEST_20120,0.0037110638804733753
TEST_20121,0.0028311186470091343
TEST_20130,0.00439080037176609
TEST_20132,0.0022256330121308565
TEST_20146,0.0024134600535035133
TEST_20151,0.03727162256836891
TEST_20165,0.023248866200447083
TEST_20170,0.1925787627696991
TEST_20176,0.005726887844502926
TEST_20180,0.0038958685472607613
TEST_20182,0.2573912441730499
TEST_20184,0.05381651967763901
TEST_20191,0.03362130746245384
TEST_20193,0.3688453733921051
TEST_20194,0.3042278289794922
TEST_20199,0.18402527272701263
TEST_20201,0.003701541107147932
TEST_20202,0.10326254367828369
TEST_20204,0.21251967549324036
TEST_20207,0.09575358778238297
TEST_20212,0.04374117776751518
TEST_20214,0.08069548010826111
TEST_20217,0.04614253342151642
TEST_20221,0.16557073593139648
TEST_20224,0.08087119460105896
TEST_20227,0.1533789038658142
TEST_20228,0.003153410740196705
TEST_20241,0.14165045320987701
TEST_20247,0.07534679770469666
TEST_20251,0.08271840214729309
TEST_20252,0.11409266293048859
TEST_20255,0.10818229615688324
TEST_20259,0.045890361070632935
TEST_20260,0.17556913197040558
TEST_20262,0.04092349484562874
TEST_20263,0.009704924188554287
TEST_20281,0.1933111548423767
TEST_20286,0.36240845918655396
TEST_20289,0.0029926046263426542
TEST_20304,0.08186059445142746
TEST_20319,0.23061217367649078
TEST_20325,0.11698605120182037
TEST_20332,0.0029993834905326366
TEST_20341,0.16117794811725616
TEST_20358,0.24576762318611145
TEST_20370,0.0043654534965753555
TEST_20378,0.18094953894615173
TEST_20384,0.010408347472548485
TEST_20385,0.07708875089883804
TEST_20403,0.22179344296455383
TEST_20405,0.003272050991654396
TEST_20410,0.23094601929187775
TEST_20419,0.18497110903263092
TEST_20421,0.24159225821495056
TEST_20424,0.13498499989509583
TEST_20426,0.07368318736553192
TEST_20431,0.1673814356327057
TEST_20437,0.0026925583370029926
TEST_20451,0.119838647544384
TEST_20461,0.21013429760932922
TEST_20462,0.1644827425479889
TEST_20464,0.1108713150024414
TEST_20470,0.07077115774154663
TEST_20482,0.12894809246063232
TEST_20483,0.004085183143615723
TEST_20484,0.11618442088365555
TEST_20489,0.056530628353357315
TEST_20496,0.10480339080095291
TEST_20498,0.1454344093799591
TEST_20505,0.12738674879074097
TEST_20517,0.053725142031908035
TEST_20520,0.04090446978807449
TEST_20527,0.13111244142055511
TEST_20535,0.0024918534327298403
TEST_20539,0.10171760618686676
TEST_20544,0.12780027091503143
TEST_20549,0.15634651482105255
TEST_20564,0.048481766134500504
TEST_20565,0.19411543011665344
TEST_20570,0.08087119460105896
TEST_20573,0.004507473204284906
TEST_20584,0.16004762053489685
TEST_20586,0.1565662920475006
TEST_20591,0.001848277053795755
TEST_20594,0.311491996049881
TEST_20601,0.0024442316498607397
TEST_20606,0.07711931318044662
TEST_20614,0.0029155316296964884
TEST_20616,0.10220029950141907
TEST_20617,0.2854991555213928
TEST_20623,0.07294075191020966
TEST_20631,0.263436496257782
TEST_20632,0.012423836626112461
TEST_20635,0.17893940210342407
TEST_20643,0.04572783410549164
TEST_20648,0.16489103436470032
TEST_20655,0.26702219247817993
TEST_20660,0.04223727807402611
TEST_20664,0.12191323190927505
TEST_20669,0.16758349537849426
TEST_20670,0.37382012605667114
TEST_20690,0.19270534813404083
TEST_20691,0.1510578840970993
TEST_20696,0.21635502576828003
TEST_20707,0.12246088683605194
TEST_20713,0.054048437625169754
TEST_20715,0.09882345050573349
TEST_20730,0.002382042119279504
TEST_20733,0.13961049914360046
TEST_20736,0.053017064929008484
TEST_20743,0.11011474579572678
TEST_20751,0.2167583703994751
TEST_20752,0.13691210746765137
TEST_20758,0.3243643045425415
TEST_20764,0.09569210559129715
TEST_20767,0.05424041673541069
TEST_20768,0.07014095783233643
TEST_20772,0.14928142726421356
TEST_20774,0.0020211245864629745
TEST_20775,0.002247556811198592
TEST_20778,0.002326128538697958
TEST_20780,0.09153037518262863
TEST_20781,0.1567380130290985
TEST_20784,0.05263473838567734
TEST_20786,0.0026177989784628153
TEST_20787,0.09565459191799164
TEST_20795,0.029610682278871536
TEST_20796,0.10607573390007019
TEST_20801,0.12810266017913818
TEST_20813,0.1433534473180771
TEST_20814,0.09194748103618622
TEST_20820,0.05233567953109741
TEST_20822,0.2308671623468399
TEST_20824,0.26753392815589905
TEST_20826,0.1772708296775818
TEST_20828,0.06006620079278946
TEST_20830,0.003516153199598193
TEST_20843,0.13372839987277985
TEST_20850,0.005196541082113981
TEST_20857,0.003441497916355729
TEST_20862,0.10523270070552826
TEST_20881,0.06917539238929749
TEST_20885,0.06097155064344406
TEST_20891,0.0024985121563076973
TEST_20897,0.18088100850582123
TEST_20899,0.002723994664847851
TEST_20907,0.19275403022766113
TEST_20915,0.2525804042816162
TEST_20921,0.08306924998760223
TEST_20928,0.13755808770656586
TEST_20932,0.04879743605852127
TEST_20934,0.19456417858600616
TEST_20961,0.13788802921772003
TEST_20980,0.12519331276416779
TEST_20985,0.2002602368593216
TEST_20990,0.21878348290920258
TEST_20992,0.15087483823299408
TEST_20995,0.2336028665304184
TEST_20999,0.16733770072460175
TEST_21000,0.17029674351215363
TEST_21002,0.00634424015879631
TEST_21003,0.17730450630187988
TEST_21012,0.12197858840227127
TEST_21013,0.17610442638397217
TEST_21016,0.09773897379636765
TEST_21026,0.05569135770201683
TEST_21030,0.1083017960190773
TEST_21032,0.19916760921478271
TEST_21034,0.13258019089698792
TEST_21038,0.003058017697185278
TEST_21044,0.0030889466870576143
TEST_21047,0.056390248239040375
TEST_21052,0.004347856622189283
TEST_21058,0.3017250895500183
TEST_21060,0.1498471051454544
TEST_21067,0.005636665970087051
TEST_21068,0.027029413729906082
TEST_21070,0.16286058723926544
TEST_21082,0.0024438672699034214
TEST_21094,0.12638573348522186
TEST_21105,0.1494239866733551
TEST_21109,0.1751762330532074
TEST_21121,0.10177209973335266
TEST_21122,0.08000314980745316
TEST_21123,0.003154296427965164
TEST_21126,0.09419196099042892
TEST_21127,0.2032381296157837
TEST_21133,0.0509619377553463
TEST_21140,0.09776958078145981
TEST_21147,0.17085596919059753
TEST_21150,0.193809375166893
TEST_21152,0.07525378465652466
TEST_21153,0.14591868221759796
TEST_21158,0.09517310559749603
TEST_21170,0.0026476408820599318
TEST_21177,0.15170763432979584
TEST_21184,0.008205215446650982
TEST_21189,0.13633528351783752
TEST_21192,0.1896982043981552
TEST_21196,0.09898524731397629
TEST_21205,0.004320758394896984
TEST_21208,0.15299151837825775
TEST_21217,0.1496334671974182
TEST_21219,0.06305689364671707
TEST_21220,0.17692780494689941
TEST_21221,0.11049394309520721
TEST_21226,0.09531983733177185
TEST_21231,0.10951177775859833
TEST_21234,0.05491752550005913
TEST_21245,0.10885575413703918
TEST_21246,0.23781277239322662
TEST_21248,0.11687523871660233
TEST_21250,0.0017655219417065382
TEST_21252,0.12349000573158264
TEST_21259,0.14070621132850647
TEST_21263,0.044373683631420135
TEST_21267,0.05037926509976387
TEST_21269,0.19248457252979279
TEST_21270,0.046590469777584076
TEST_21272,0.04814155027270317
TEST_21273,0.2505331337451935
TEST_21279,0.05408181995153427
TEST_21283,0.19234877824783325
TEST_21289,0.08732744306325912
TEST_21292,0.13435965776443481
TEST_21293,0.050929658114910126
TEST_21294,0.007341707590967417
TEST_21304,0.17746596038341522
TEST_21324,0.24345216155052185
TEST_21328,0.008336754515767097
TEST_21329,0.211306631565094
TEST_21333,0.07775693386793137
TEST_21337,0.10171284526586533
TEST_21349,0.10693869739770889
TEST_21355,0.2096882164478302
TEST_21360,0.051339682191610336
TEST_21369,0.0890369862318039
TEST_21372,0.10711362212896347
TEST_21376,0.11708508431911469
TEST_21378,0.004824871197342873
TEST_21383,0.09174761921167374
TEST_21385,0.0022458916064351797
TEST_21394,0.06953227519989014
TEST_21404,0.2533791661262512
TEST_21411,0.001970152137801051
TEST_21416,0.1290275901556015
TEST_21430,0.1414383351802826
TEST_21431,0.003685033181682229
TEST_21437,0.10431310534477234
TEST_21443,0.15200060606002808
TEST_21447,0.15288332104682922
TEST_21448,0.19116437435150146
TEST_21457,0.23579634726047516
TEST_21461,0.43789032101631165
TEST_21462,0.04047200828790665
TEST_21463,0.003576702671125531
TEST_21470,0.2156573235988617
TEST_21473,0.11294952034950256
TEST_21476,0.2208046168088913
TEST_21477,0.08058809489011765
TEST_21478,0.0028549840208142996
TEST_21480,0.13031944632530212
TEST_21483,0.056651949882507324
TEST_21500,0.003914970438927412
TEST_21502,0.08395136147737503
TEST_21518,0.1757817268371582
TEST_21519,0.13149306178092957
TEST_21521,0.14201563596725464
TEST_21522,0.0044259135611355305
TEST_21525,0.048011090606451035
TEST_21526,0.2935931980609894
TEST_21541,0.1124277263879776
TEST_21552,0.002718764590099454
TEST_21556,0.12246004492044449
TEST_21568,0.15787851810455322
TEST_21582,0.05297281965613365
TEST_21583,0.07657218724489212
TEST_21594,0.24697719514369965
TEST_21597,0.09660714119672775
TEST_21600,0.3934767246246338
TEST_21601,0.24184955656528473
TEST_21604,0.13661299645900726
TEST_21605,0.11812134087085724
TEST_21618,0.15720443427562714
TEST_21619,0.003998841159045696
TEST_21621,0.1968977004289627
TEST_21624,0.06545936316251755
TEST_21625,0.11949778348207474
TEST_21634,0.07005944103002548
TEST_21639,0.003251810325309634
TEST_21642,0.1965663731098175
TEST_21648,0.19664552807807922
TEST_21650,0.1451946496963501
TEST_21652,0.1678389012813568
TEST_21656,0.12868539988994598
TEST_21662,0.28036653995513916
TEST_21665,0.054353415966033936
TEST_21680,0.002974872011691332
TEST_21681,0.0019738413393497467
TEST_21689,0.002514716936275363
TEST_21690,0.15767589211463928
TEST_21692,0.0651211366057396
TEST_21705,0.2631104290485382
TEST_21708,0.0022452976554632187
TEST_21710,0.054488882422447205
TEST_21715,0.05285908654332161
TEST_21719,0.002827131887897849
TEST_21724,0.14099417626857758
TEST_21726,0.05119217932224274
TEST_21728,0.10439977049827576
TEST_21738,0.03386158123612404
TEST_21756,0.11863654106855392
TEST_21757,0.15641935169696808
TEST_21760,0.22751201689243317
TEST_21765,0.05036543682217598
TEST_21775,0.23714500665664673
TEST_21777,0.15549065172672272
TEST_21782,0.07713448256254196
TEST_21784,0.1766359657049179
TEST_21788,0.0020034126937389374
TEST_21795,0.002632660325616598
TEST_21802,0.09845513850450516
TEST_21804,0.26561239361763
TEST_21812,0.0030819005332887173
TEST_21816,0.002435017377138138
TEST_21821,0.11915945261716843
TEST_21825,0.14393797516822815
TEST_21828,0.20974895358085632
TEST_21830,0.0788862556219101
TEST_21836,0.14757294952869415
TEST_21843,0.12933458387851715
TEST_21858,0.0038886023685336113
TEST_21860,0.17203448712825775
TEST_21873,0.10424521565437317
TEST_21879,0.21863868832588196
TEST_21895,0.11874596774578094
TEST_21896,0.2491975724697113
TEST_21899,0.11656014621257782
TEST_21900,0.13139981031417847
TEST_21902,0.0023005246184766293
TEST_21905,0.002649571280926466
TEST_21924,0.20554888248443604
TEST_21925,0.08221595734357834
TEST_21941,0.007641091477125883
TEST_21948,0.03427083417773247
TEST_21950,0.11481446772813797
TEST_21953,0.36326804757118225
TEST_21966,0.10028447955846786
TEST_21970,0.17526613175868988
TEST_21972,0.0019756066612899303
TEST_21977,0.1923680603504181
TEST_21979,0.21578633785247803
TEST_21984,0.0067176553420722485
TEST_21990,0.003113724524155259
TEST_21995,0.026148421689867973
TEST_22000,0.09303485602140427
TEST_22010,0.1459796130657196
TEST_22014,0.0734683945775032
TEST_22019,0.0017951998161152005
TEST_22024,0.18594719469547272
TEST_22030,0.125240296125412
TEST_22037,0.0855434387922287
TEST_22042,0.27608340978622437
TEST_22043,0.004168068058788776
TEST_22045,0.299763023853302
TEST_22049,0.12267543375492096
TEST_22059,0.189439594745636
TEST_22062,0.12427186965942383
TEST_22064,0.003480661427602172
TEST_22082,0.1325979232788086
TEST_22084,0.004936777055263519
TEST_22090,0.18742820620536804
TEST_22092,0.12423534691333771
TEST_22099,0.19266076385974884
TEST_22110,0.002638669917359948
TEST_22115,0.2731492817401886
TEST_22116,0.14775045216083527
TEST_22120,0.09495340287685394
TEST_22130,0.017954563722014427
TEST_22131,0.19102267920970917
TEST_22133,0.002675751456990838
TEST_22136,0.06900455057621002
TEST_22137,0.173570916056633
TEST_22139,0.17462657392024994
TEST_22143,0.1285867691040039
TEST_22148,0.0020121028646826744
TEST_22151,0.003125897841528058
TEST_22170,0.1834690123796463
TEST_22172,0.18294048309326172
TEST_22182,0.16464073956012726
TEST_22184,0.15002505481243134
TEST_22186,0.11329114437103271
TEST_22187,0.0028532634023576975
TEST_22193,0.042393047362565994
TEST_22194,0.06684456765651703
TEST_22198,0.003442611312493682
TEST_22207,0.19176317751407623
TEST_22217,0.0032464107498526573
TEST_22224,0.001954164821654558
TEST_22231,0.14513647556304932
TEST_22236,0.12695376574993134
TEST_22248,0.07980259507894516
TEST_22249,0.16611187160015106
TEST_22253,0.12803301215171814
TEST_22255,0.2197759747505188
TEST_22259,0.13331609964370728
TEST_22262,0.052137356251478195
TEST_22263,0.1252446472644806
TEST_22272,0.12163755297660828
TEST_22286,0.1313101053237915
TEST_22290,0.1820618361234665
TEST_22304,0.1280670166015625
TEST_22306,0.08873023092746735
TEST_22311,0.0018986478680744767
TEST_22317,0.0769602507352829
TEST_22331,0.21904022991657257
TEST_22332,0.3190867304801941
TEST_22336,0.16068659722805023
TEST_22338,0.13054683804512024
TEST_22342,0.13461431860923767
TEST_22349,0.05579385533928871
TEST_22358,0.06590445339679718
TEST_22360,0.1688455492258072
TEST_22361,0.16839949786663055
TEST_22367,0.12473189830780029
TEST_22368,0.18007168173789978
TEST_22376,0.002320517087355256
TEST_22385,0.05584662780165672
TEST_22386,0.046960532665252686
TEST_22387,0.0021489704959094524
TEST_22388,0.002968639601022005
TEST_22392,0.04547998309135437
TEST_22407,0.0023031888995319605
TEST_22418,0.025649065151810646
TEST_22423,0.18397876620292664
TEST_22427,0.13711725175380707
TEST_22428,0.2110893428325653
TEST_22432,0.22126367688179016
TEST_22434,0.10883820056915283
TEST_22449,0.13855195045471191
TEST_22460,0.14952847361564636
TEST_22468,0.16886471211910248
TEST_22469,0.0851839929819107
TEST_22476,0.002797855529934168
TEST_22485,0.18102627992630005
TEST_22487,0.04827567934989929
TEST_22493,0.05358238145709038
TEST_22495,0.007031637243926525
TEST_22509,0.04994925856590271
TEST_22513,0.24249756336212158
TEST_22521,0.1028415709733963
TEST_22527,0.15804605185985565
TEST_22531,0.17939269542694092
TEST_22532,0.0034400050062686205
TEST_22538,0.1692376583814621
TEST_22539,0.12163710594177246
TEST_22541,0.054678745567798615
TEST_22552,0.002756106434389949
TEST_22555,0.0053802174516022205
TEST_22556,0.1696934551000595
TEST_22559,0.11657152324914932
TEST_22569,0.004086831584572792
TEST_22583,0.16367051005363464
TEST_22586,0.07152549922466278
TEST_22593,0.12467460334300995
TEST_22602,0.0026315348222851753
TEST_22604,0.16753196716308594
TEST_22614,0.1286149024963379
TEST_22623,0.0017552596982568502
TEST_22633,0.2233145534992218
TEST_22635,0.3444025218486786
TEST_22638,0.21373865008354187
TEST_22641,0.08668883889913559
TEST_22643,0.18719978630542755
TEST_22647,0.14715085923671722
TEST_22649,0.11362388730049133
TEST_22650,0.12614266574382782
TEST_22659,0.0025005151983350515
TEST_22662,0.026953687891364098
TEST_22677,0.04944512993097305
TEST_22684,0.07931689918041229
TEST_22688,0.20357473194599152
TEST_22691,0.0028073666617274284
TEST_22692,0.08350206911563873
TEST_22712,0.16662827134132385
TEST_22717,0.0025905855000019073
TEST_22718,0.004758782684803009
TEST_22720,0.29777178168296814
TEST_22724,0.10297469049692154
TEST_22725,0.1338569074869156
TEST_22731,0.17572444677352905
TEST_22736,0.18964894115924835
TEST_22738,0.08208499848842621
TEST_22740,0.19083692133426666
TEST_22749,0.22584746778011322
TEST_22760,0.15394030511379242
TEST_22761,0.0198400616645813
TEST_22764,0.17656709253787994
TEST_22771,0.14211320877075195
TEST_22778,0.07964874804019928
TEST_22782,0.377036452293396
TEST_22788,0.23428572714328766
TEST_22789,0.15809093415737152
TEST_22792,0.0036821395624428988
TEST_22795,0.11285270750522614
TEST_22796,0.1374068260192871
TEST_22801,0.1525965929031372
TEST_22802,0.04755811393260956
TEST_22805,0.1321500837802887
TEST_22810,0.08549618721008301
TEST_22813,0.05134505778551102
TEST_22817,0.0750131756067276
TEST_22819,0.07232043147087097
TEST_22822,0.32954832911491394
TEST_22824,0.14692392945289612
TEST_22827,0.05140245705842972
TEST_22829,0.1759774088859558
TEST_22831,0.25804808735847473
TEST_22833,0.2225150763988495
TEST_22851,0.1020566001534462
TEST_22861,0.1428803950548172
TEST_22864,0.11300228536128998
TEST_22869,0.18587234616279602
TEST_22872,0.003416839288547635
TEST_22874,0.13774742186069489
TEST_22875,0.07465977221727371
TEST_22876,0.10579389333724976
TEST_22877,0.14229093492031097
TEST_22883,0.1476689726114273
TEST_22884,0.19238077104091644
TEST_22886,0.27298441529273987
TEST_22894,0.003058507340028882
TEST_22903,0.11692273616790771
TEST_22907,0.13546425104141235
TEST_22908,0.1481001228094101
TEST_22911,0.10824871063232422
TEST_22921,0.002983927959576249
TEST_22922,0.11144652962684631
TEST_22933,0.002359703416004777
TEST_22936,0.11672132462263107
TEST_22938,0.1604093611240387
TEST_22942,0.08737189322710037
TEST_22945,0.20507870614528656
TEST_22947,0.13989752531051636
TEST_22950,0.01518157683312893
TEST_22958,0.21381080150604248
TEST_22959,0.0019080855417996645
TEST_22962,0.09882215410470963
TEST_22965,0.045883659273386
TEST_22968,0.0037569827400147915
TEST_22971,0.00313170556910336
TEST_22972,0.2500026226043701
TEST_22975,0.14264272153377533
TEST_22980,0.05454026162624359
TEST_22982,0.2626475393772125
TEST_22989,0.20070254802703857
TEST_22991,0.22956883907318115
TEST_22995,0.050201281905174255
TEST_22997,0.0070526935160160065
TEST_22999,0.22644662857055664
TEST_23008,0.03253364935517311
TEST_23012,0.0025306197348982096
TEST_23013,0.07785999029874802
TEST_23014,0.0024672597646713257
TEST_23023,0.30702894926071167
TEST_23030,0.1110633909702301
TEST_23037,0.003767540445551276
TEST_23044,0.12458515912294388
TEST_23047,0.13209186494350433
TEST_23051,0.12239430844783783
TEST_23061,0.0036361687816679478
TEST_23067,0.2915201187133789
TEST_23077,0.1076766848564148
TEST_23079,0.1180957704782486
TEST_23081,0.0632295161485672
TEST_23082,0.013646556995809078
TEST_23083,0.004793125670403242
TEST_23084,0.05076723173260689
TEST_23086,0.09728702902793884
TEST_23087,0.23465870320796967
TEST_23093,0.10054321587085724
TEST_23108,0.0019195833010599017
TEST_23112,0.11495335400104523
TEST_23119,0.15985317528247833
TEST_23120,0.25578048825263977
TEST_23124,0.20386990904808044
TEST_23132,0.12689892947673798
TEST_23138,0.15382389724254608
TEST_23151,0.0032180827111005783
TEST_23152,0.08856146037578583
TEST_23166,0.0025536278262734413
TEST_23174,0.1542949676513672
TEST_23183,0.155588299036026
TEST_23193,0.20563295483589172
TEST_23196,0.1626126766204834
TEST_23197,0.054946500808000565
TEST_23200,0.007155973929911852
TEST_23206,0.20418941974639893
TEST_23209,0.002748180413618684
TEST_23211,0.1418752819299698
TEST_23212,0.1321830302476883
TEST_23214,0.15847471356391907
TEST_23216,0.0877707302570343
TEST_23220,0.08705872297286987
TEST_23221,0.10643107444047928
TEST_23238,0.14380380511283875
TEST_23246,0.40159881114959717
TEST_23250,0.1112433448433876
TEST_23251,0.19440977275371552
TEST_23252,0.16555584967136383
TEST_23256,0.015703873708844185
TEST_23259,0.15059097111225128
TEST_23265,0.011154010891914368
TEST_23268,0.0033004197757691145
TEST_23278,0.14999936521053314
TEST_23285,0.05327508598566055
TEST_23292,0.13829173147678375
TEST_23293,0.12113957107067108
TEST_23298,0.11088711023330688
TEST_23302,0.03890964761376381
TEST_23310,0.284747838973999
TEST_23311,0.14466093480587006
TEST_23328,0.002639040118083358
TEST_23332,0.12079466879367828
TEST_23334,0.203428715467453
TEST_23339,0.24636110663414001
TEST_23341,0.048629745841026306
TEST_23346,0.0504387691617012
TEST_23347,0.16698572039604187
TEST_23355,0.00301297171972692
TEST_23364,0.18957924842834473
TEST_23369,0.11909358203411102
TEST_23373,0.14430518448352814
TEST_23375,0.1149408370256424
TEST_23377,0.028599916025996208
TEST_23378,0.2611564099788666
TEST_23387,0.002789418213069439
TEST_23394,0.3260195851325989
TEST_23396,0.24668475985527039
TEST_23400,0.0033247070387005806
TEST_23401,0.17290067672729492
TEST_23409,0.12172466516494751
TEST_23412,0.15066136419773102
TEST_23416,0.16841338574886322
TEST_23428,0.11993394792079926
TEST_23438,0.04787652567028999
TEST_23448,0.13132181763648987
TEST_23451,0.09175778925418854
TEST_23461,0.0030003467109054327
TEST_23462,0.1470547318458557
TEST_23467,0.19970300793647766
TEST_23475,0.1316242218017578
TEST_23481,0.13213735818862915
TEST_23488,0.03920315206050873
TEST_23499,0.0039837658405303955
TEST_23504,0.007041006814688444
TEST_23506,0.07047630846500397
TEST_23507,0.05341213569045067
TEST_23511,0.15591216087341309
TEST_23516,0.1740395575761795
TEST_23518,0.04321736842393875
TEST_23522,0.23739372193813324
TEST_23525,0.11001034080982208
TEST_23527,0.15532946586608887
TEST_23529,0.17513445019721985
TEST_23531,0.042613014578819275
TEST_23533,0.18642790615558624
TEST_23534,0.0035922133829444647
TEST_23536,0.09215231239795685
TEST_23548,0.003666927572339773
TEST_23555,0.007089327555149794
TEST_23557,0.0492638498544693
TEST_23562,0.1731736958026886
TEST_23568,0.19318079948425293
TEST_23571,0.10773996263742447
TEST_23574,0.1196727603673935
TEST_23580,0.2749538719654083
TEST_23581,0.12471507489681244
TEST_23588,0.19524069130420685
TEST_23599,0.25875622034072876
TEST_23611,0.12234200537204742
TEST_23613,0.09363938868045807
TEST_23614,0.18324558436870575
TEST_23620,0.19654102623462677
TEST_23621,0.13604694604873657
TEST_23626,0.028580956161022186
TEST_23631,0.184127539396286
TEST_23656,0.03746834397315979
TEST_23671,0.1550157070159912
TEST_23683,0.11969887465238571
TEST_23684,0.17592433094978333
TEST_23687,0.0021070153452455997
TEST_23704,0.1496858447790146
TEST_23705,0.13126108050346375
TEST_23712,0.2184351533651352
TEST_23726,0.0821729227900505
TEST_23727,0.0965813547372818
TEST_23736,0.12064807116985321
TEST_23737,0.1283126175403595
TEST_23744,0.04800240695476532
TEST_23762,0.16261333227157593
TEST_23767,0.19310526549816132
TEST_23771,0.14457087218761444
TEST_23776,0.054103296250104904
TEST_23779,0.165959432721138
TEST_23780,0.13046811521053314
TEST_23785,0.10600928217172623
TEST_23787,0.08922187983989716
TEST_23792,0.08161764591932297
TEST_23804,0.05462527275085449
TEST_23806,0.3847387135028839
TEST_23810,0.0793222188949585
TEST_23811,0.18046532571315765
TEST_23812,0.13392460346221924
TEST_23816,0.18640321493148804
TEST_23827,0.1918068826198578
TEST_23835,0.19596341252326965
TEST_23843,0.1485721319913864
TEST_23847,0.05836106464266777
TEST_23855,0.12148509919643402
TEST_23858,0.27993786334991455
TEST_23860,0.002196965739130974
TEST_23864,0.14016863703727722
TEST_23870,0.10163938999176025
TEST_23872,0.28789857029914856
TEST_23874,0.08384720236063004
TEST_23877,0.18880073726177216
TEST_23887,0.06037294492125511
TEST_23893,0.05082688480615616
TEST_23894,0.1843082755804062
TEST_23896,0.11258845031261444
TEST_23900,0.1083211898803711
TEST_23908,0.15145404636859894
TEST_23909,0.08055757731199265
TEST_23916,0.04242613911628723
TEST_23919,0.1386309564113617
TEST_23925,0.16366522014141083
TEST_23928,0.04470006003975868
TEST_23935,0.10548372566699982
TEST_23939,0.006854102946817875
TEST_23941,0.07120538502931595
TEST_23943,0.07786601781845093
TEST_23954,0.0019187354482710361
TEST_23962,0.19337999820709229
TEST_23963,0.14351291954517365
TEST_23973,0.11724533140659332
TEST_23977,0.17950397729873657
TEST_23982,0.29473212361335754
TEST_23985,0.011497450061142445
TEST_23988,0.002882562344893813
TEST_23990,0.25119295716285706
TEST_23992,0.28900855779647827
TEST_23995,0.264102965593338
TEST_24002,0.35303717851638794
TEST_24006,0.10611314326524734
TEST_24008,0.13075381517410278
TEST_24014,0.08542290329933167
TEST_24022,0.09401818364858627
TEST_24026,0.04622006416320801
TEST_24034,0.0029861314687877893
TEST_24036,0.0022534369491040707
TEST_24041,0.24545955657958984
TEST_24043,0.319107323884964
TEST_24046,0.0033460797276347876
TEST_24047,0.07846669107675552
TEST_24049,0.09541443735361099
TEST_24050,0.13516129553318024
TEST_24053,0.3878035843372345
TEST_24054,0.0024615779984742403
TEST_24059,0.2945547103881836
TEST_24076,0.0025637110229581594
TEST_24079,0.22916610538959503
TEST_24082,0.19087739288806915
TEST_24084,0.0030812686309218407
TEST_24093,0.23569926619529724
TEST_24095,0.08852501213550568
TEST_24097,0.018301742151379585
TEST_24098,0.09694823622703552
TEST_24099,0.08689573407173157
TEST_24100,0.210636705160141
TEST_24107,0.11385433375835419
TEST_24109,0.0020736355800181627
TEST_24121,0.15287016332149506
TEST_24132,0.18352195620536804
TEST_24137,0.1104496493935585
TEST_24146,0.11129939556121826
TEST_24147,0.1410527378320694
TEST_24150,0.0029858401976525784
TEST_24155,0.08654164522886276
TEST_24160,0.003315887413918972
TEST_24168,0.0028523202054202557
TEST_24174,0.07473800331354141
TEST_24175,0.11990145593881607
TEST_24177,0.09840498864650726
TEST_24192,0.011810575611889362
TEST_24194,0.18718430399894714
TEST_24196,0.17637722194194794
TEST_24206,0.1383942812681198
TEST_24210,0.05972914397716522
TEST_24213,0.1766069382429123
TEST_24215,0.0027875660452991724
TEST_24220,0.1348271369934082
TEST_24226,0.13311511278152466
TEST_24230,0.13579615950584412
TEST_24237,0.10310127586126328
TEST_24239,0.03292565792798996
TEST_24240,0.09095630049705505
TEST_24243,0.002140639815479517
TEST_24245,0.05257813632488251
TEST_24262,0.0022230001632124186
TEST_24263,0.1346513032913208
TEST_24265,0.10849173367023468
TEST_24267,0.2011832445859909
TEST_24268,0.13377323746681213
TEST_24272,0.046609241515398026
TEST_24273,0.2124144732952118
TEST_24274,0.3734976053237915
TEST_24276,0.13443315029144287
TEST_24277,0.11293026804924011
TEST_24278,0.12237260490655899
TEST_24284,0.17178978025913239
TEST_24286,0.10709352046251297
TEST_24291,0.144372820854187
TEST_24297,0.07284573465585709
TEST_24302,0.09297788888216019
TEST_24304,0.05222689360380173
TEST_24312,0.13548848032951355
TEST_24315,0.08097997307777405
TEST_24335,0.19198910892009735
TEST_24336,0.15419995784759521
TEST_24340,0.1315918266773224
TEST_24343,0.15536107122898102
TEST_24354,0.15552295744419098
TEST_24359,0.1540137529373169
TEST_24360,0.13706055283546448
TEST_24365,0.14156806468963623
TEST_24369,0.09915924072265625
TEST_24376,0.18074193596839905
TEST_24377,0.02814757265150547
TEST_24378,0.09799608588218689
TEST_24380,0.0028875640127807856
TEST_24388,0.20123213529586792
TEST_24389,0.18285512924194336
TEST_24390,0.0029958654195070267
TEST_24394,0.046478308737277985
TEST_24396,0.0420522540807724
TEST_24403,0.13339963555335999
TEST_24406,0.10984042286872864
TEST_24411,0.26948362588882446
TEST_24414,0.1172461211681366
TEST_24417,0.09532838314771652
TEST_24437,0.05278335139155388
TEST_24446,0.0022949809208512306
TEST_24447,0.05633435770869255
TEST_24448,0.1886606365442276
TEST_24449,0.46593910455703735
TEST_24457,0.24291473627090454
TEST_24467,0.11301922798156738
TEST_24468,0.16767288744449615
TEST_24469,0.11987733840942383
TEST_24472,0.07610997557640076
TEST_24474,0.16251084208488464
TEST_24481,0.10053864866495132
TEST_24495,0.25140681862831116
TEST_24499,0.2207300364971161
TEST_24503,0.2399148941040039
TEST_24507,0.19608676433563232
TEST_24521,0.08076514303684235
TEST_24530,0.002204146469011903
TEST_24533,0.2346406728029251
TEST_24542,0.13146182894706726
TEST_24546,0.045349374413490295
TEST_24556,0.08295706659555435
TEST_24562,0.0986795499920845
TEST_24566,0.23388515412807465
TEST_24567,0.2511672079563141
TEST_24568,0.0466092973947525
TEST_24579,0.12182039022445679
TEST_24580,0.14996665716171265
TEST_24585,0.1900535523891449
TEST_24606,0.0023206453770399094
TEST_24608,0.04251011461019516
TEST_24610,0.43861258029937744
TEST_24613,0.23291638493537903
TEST_24619,0.09304635226726532
TEST_24622,0.004793569911271334
TEST_24624,0.16747412085533142
TEST_24625,0.261920303106308
TEST_24630,0.017835350707173347
TEST_24633,0.1160271167755127
TEST_24636,0.24441112577915192
TEST_24641,0.1744157075881958
TEST_24644,0.20913386344909668
TEST_24645,0.008676767349243164
TEST_24648,0.08547399938106537
TEST_24651,0.23137204349040985
TEST_24662,0.18771333992481232
TEST_24664,0.14970289170742035
TEST_24665,0.0032436749897897243
TEST_24667,0.16160112619400024
TEST_24674,0.04928349703550339
TEST_24680,0.13419991731643677
TEST_24694,0.004115043208003044
TEST_24698,0.24813982844352722
TEST_24702,0.07466453313827515
TEST_24704,0.025096166878938675
TEST_24705,0.16853390634059906
TEST_24706,0.11704681068658829
TEST_24708,0.0050733331590890884
TEST_24712,0.1065470278263092
TEST_24716,0.10450297594070435
TEST_24725,0.05685988441109657
TEST_24728,0.14968857169151306
TEST_24730,0.21258381009101868
TEST_24736,0.0036921834107488394
TEST_24739,0.12375566363334656
TEST_24740,0.07349493354558945
TEST_24744,0.2568010091781616
TEST_24747,0.03451177105307579
TEST_24752,0.208584725856781
TEST_24757,0.05198689550161362
TEST_24764,0.10121344774961472
TEST_24768,0.0020342054776847363
TEST_24778,0.10688771307468414
TEST_24791,0.09646282345056534
TEST_24792,0.1264054775238037
TEST_24794,0.13070952892303467
TEST_24800,0.0061724185943603516
TEST_24802,0.2977699935436249
TEST_24804,0.0017972232308238745
TEST_24816,0.157464861869812
TEST_24822,0.11578024923801422
TEST_24831,0.06714385002851486
TEST_24837,0.05440142750740051
TEST_24838,0.44410184025764465
TEST_24839,0.24289391934871674
TEST_24844,0.16968268156051636
TEST_24847,0.125917449593544
TEST_24848,0.062488898634910583
TEST_24851,0.04210304468870163
TEST_24856,0.11689043045043945
TEST_24858,0.1335914134979248
TEST_24873,0.0047837598249316216
TEST_24876,0.17447130382061005
TEST_24878,0.19098760187625885
TEST_24879,0.09787444770336151
TEST_24885,0.183078333735466
TEST_24891,0.16214796900749207
TEST_24893,0.048642802983522415
TEST_24895,0.01443982869386673
TEST_24899,0.11976766586303711
TEST_24900,0.3462015688419342
TEST_24903,0.3578123152256012
TEST_24904,0.09317202866077423
TEST_24905,0.007761855144053698
TEST_24907,0.1949666440486908
TEST_24910,0.23949620127677917
TEST_24915,0.4014779031276703
TEST_24918,0.1655835062265396
TEST_24929,0.0321379080414772
TEST_24931,0.10859241336584091
TEST_24932,0.057468824088573456
TEST_24934,0.0025029222015291452
TEST_24943,0.1542653739452362
TEST_24947,0.12420506030321121
TEST_24957,0.18249167501926422
TEST_24959,0.06739366054534912
TEST_24964,0.16246925294399261
TEST_24966,0.05769340693950653
TEST_24968,0.22338084876537323
TEST_24972,0.10147786140441895
TEST_24984,0.23598088324069977
TEST_24989,0.2055034041404724
TEST_24990,0.03746132180094719
TEST_24999,0.12079202383756638
TEST_25003,0.004155184607952833
TEST_25004,0.09949611127376556
TEST_25012,0.1301472932100296
TEST_25014,0.005751680117100477
TEST_25015,0.18767891824245453
TEST_25016,0.004301512148231268
TEST_25020,0.14925135672092438
TEST_25021,0.1690700352191925
TEST_25022,0.00378971453756094
TEST_25031,0.13312695920467377
TEST_25034,0.004735107533633709
TEST_25036,0.0940696969628334
TEST_25038,0.08487056940793991
TEST_25040,0.002061855513602495
TEST_25044,0.10200471431016922
TEST_25048,0.004634567070752382
TEST_25052,0.2906383275985718
TEST_25054,0.04630900174379349
TEST_25055,0.19009053707122803
TEST_25081,0.18582677841186523
TEST_25082,0.1023733913898468
TEST_25086,0.08456902205944061
TEST_25102,0.0023764497600495815
TEST_25107,0.06246624141931534
TEST_25109,0.27397170662879944
TEST_25115,0.0026701539754867554
TEST_25117,0.09288769960403442
TEST_25120,0.17840315401554108
TEST_25125,0.0030818700324743986
TEST_25126,0.09304630756378174
TEST_25138,0.0021531800739467144
TEST_25144,0.002889328869059682
TEST_25145,0.029656769707798958
TEST_25147,0.0861775353550911
TEST_25153,0.11212345957756042
TEST_25156,0.1361963152885437
TEST_25158,0.09872870147228241
TEST_25163,0.1596909612417221
TEST_25172,0.13016365468502045
TEST_25173,0.20416544377803802
TEST_25176,0.1425241082906723
TEST_25187,0.15405955910682678
TEST_25188,0.17599888145923615
TEST_25191,0.15378108620643616
TEST_25196,0.2818261384963989
TEST_25197,0.003034174907952547
TEST_25198,0.0037265829741954803
TEST_25200,0.29816675186157227
TEST_25209,0.17476694285869598
TEST_25210,0.2757721543312073
TEST_25213,0.12018636614084244
TEST_25219,0.10779936611652374
TEST_25227,0.18735091388225555
TEST_25233,0.1552719622850418
TEST_25243,0.08026015013456345
TEST_25244,0.004941505379974842
TEST_25247,0.044747691601514816
TEST_25256,0.09270548820495605
TEST_25264,0.00406082347035408
TEST_25265,0.11157145351171494
TEST_25272,0.05863996967673302
TEST_25276,0.2977678179740906
TEST_25278,0.00569851603358984
TEST_25288,0.22325308620929718
TEST_25289,0.23305010795593262
TEST_25295,0.11156528443098068
TEST_25298,0.07672544568777084
TEST_25301,0.19654656946659088
TEST_25316,0.0023289164528250694
TEST_25320,0.142746239900589
TEST_25321,0.2278411090373993
TEST_25322,0.12126860022544861
TEST_25328,0.2137058526277542
TEST_25341,0.19509966671466827
TEST_25344,0.04866994917392731
TEST_25360,0.25953051447868347
TEST_25364,0.002264567883685231
TEST_25369,0.13905994594097137
TEST_25377,0.2725653350353241
TEST_25381,0.19032184779644012
TEST_25383,0.0022503177169710398
TEST_25390,0.3007073700428009
TEST_25396,0.0020025037229061127
TEST_25401,0.18068109452724457
TEST_25417,0.2277592122554779
TEST_25427,0.22590938210487366
TEST_25432,0.11518952995538712
TEST_25436,0.13216979801654816
TEST_25453,0.10585005581378937
TEST_25456,0.24427790939807892
TEST_25475,0.10322606563568115
TEST_25476,0.2808222472667694
TEST_25479,0.30630382895469666
TEST_25490,0.10707266628742218
TEST_25496,0.4382823407649994
TEST_25498,0.27327626943588257
TEST_25499,0.3470293879508972
TEST_25500,0.21316541731357574
TEST_25504,0.002309835981577635
TEST_25507,0.15130789577960968
TEST_25516,0.2751900851726532
TEST_25517,0.13942024111747742
TEST_25518,0.12790429592132568
TEST_25530,0.08155576884746552
TEST_25532,0.24940671026706696
TEST_25535,0.0030359041411429644
TEST_25539,0.008000306785106659
TEST_25547,0.14925143122673035
TEST_25548,0.08137793093919754
TEST_25553,0.11795998364686966
TEST_25554,0.0019315654644742608
TEST_25559,0.17023268342018127
TEST_25573,0.3150382936000824
TEST_25578,0.044719453901052475
TEST_25579,0.3072388470172882
TEST_25590,0.07431862503290176
TEST_25614,0.18837091326713562
TEST_25618,0.1487622708082199
TEST_25619,0.004312444012612104
TEST_25620,0.23111891746520996
TEST_25624,0.0029250960797071457
TEST_25625,0.0018975770799443126
TEST_25628,0.1146673858165741
TEST_25633,0.1365046501159668
TEST_25646,0.002571087796241045
TEST_25657,0.18708550930023193
TEST_25660,0.09905476868152618
TEST_25664,0.04644480347633362
TEST_25672,0.05276300013065338
TEST_25686,0.28715410828590393
TEST_25689,0.0035889102146029472
TEST_25695,0.04495333880186081
TEST_25704,0.1210600733757019
TEST_25706,0.13475868105888367
TEST_25718,0.10725968331098557
TEST_25723,0.11925390362739563
TEST_25725,0.0026130101177841425
TEST_25736,0.0023016890045255423
TEST_25742,0.07984068244695663
TEST_25745,0.19115515053272247
TEST_25746,0.11639800667762756
TEST_25753,0.16824038326740265
TEST_25757,0.08363925665616989
TEST_25760,0.05085036903619766
TEST_25764,0.10436283051967621
TEST_25769,0.08652310818433762
TEST_25770,0.11618910729885101
TEST_25778,0.16989611089229584
TEST_25782,0.05343862250447273
TEST_25783,0.008413027971982956
TEST_25784,0.1557600200176239
TEST_25791,0.05448924005031586
TEST_25793,0.3224964439868927
TEST_25799,0.21084941923618317
TEST_25803,0.16462944447994232
TEST_25807,0.2663193941116333
TEST_25808,0.04719897359609604
TEST_25815,0.1409122198820114
TEST_25816,0.4387926757335663
TEST_25820,0.23923881351947784
TEST_25826,0.11031171679496765
TEST_25828,0.2311292588710785
TEST_25835,0.12861794233322144
TEST_25840,0.1580125093460083
TEST_25843,0.0835934430360794
TEST_25845,0.002422250807285309
TEST_25851,0.05822339653968811
TEST_25858,0.10554113984107971
TEST_25864,0.0019870365504175425
TEST_25868,0.12051686644554138
TEST_25872,0.13514827191829681
TEST_25877,0.20213103294372559
TEST_25880,0.0024110362865030766
TEST_25888,0.09980863332748413
TEST_25889,0.14504683017730713
TEST_25890,0.18686164915561676
TEST_25896,0.0017655962146818638
TEST_25899,0.1822849065065384
TEST_25910,0.16329237818717957
TEST_25911,0.17043723165988922
TEST_25914,0.05450989305973053
TEST_25917,0.22670359909534454
TEST_25928,0.007575499825179577
TEST_25930,0.055532943457365036
TEST_25945,0.1564324051141739
TEST_25952,0.006561459507793188
TEST_25958,0.15302293002605438
TEST_25965,0.003724044421687722
TEST_25970,0.2488604635000229
TEST_25974,0.22674807906150818
TEST_25976,0.0030496041290462017
TEST_25986,0.003412737976759672
TEST_25992,0.4873632788658142
TEST_26010,0.15601012110710144
TEST_26012,0.10324977338314056
TEST_26016,0.39282914996147156
TEST_26017,0.29816558957099915
TEST_26018,0.10511491447687149
TEST_26026,0.0029027769342064857
TEST_26029,0.28283074498176575
TEST_26035,0.10001789033412933
TEST_26044,0.12363256514072418
TEST_26046,0.1266203373670578
TEST_26048,0.19871018826961517
TEST_26050,0.10660441964864731
TEST_26056,0.12941765785217285
TEST_26059,0.03132442384958267
TEST_26061,0.07037044316530228
TEST_26065,0.09521818161010742
TEST_26066,0.10308095067739487
TEST_26074,0.1372763067483902
TEST_26077,0.0029602600261569023
TEST_26082,0.2861330211162567
TEST_26083,0.1025637537240982
TEST_26085,0.13564470410346985
TEST_26087,0.0852961391210556
TEST_26089,0.008275196887552738
TEST_26095,0.09609783440828323
TEST_26101,0.08893910050392151
TEST_26103,0.0038976483047008514
TEST_26115,0.21234340965747833
TEST_26117,0.18071046471595764
TEST_26121,0.09644170105457306
TEST_26123,0.07744073867797852
TEST_26130,0.1294349879026413
TEST_26134,0.37949666380882263
TEST_26141,0.08416103571653366
TEST_26157,0.04274948313832283
TEST_26158,0.07526830583810806
TEST_26163,0.00294269947335124
TEST_26173,0.20352968573570251
TEST_26179,0.20617267489433289
TEST_26184,0.047161564230918884
TEST_26206,0.12509548664093018
TEST_26212,0.24188295006752014
TEST_26222,0.050685495138168335
TEST_26231,0.12080289423465729
TEST_26234,0.0021735839545726776
TEST_26240,0.08043023943901062
TEST_26241,0.09694266319274902
TEST_26249,0.12052302062511444
TEST_26251,0.049754705280065536
TEST_26260,0.10928577929735184
TEST_26262,0.052640944719314575
TEST_26270,0.030624235048890114
TEST_26273,0.05380567908287048
TEST_26279,0.19426573812961578
TEST_26283,0.13345672190189362
TEST_26285,0.08423254638910294
TEST_26286,0.004990670830011368
TEST_26300,0.23202240467071533
TEST_26307,0.17661680281162262
TEST_26310,0.1052754744887352
TEST_26318,0.005621242802590132
TEST_26321,0.09447970241308212
TEST_26335,0.19102418422698975
TEST_26336,0.12954120337963104
TEST_26338,0.048593923449516296
TEST_26342,0.0030107719358056784
TEST_26343,0.11311361193656921
TEST_26345,0.0025051371194422245
TEST_26350,0.05373278260231018
TEST_26356,0.05407454073429108
TEST_26357,0.144562229514122
TEST_26359,0.13985930383205414
TEST_26361,0.07097524404525757
TEST_26362,0.15207825601100922
TEST_26364,0.1395825743675232
TEST_26366,0.20071998238563538
TEST_26367,0.0039582508616149426
TEST_26370,0.17242106795310974
TEST_26374,0.1883513629436493
TEST_26381,0.12238509953022003
TEST_26389,0.05521243438124657
TEST_26392,0.11952880769968033
TEST_26396,0.13404706120491028
TEST_26416,0.15142136812210083
TEST_26422,0.16637898981571198
TEST_26424,0.1527363359928131
TEST_26426,0.11290089786052704
TEST_26428,0.08602683246135712
TEST_26431,0.07423636317253113
TEST_26432,0.10899415612220764
TEST_26443,0.340653657913208
TEST_26469,0.20612135529518127
TEST_26470,0.0028793644160032272
TEST_26473,0.0028622138779610395
TEST_26476,0.03587932884693146
TEST_26480,0.19124531745910645
TEST_26486,0.1033104807138443
TEST_26490,0.044580601155757904
TEST_26504,0.003392597194761038
TEST_26506,0.09174417704343796
TEST_26516,0.0019228006713092327
TEST_26517,0.04452051594853401
TEST_26530,0.10205748677253723
TEST_26536,0.06042736396193504
TEST_26543,0.14227525889873505
TEST_26549,0.00228122784756124
TEST_26573,0.18172253668308258
TEST_26574,0.12853924930095673
TEST_26581,0.04935853183269501
TEST_26584,0.20794454216957092
TEST_26589,0.19301214814186096
TEST_26592,0.13576744496822357
TEST_26608,0.16677850484848022
TEST_26609,0.07307443022727966
TEST_26616,0.1652543544769287
TEST_26619,0.30902713537216187
TEST_26625,0.1133081391453743
TEST_26627,0.0046156952157616615
TEST_26630,0.002805915428325534
TEST_26631,0.16484911739826202
TEST_26640,0.13426151871681213
TEST_26641,0.002320079831406474
TEST_26642,0.023982126265764236
TEST_26643,0.18091453611850739
TEST_26655,0.14339330792427063
TEST_26656,0.1720532923936844
TEST_26665,0.002595284255221486
TEST_26681,0.003074785927310586
TEST_26684,0.10080032050609589
TEST_26692,0.08100488781929016
TEST_26693,0.08405804634094238
TEST_26701,0.06135201454162598
TEST_26708,0.0852126032114029
TEST_26713,0.1127353310585022
TEST_26714,0.19063587486743927
TEST_26721,0.1791517287492752
TEST_26724,0.03592326119542122
TEST_26727,0.06617294251918793
TEST_26740,0.11532430350780487
TEST_26754,0.15166451036930084
TEST_26755,0.09794452786445618
TEST_26758,0.2344856709241867
TEST_26766,0.13290049135684967
TEST_26769,0.013906214386224747
TEST_26776,0.18865883350372314
TEST_26786,0.04545610770583153
TEST_26790,0.11305167526006699
TEST_26795,0.1875496804714203
TEST_26805,0.056582413613796234
TEST_26806,0.14231866598129272
TEST_26808,0.18322911858558655
TEST_26809,0.07025408744812012
TEST_26811,0.1340726763010025
TEST_26813,0.002411773893982172
TEST_26822,0.4271785020828247
TEST_26829,0.07076342403888702
TEST_26844,0.007108774036169052
TEST_26845,0.10006067156791687
TEST_26851,0.11177055537700653
TEST_26853,0.05470968410372734
TEST_26880,0.13996249437332153
TEST_26882,0.026953687891364098
TEST_26892,0.0061668152920901775
TEST_26895,0.2778727114200592
TEST_26906,0.20411160588264465
TEST_26912,0.0019960212521255016
TEST_26914,0.008046397939324379
TEST_26916,0.16557976603507996
TEST_26923,0.10814840346574783
TEST_26928,0.2158133089542389
TEST_26930,0.13917869329452515
TEST_26931,0.00334736960940063
TEST_26934,0.12855644524097443
TEST_26935,0.10234075784683228
TEST_26936,0.27115505933761597
TEST_26946,0.0031895486172288656
TEST_26956,0.32002538442611694
TEST_26958,0.003049589693546295
TEST_26962,0.09046559780836105
TEST_26963,0.41786572337150574
TEST_26967,0.0046861120499670506
TEST_26973,0.19930849969387054
TEST_26982,0.11345174163579941
TEST_26983,0.19577959179878235
TEST_26985,0.1874278485774994
TEST_26989,0.046609241515398026
TEST_26990,0.2341892570257187
TEST_26992,0.0058076148852705956
TEST_27000,0.05503888428211212
TEST_27003,0.03313162550330162
TEST_27006,0.11585064232349396
TEST_27007,0.005257666576653719
TEST_27011,0.13305911421775818
TEST_27014,0.1733001172542572
TEST_27015,0.06615913659334183
TEST_27018,0.030916409566998482
TEST_27021,0.16204097867012024
TEST_27025,0.09744153171777725
TEST_27030,0.22026345133781433
TEST_27042,0.1317809671163559
TEST_27044,0.18000124394893646
TEST_27046,0.097255177795887
TEST_27047,0.04846272990107536
TEST_27049,0.17784754931926727
TEST_27057,0.1376795470714569
TEST_27061,0.255331814289093
TEST_27062,0.009926201775670052
TEST_27063,0.0031589712016284466
TEST_27067,0.09806357324123383
TEST_27070,0.13115793466567993
TEST_27071,0.1627335548400879
TEST_27081,0.19712764024734497
TEST_27082,0.0031663274858146906
TEST_27083,0.04685559123754501
TEST_27085,0.05083603039383888
TEST_27090,0.28253960609436035
TEST_27102,0.1550506055355072
TEST_27105,0.13730871677398682
TEST_27106,0.35169199109077454
TEST_27117,0.02456492744386196
TEST_27120,0.13288173079490662
TEST_27124,0.11573594063520432
TEST_27139,0.2136847972869873
TEST_27142,0.17144900560379028
TEST_27144,0.14025235176086426
TEST_27146,0.28912773728370667
TEST_27148,0.1937132477760315
TEST_27153,0.14977028965950012
TEST_27157,0.004442420322448015
TEST_27164,0.21887798607349396
TEST_27167,0.0028445979114621878
TEST_27169,0.2662089169025421
TEST_27171,0.053659431636333466
TEST_27178,0.0920383632183075
TEST_27180,0.08026302605867386
TEST_27182,0.18393604457378387
TEST_27188,0.09281556308269501
TEST_27193,0.04660234600305557
TEST_27200,0.1975458264350891
TEST_27210,0.11461535096168518
TEST_27215,0.2514176666736603
TEST_27225,0.0021680756472051144
TEST_27231,0.07989249378442764
TEST_27245,0.20584288239479065
TEST_27247,0.046762190759181976
TEST_27252,0.0842365175485611
TEST_27257,0.14234918355941772
TEST_27258,0.0030728548299521208
TEST_27263,0.1267305314540863
TEST_27268,0.0025539780035614967
TEST_27270,0.0029374349396675825
TEST_27272,0.15449072420597076
TEST_27286,0.056253593415021896
TEST_27292,0.039857685565948486
TEST_27295,0.1767640858888626
TEST_27299,0.2023361772298813
TEST_27300,0.0045519545674324036
TEST_27306,0.11309808492660522
TEST_27311,0.16640140116214752
TEST_27312,0.00328298332169652
TEST_27314,0.12351632118225098
TEST_27316,0.39494794607162476
TEST_27317,0.0024242049548774958
TEST_27328,0.002763081341981888
TEST_27342,0.22033348679542542
TEST_27344,0.1710854321718216
TEST_27347,0.20627909898757935
TEST_27350,0.00707238307222724
TEST_27354,0.19270062446594238
TEST_27372,0.1838158667087555
TEST_27373,0.004498538561165333
TEST_27382,0.011422553099691868
TEST_27388,0.02137620933353901
TEST_27395,0.15422950685024261
TEST_27398,0.035354796797037125
TEST_27399,0.2662079632282257
TEST_27406,0.04526510089635849
TEST_27411,0.13629308342933655
TEST_27414,0.003436660161241889
TEST_27415,0.0034399202559143305
TEST_27425,0.003184675704687834
TEST_27426,0.14501632750034332
TEST_27429,0.19011302292346954
TEST_27442,0.1873403787612915
TEST_27448,0.1643429547548294
TEST_27450,0.1617169827222824
TEST_27455,0.001942592323757708
TEST_27460,0.08089358359575272
TEST_27461,0.18080608546733856
TEST_27466,0.04688118025660515
TEST_27472,0.20405691862106323
TEST_27473,0.005939972586929798
TEST_27479,0.00799832958728075
TEST_27480,0.16357159614562988
TEST_27481,0.20481213927268982
TEST_27485,0.1910775601863861
TEST_27486,0.12763091921806335
TEST_27491,0.002741421340033412
TEST_27496,0.10807555168867111
TEST_27500,0.054663557559251785
TEST_27507,0.1389058232307434
TEST_27515,0.13552884757518768
TEST_27525,0.18070268630981445
TEST_27529,0.0025714184157550335
TEST_27530,0.1090167760848999
TEST_27539,0.004070846363902092
TEST_27542,0.08307117968797684
TEST_27551,0.04796972870826721
TEST_27557,0.18863405287265778
TEST_27561,0.04984929412603378
TEST_27570,0.08742229640483856
TEST_27576,0.2029057890176773
TEST_27585,0.18207618594169617
TEST_27593,0.23113740980625153
TEST_27597,0.16191107034683228
TEST_27602,0.1468757838010788
TEST_27621,0.13153329491615295
TEST_27624,0.272909939289093
TEST_27633,0.07666328549385071
TEST_27642,0.002098784549161792
TEST_27662,0.10244933515787125
TEST_27673,0.2754688858985901
TEST_27674,0.006755179725587368
TEST_27675,0.07672616094350815
TEST_27682,0.005106864497065544
TEST_27695,0.09168514609336853
TEST_27699,0.0030030766502022743
TEST_27701,0.048037126660346985
TEST_27705,0.006390477530658245
TEST_27710,0.08989480137825012
TEST_27714,0.09631553292274475
TEST_27717,0.1115536019206047
TEST_27742,0.059778135269880295
TEST_27753,0.003916900604963303
TEST_27757,0.007767840288579464
TEST_27761,0.007869304157793522
TEST_27764,0.04577517509460449
TEST_27767,0.19600988924503326
TEST_27772,0.1754501312971115
TEST_27773,0.12143219262361526
TEST_27776,0.054855573922395706
TEST_27780,0.0026631448417901993
TEST_27782,0.041001543402671814
TEST_27785,0.14921727776527405
TEST_27804,0.24695661664009094
TEST_27805,0.09522225707769394
TEST_27822,0.00224750186316669
TEST_27824,0.0028114845044910908
TEST_27835,0.24227993190288544
TEST_27840,0.13374769687652588
TEST_27843,0.29527565836906433
TEST_27852,0.09701110422611237
TEST_27860,0.15417763590812683
TEST_27861,0.13476839661598206
TEST_27866,0.09314197301864624
TEST_27869,0.051510486751794815
TEST_27870,0.18903902173042297
TEST_27872,0.14025984704494476
TEST_27874,0.13008761405944824
TEST_27878,0.1814277321100235
TEST_27896,0.07352913916110992
TEST_27907,0.004782083444297314
TEST_27908,0.15478110313415527
TEST_27916,0.13694505393505096
TEST_27923,0.15472528338432312
TEST_27928,0.18776032328605652
TEST_27940,0.05511588603258133
TEST_27941,0.3343389630317688
TEST_27944,0.15835770964622498
TEST_27946,0.05599990859627724
TEST_27965,0.13154861330986023
TEST_27971,0.21101915836334229
TEST_27975,0.0425688773393631
TEST_27979,0.26638248562812805
TEST_27980,0.003029908984899521
TEST_27983,0.13454897701740265
TEST_27986,0.10908647626638412
TEST_27989,0.004147528205066919
TEST_27994,0.2821708917617798
TEST_27995,0.003895643400028348
TEST_28001,0.18084445595741272
TEST_28012,0.2642310559749603
TEST_28014,0.12447445839643478
TEST_28016,0.04481857270002365
TEST_28026,0.15043224394321442
TEST_28039,0.14912796020507812
TEST_28040,0.05637284368276596
TEST_28050,0.09721654653549194
TEST_28058,0.20549094676971436
TEST_28065,0.12605194747447968
TEST_28068,0.11178015917539597
TEST_28073,0.06783169507980347
TEST_28092,0.22879758477210999
TEST_28093,0.015661124140024185
TEST_28094,0.3624957203865051
TEST_28097,0.2231174111366272
TEST_28113,0.08818966150283813
TEST_28117,0.04428630322217941
TEST_28122,0.4764930009841919
TEST_28125,0.14059877395629883
TEST_28132,0.11284516751766205
TEST_28135,0.15912257134914398
TEST_28139,0.045697204768657684
TEST_28143,0.13755182921886444
TEST_28144,0.10627865046262741
TEST_28146,0.19601581990718842
TEST_28149,0.09272269904613495
TEST_28150,0.09357935190200806
TEST_28155,0.17468728125095367
TEST_28160,0.1336853802204132
TEST_28166,0.0027492805384099483
TEST_28171,0.09033604711294174
TEST_28174,0.170371875166893
TEST_28175,0.18079005181789398
TEST_28178,0.18227283656597137
TEST_28183,0.10713280737400055
TEST_28187,0.11198688298463821
TEST_28191,0.28661537170410156
TEST_28198,0.13238327205181122
TEST_28199,0.05397406220436096
TEST_28216,0.2718213200569153
TEST_28221,0.0810772031545639
TEST_28226,0.003147826762869954
TEST_28232,0.09347733110189438
TEST_28235,0.13211873173713684
TEST_28239,0.004873066674917936
TEST_28243,0.14434142410755157
TEST_28257,0.07524438947439194
TEST_28266,0.16636721789836884
TEST_28270,0.0028865693602710962
TEST_28271,0.05008857324719429
TEST_28274,0.11566728353500366
TEST_28278,0.004302901215851307
TEST_28281,0.12474630773067474
TEST_28282,0.14891627430915833
TEST_28285,0.009245075285434723
TEST_28304,0.10079289972782135
TEST_28312,0.1073874980211258
TEST_28313,0.27324774861335754
TEST_28314,0.03195132315158844
TEST_28317,0.13077731430530548
TEST_28322,0.011227698996663094
TEST_28323,0.002982411067932844
TEST_28353,0.13156096637248993
TEST_28355,0.2357279658317566
TEST_28361,0.03501078858971596
TEST_28368,0.0040035913698375225
TEST_28374,0.16713769733905792
TEST_28376,0.27550026774406433
TEST_28378,0.18465857207775116
TEST_28384,0.1382872313261032
TEST_28393,0.18022839725017548
TEST_28397,0.1850607693195343
TEST_28407,0.12753388285636902
TEST_28409,0.11765512824058533
TEST_28410,0.3255062699317932
TEST_28415,0.002877220045775175
TEST_28424,0.18088315427303314
TEST_28430,0.09316693991422653
TEST_28439,0.10926233977079391
TEST_28441,0.11221098899841309
TEST_28447,0.048181548714637756
TEST_28450,0.009797447361052036
TEST_28453,0.1634265035390854
TEST_28454,0.10282257944345474
TEST_28456,0.09884664416313171
TEST_28460,0.05350308120250702
TEST_28468,0.24386785924434662
TEST_28470,0.05110430717468262
TEST_28479,0.010035187937319279
TEST_28490,0.002652935916557908
TEST_28494,0.004221620503813028
TEST_28497,0.0016708776820451021
TEST_28498,0.17302151024341583
TEST_28502,0.10613474994897842
TEST_28506,0.002874832134693861
TEST_28521,0.3608665466308594
TEST_28522,0.004671754315495491
TEST_28524,0.18283405900001526
TEST_28529,0.0019078844925388694
TEST_28531,0.05945248156785965
TEST_28532,0.1054455116391182
TEST_28534,0.004048308823257685
TEST_28536,0.1532311588525772
TEST_28549,0.0023939788807183504
TEST_28579,0.10726393759250641
TEST_28585,0.18573591113090515
TEST_28590,0.0026153959333896637
TEST_28593,0.194686159491539
TEST_28600,0.10246043652296066
TEST_28604,0.32870280742645264
TEST_28610,0.010998365469276905
TEST_28611,0.13426198065280914
TEST_28618,0.12279269099235535
TEST_28619,0.061194974929094315
TEST_28627,0.14215178787708282
TEST_28645,0.10344396531581879
TEST_28646,0.16656725108623505
TEST_28655,0.003039131872355938
TEST_28666,0.04917974770069122
TEST_28674,0.1287505328655243
TEST_28679,0.13819031417369843
TEST_28687,0.09998930245637894
TEST_28690,0.1150187999010086
TEST_28694,0.07693256437778473
TEST_28696,0.19736766815185547
TEST_28712,0.23721745610237122
TEST_28716,0.002825257135555148
TEST_28719,0.19729839265346527
TEST_28721,0.13591349124908447
TEST_28722,0.22450785338878632
TEST_28741,0.004331852309405804
TEST_28742,0.18871113657951355
TEST_28750,0.05180305242538452
TEST_28754,0.31795841455459595
TEST_28764,0.21921992301940918
TEST_28770,0.07933055609464645
TEST_28771,0.05445247143507004
TEST_28779,0.0020561821293085814
TEST_28789,0.0028315060772001743
TEST_28790,0.002664033556357026
TEST_28798,0.07287849485874176
TEST_28803,0.18908382952213287
TEST_28804,0.1413263976573944
TEST_28812,0.08301845192909241
TEST_28813,0.0024889521300792694
TEST_28826,0.11275898665189743
TEST_28830,0.003998904023319483
TEST_28831,0.013395723886787891
TEST_28843,0.24933674931526184
TEST_28844,0.14894245564937592
TEST_28853,0.2988789975643158
TEST_28861,0.16684585809707642
TEST_28870,0.0018658360932022333
TEST_28874,0.14879485964775085
TEST_28892,0.18664245307445526
TEST_28894,0.05687214434146881
TEST_28896,0.003082115901634097
TEST_28907,0.0828777551651001
TEST_28912,0.24935853481292725
TEST_28918,0.0025771113578230143
TEST_28924,0.12504644691944122
TEST_28928,0.0031535672023892403
TEST_28929,0.009083614684641361
TEST_28933,0.32568925619125366
TEST_28940,0.13233217597007751
TEST_28944,0.0023300996981561184
TEST_28950,0.1844855695962906
TEST_28956,0.15067818760871887
TEST_28957,0.18360275030136108
TEST_28959,0.16649654507637024
TEST_28966,0.11752777546644211
TEST_28973,0.16196736693382263
TEST_28977,0.09441166371107101
TEST_28982,0.2722994089126587
TEST_28985,0.05590001866221428
TEST_28988,0.043394144624471664
TEST_28990,0.0064010522328317165
TEST_28993,0.05082021281123161
TEST_28996,0.2563800513744354
TEST_28997,0.21621403098106384
TEST_29004,0.20406024158000946
TEST_29014,0.1353784203529358
TEST_29023,0.09961201995611191
TEST_29027,0.004809897392988205
TEST_29029,0.23070771992206573
TEST_29036,0.17777127027511597
TEST_29038,0.15614739060401917
TEST_29040,0.16397236287593842
TEST_29045,0.19204536080360413
TEST_29050,0.11044277250766754
TEST_29053,0.0019313582452014089
TEST_29055,0.09816958010196686
TEST_29063,0.054587677121162415
TEST_29064,0.004525499418377876
TEST_29074,0.0025902865454554558
TEST_29075,0.045947909355163574
TEST_29079,0.0841936394572258
TEST_29081,0.050881147384643555
TEST_29084,0.15374064445495605
TEST_29087,0.3549578785896301
TEST_29099,0.15846645832061768
TEST_29100,0.04985635727643967
TEST_29102,0.00845651887357235
TEST_29105,0.0943029597401619
TEST_29115,0.06337539106607437
TEST_29122,0.0067811813205480576
TEST_29140,0.3107427656650543
TEST_29142,0.042567431926727295
TEST_29163,0.18558308482170105
TEST_29165,0.07676443457603455
TEST_29166,0.3552280068397522
TEST_29167,0.13245683908462524
TEST_29173,0.04784850403666496
TEST_29174,0.10445870459079742
TEST_29194,0.2530278265476227
TEST_29203,0.1041666567325592
TEST_29207,0.1433253437280655
TEST_29208,0.24494847655296326
TEST_29215,0.002925897017121315
TEST_29216,0.08529055863618851
TEST_29222,0.193206325173378
TEST_29229,0.13875381648540497
TEST_29232,0.26488855481147766
TEST_29239,0.18500754237174988
TEST_29242,0.10117245465517044
TEST_29244,0.1901468187570572
TEST_29259,0.047832176089286804
TEST_29269,0.13240860402584076
TEST_29272,0.0026161465793848038
TEST_29274,0.19139595329761505
TEST_29276,0.003138236002996564
TEST_29278,0.21966254711151123
TEST_29284,0.1921633780002594
TEST_29288,0.13009761273860931
TEST_29295,0.1922093629837036
TEST_29302,0.00393387908115983
TEST_29308,0.19068589806556702
TEST_29314,0.5181512832641602
TEST_29318,0.1280936747789383
TEST_29319,0.20787034928798676
TEST_29322,0.2851274609565735
TEST_29333,0.006838120520114899
TEST_29334,0.13965773582458496
TEST_29340,0.003017496084794402
TEST_29343,0.003328756894916296
TEST_29349,0.0020437282510101795
TEST_29356,0.0040420773439109325
TEST_29357,0.07811092585325241
TEST_29362,0.15589261054992676
TEST_29369,0.004816598724573851
TEST_29370,0.04430447518825531
TEST_29371,0.3659108877182007
TEST_29378,0.004332404583692551
TEST_29379,0.16118212044239044
TEST_29384,0.1188475638628006
TEST_29387,0.0031587618868798018
TEST_29398,0.24940896034240723
TEST_29400,0.002538042375817895
TEST_29403,0.15776903927326202
TEST_29410,0.0035409594420343637
TEST_29412,0.0022379762958735228
TEST_29418,0.11729823797941208
TEST_29423,0.002151308348402381
TEST_29429,0.002070698421448469
TEST_29432,0.10025130957365036
TEST_29436,0.0858960673213005
TEST_29438,0.08030405640602112
TEST_29440,0.20239809155464172
TEST_29443,0.0022546141408383846
TEST_29446,0.13328401744365692
TEST_29456,0.05150933191180229
TEST_29463,0.0022370517253875732
TEST_29468,0.29854127764701843
TEST_29485,0.13532692193984985
TEST_29490,0.1581638902425766
TEST_29499,0.003039642469957471
TEST_29503,0.0025601459201425314
TEST_29507,0.0027574996929615736
TEST_29510,0.0029825756791979074
TEST_29524,0.007903101854026318
TEST_29526,0.07740379869937897
TEST_29531,0.10114708542823792
TEST_29543,0.1241871640086174
TEST_29550,0.0028242941480129957
TEST_29556,0.006439086515456438
TEST_29559,0.12054324150085449
TEST_29562,0.26545247435569763
TEST_29566,0.14790180325508118
TEST_29569,0.10291740298271179
TEST_29576,0.12629126012325287
TEST_29582,0.2963172197341919
TEST_29583,0.0019480874761939049
TEST_29584,0.0019530128920450807
TEST_29589,0.22751906514167786
TEST_29590,0.007230691146105528
TEST_29601,0.0016205557622015476
TEST_29605,0.10053800046443939
TEST_29609,0.20002245903015137
TEST_29610,0.2524038553237915
TEST_29616,0.11011840403079987
TEST_29621,0.04714310169219971
TEST_29630,0.1234290823340416
TEST_29632,0.1745842695236206
TEST_29633,0.029486054554581642
TEST_29635,0.11568576097488403
TEST_29637,0.00688097532838583
TEST_29647,0.04454578459262848
TEST_29648,0.16665393114089966
TEST_29654,0.12386203557252884
TEST_29659,0.18982680141925812
TEST_29660,0.18782314658164978
TEST_29670,0.20542055368423462
TEST_29682,0.0021221123170107603
TEST_29683,0.0033549268264323473
TEST_29686,0.0030746085103601217
TEST_29689,0.18379828333854675
TEST_29690,0.07088521122932434
TEST_29691,0.15558506548404694
TEST_29694,0.10767111927270889
TEST_29701,0.1386442333459854
TEST_29705,0.019702982157468796
TEST_29706,0.33004695177078247
TEST_29716,0.2489631474018097
TEST_29723,0.006427435670047998
TEST_29730,0.17966660857200623
TEST_29731,0.21182569861412048
TEST_29758,0.07863199710845947
TEST_29759,0.0922875925898552
TEST_29769,0.1187950000166893
TEST_29778,0.003407807322219014
TEST_29789,0.12319566309452057
TEST_29790,0.11226244270801544
TEST_29795,0.04689076915383339
TEST_29796,0.20439967513084412
TEST_29797,0.16644160449504852
TEST_29811,0.09590025246143341
TEST_29814,0.2565431594848633
TEST_29824,0.2111777365207672
TEST_29826,0.003080768045037985
TEST_29828,0.0029491570312529802
TEST_29830,0.11389418691396713
TEST_29834,0.23262573778629303
TEST_29851,0.09195282310247421
TEST_29860,0.002579500200226903
TEST_29868,0.13196402788162231
TEST_29870,0.12511134147644043
TEST_29885,0.04838188737630844
TEST_29890,0.07305373251438141
TEST_29891,0.05257600545883179
TEST_29892,0.11545905470848083
TEST_29897,0.10880336910486221
TEST_29907,0.15836772322654724
TEST_29912,0.1016930416226387
TEST_29923,0.13801221549510956
TEST_29938,0.08173473924398422
TEST_29948,0.20278289914131165
TEST_29953,0.0030683837831020355
TEST_29979,0.18895487487316132
TEST_29983,0.0291349645704031
TEST_29989,0.13163039088249207
TEST_29990,0.18035678565502167
TEST_29991,0.18738974630832672
TEST_29994,0.002356509678065777
TEST_29996,0.06103827431797981
TEST_29998,0.0877419263124466
TEST_30010,0.055090516805648804
TEST_30025,0.20544588565826416
TEST_30034,0.19017115235328674
TEST_30036,0.16728222370147705
TEST_30041,0.0739046260714531
TEST_30045,0.10420265048742294
TEST_30046,0.11696004867553711
TEST_30063,0.1355741173028946
TEST_30071,0.09905243664979935
TEST_30075,0.03133879229426384
TEST_30081,0.07964905351400375
TEST_30089,0.1573026329278946
TEST_30090,0.14297622442245483
TEST_30093,0.12051883339881897
TEST_30094,0.05242747440934181
TEST_30098,0.0028280962724238634
TEST_30103,0.04603643715381622
TEST_30105,0.14053776860237122
TEST_30106,0.1554962545633316
TEST_30108,0.1659548282623291
TEST_30131,0.19577352702617645
TEST_30138,0.22154882550239563
TEST_30139,0.1595059633255005
TEST_30142,0.17739319801330566
TEST_30143,0.002738600829616189
TEST_30146,0.11612802743911743
TEST_30147,0.11744314432144165
TEST_30151,0.15736979246139526
TEST_30156,0.19806157052516937
TEST_30158,0.13038644194602966
TEST_30165,0.004332578741014004
TEST_30170,0.07715358585119247
TEST_30175,0.13498011231422424
TEST_30178,0.18246647715568542
TEST_30185,0.22939430177211761
TEST_30198,0.0931793600320816
TEST_30205,0.14404675364494324
TEST_30221,0.21038296818733215
TEST_30249,0.1204364001750946
TEST_30250,0.0022776504047214985
TEST_30271,0.0017202699091285467
TEST_30273,0.15051814913749695
TEST_30280,0.06442143768072128
TEST_30281,0.04859984666109085
TEST_30284,0.31515011191368103
TEST_30286,0.12560448050498962
TEST_30287,0.0033841149415820837
TEST_30293,0.12914597988128662
TEST_30298,0.2055872678756714
TEST_30300,0.10526301711797714
TEST_30303,0.14602485299110413
TEST_30307,0.13125203549861908
TEST_30312,0.14554117619991302
TEST_30315,0.002630881266668439
TEST_30318,0.11890606582164764
TEST_30320,0.24836495518684387
TEST_30335,0.4082810580730438
TEST_30336,0.25353488326072693
TEST_30339,0.22695514559745789
TEST_30348,0.004269374068826437
TEST_30353,0.1891159564256668
TEST_30355,0.0024295379407703876
TEST_30361,0.19574065506458282
TEST_30362,0.06339353322982788
TEST_30363,0.18828077614307404
TEST_30364,0.1755669116973877
TEST_30366,0.08098185807466507
TEST_30368,0.12827853858470917
TEST_30374,0.11927461624145508
TEST_30376,0.14204685389995575
TEST_30382,0.14400328695774078
TEST_30389,0.1455075740814209
TEST_30390,0.23250718414783478
TEST_30396,0.2088010311126709
TEST_30410,0.11877751350402832
TEST_30414,0.08656041324138641
TEST_30420,0.14545488357543945
TEST_30421,0.23500487208366394
TEST_30422,0.03665786236524582
TEST_30423,0.2031812220811844
TEST_30436,0.0024775334168225527
TEST_30449,0.1164027526974678
TEST_30451,0.002063427120447159
TEST_30468,0.05235256254673004
TEST_30470,0.18817132711410522
TEST_30474,0.05054173618555069
TEST_30482,0.18372103571891785
TEST_30488,0.10998289287090302
TEST_30496,0.3810809254646301
TEST_30509,0.10823759436607361
TEST_30510,0.1931890994310379
TEST_30515,0.003628502134233713
TEST_30521,0.0038189359474927187
TEST_30522,0.05638810247182846
TEST_30540,0.004024026915431023
TEST_30547,0.07927054911851883
TEST_30550,0.02468079887330532
TEST_30552,0.08096490800380707
TEST_30559,0.21531429886817932
TEST_30562,0.1030300036072731
TEST_30578,0.08351048082113266
TEST_30607,0.003310138825327158
TEST_30608,0.002598799532279372
TEST_30612,0.12299958616495132
TEST_30614,0.06622685492038727
TEST_30615,0.4305189251899719
TEST_30618,0.05556781217455864
TEST_30621,0.0022355217952281237
TEST_30622,0.0036621587350964546
TEST_30629,0.05170424282550812
TEST_30630,0.03200089558959007
TEST_30644,0.10723218321800232
TEST_30645,0.004397634416818619
TEST_30646,0.14934192597866058
TEST_30647,0.12576062977313995
TEST_30648,0.005208108574151993
TEST_30655,0.10537304729223251
TEST_30659,0.0025798315182328224
TEST_30677,0.21588380634784698
TEST_30684,0.1204179972410202
TEST_30685,0.002740283263847232
TEST_30697,0.20358584821224213
TEST_30702,0.054509732872247696
TEST_30703,0.10416962206363678
TEST_30704,0.0480344295501709
TEST_30705,0.19907990097999573
TEST_30712,0.16213054955005646
TEST_30713,0.12889495491981506
TEST_30714,0.35111433267593384
TEST_30715,0.1419300138950348
TEST_30722,0.2963164746761322
TEST_30723,0.06229380518198013
TEST_30725,0.0027489832136780024
TEST_30726,0.26593151688575745
TEST_30728,0.25880327820777893
TEST_30730,0.18794257938861847
TEST_30738,0.0033762759994715452
TEST_30739,0.0036584585905075073
TEST_30741,0.0041162120178341866
TEST_30743,0.2840600907802582
TEST_30749,0.08455919474363327
TEST_30751,0.10341399908065796
TEST_30753,0.1952826827764511
TEST_30760,0.14990635216236115
TEST_30767,0.0034842118620872498
TEST_30774,0.05599964037537575
TEST_30778,0.15119566023349762
TEST_30779,0.2521730363368988
TEST_30787,0.1313495934009552
TEST_30789,0.10801512748003006
TEST_30799,0.1446053385734558
TEST_30801,0.132071852684021
TEST_30809,0.04384244233369827
TEST_30813,0.007592156529426575
TEST_30818,0.14281609654426575
TEST_30821,0.09362756460905075
TEST_30822,0.002869047923013568
TEST_30825,0.2659303545951843
TEST_30833,0.17868563532829285
TEST_30836,0.24782869219779968
TEST_30837,0.35147345066070557
TEST_30839,0.0024586378131061792
TEST_30865,0.1385369747877121
TEST_30867,0.0995464101433754
TEST_30868,0.16448114812374115
TEST_30872,0.1409900039434433
TEST_30884,0.17875291407108307
TEST_30890,0.003952676896005869
TEST_30893,0.001795964315533638
TEST_30895,0.17471003532409668
TEST_30903,0.11821643263101578
TEST_30904,0.04828356206417084
TEST_30913,0.0028868685476481915
TEST_30917,0.18140153586864471
TEST_30922,0.08374035358428955
TEST_30928,0.12404348701238632
TEST_30932,0.29529163241386414
TEST_30933,0.14694032073020935
TEST_30938,0.0032206294126808643
TEST_30944,0.0635562390089035
TEST_30947,0.17581921815872192
TEST_30948,0.007067576982080936
TEST_30950,0.1691727489233017
TEST_30953,0.1293131560087204
TEST_30955,0.2973344326019287
TEST_30959,0.0018766920547932386
TEST_30960,0.10687456279993057
TEST_30969,0.0058748009614646435
TEST_30972,0.18939462304115295
TEST_30977,0.003834162140265107
TEST_30987,0.29850301146507263
TEST_30988,0.29932934045791626
TEST_30992,0.05044151842594147
TEST_30995,0.16420438885688782
TEST_30998,0.09883177280426025
TEST_31001,0.1150684505701065
TEST_31003,0.16701999306678772
TEST_31005,0.08089801669120789
TEST_31011,0.42738649249076843
TEST_31017,0.1883651316165924
TEST_31020,0.25470423698425293
TEST_31027,0.042376793920993805
TEST_31029,0.007291242014616728
TEST_31035,0.062498789280653
TEST_31043,0.005386050324887037
TEST_31050,0.2250659316778183
TEST_31051,0.04938235506415367
TEST_31062,0.1445447951555252
TEST_31066,0.19224730134010315
TEST_31069,0.2184036374092102
TEST_31071,0.1911911517381668
TEST_31076,0.14837941527366638
TEST_31084,0.10472863912582397
TEST_31088,0.007455171551555395
TEST_31096,0.23856008052825928
TEST_31104,0.0024006767198443413
TEST_31108,0.09339163452386856
TEST_31112,0.13443315029144287
TEST_31115,0.1780390739440918
TEST_31116,0.12186332046985626
TEST_31132,0.2852502763271332
TEST_31134,0.203965425491333
TEST_31138,0.19928836822509766
TEST_31147,0.08495389670133591
TEST_31149,0.004079226404428482
TEST_31151,0.0438825860619545
TEST_31153,0.021715885028243065
TEST_31159,0.19080010056495667
TEST_31161,0.07189291715621948
TEST_31163,0.002643781481310725
TEST_31166,0.14773423969745636
TEST_31170,0.023982126265764236
TEST_31174,0.052862491458654404
TEST_31177,0.14978152513504028
TEST_31195,0.11169356107711792
TEST_31199,0.0019471021369099617
TEST_31201,0.04311452433466911
TEST_31203,0.297203004360199
TEST_31212,0.22712796926498413
TEST_31218,0.0023047570139169693
TEST_31220,0.13708461821079254
TEST_31226,0.1120338961482048
TEST_31230,0.4071006774902344
TEST_31233,0.0035821544006466866
TEST_31234,0.18887147307395935
TEST_31238,0.14953473210334778
TEST_31243,0.0020083137787878513
TEST_31249,0.049828752875328064
TEST_31250,0.1400817334651947
TEST_31251,0.10464313626289368
TEST_31252,0.11546120047569275
TEST_31259,0.1629369705915451
TEST_31262,0.08149949461221695
TEST_31267,0.00237811217084527
TEST_31272,0.003219899255782366
TEST_31275,0.1239275187253952
TEST_31276,0.15317422151565552
TEST_31278,0.1832733005285263
TEST_31280,0.002272499492391944
TEST_31291,0.14607363939285278
TEST_31292,0.04902200400829315
TEST_31300,0.04705782234668732
TEST_31306,0.002639660844579339
TEST_31307,0.12021342664957047
TEST_31310,0.07318717241287231
TEST_31312,0.15979745984077454
TEST_31313,0.0033362063113600016
TEST_31315,0.0025408014189451933
TEST_31328,0.14239883422851562
TEST_31330,0.18833453953266144
TEST_31344,0.07251644134521484
TEST_31347,0.09322263300418854
TEST_31348,0.19921530783176422
TEST_31349,0.1786813884973526
TEST_31351,0.3529454469680786
TEST_31358,0.07125085592269897
TEST_31360,0.41529208421707153
TEST_31369,0.17505043745040894
TEST_31371,0.10427122563123703
TEST_31373,0.05628635734319687
TEST_31374,0.07739844173192978
TEST_31375,0.09452767670154572
TEST_31376,0.14894679188728333
TEST_31377,0.04167379438877106
TEST_31379,0.11988386511802673
TEST_31380,0.11872556060552597
TEST_31381,0.14451946318149567
TEST_31391,0.080899178981781
TEST_31402,0.0026875764597207308
TEST_31409,0.002909079659730196
TEST_31410,0.14981549978256226
TEST_31412,0.14613966643810272
TEST_31413,0.0021364055573940277
TEST_31419,0.00526078324764967
TEST_31433,0.1536005735397339
TEST_31437,0.24456427991390228
TEST_31440,0.055517517030239105
TEST_31443,0.2019522786140442
TEST_31456,0.1453971117734909
TEST_31463,0.0032125706784427166
TEST_31468,0.0699232667684555
TEST_31469,0.25066855549812317
TEST_31471,0.051861148327589035
TEST_31477,0.0042261541821062565
TEST_31479,0.17431335151195526
TEST_31497,0.09463201463222504
TEST_31499,0.40930941700935364
TEST_31500,0.004381778184324503
TEST_31505,0.03099782206118107
TEST_31509,0.1465592384338379
TEST_31513,0.07996905595064163
TEST_31525,0.18653416633605957
TEST_31526,0.07300649583339691
TEST_31528,0.3040952980518341
TEST_31529,0.0838039219379425
TEST_31535,0.18503449857234955
TEST_31536,0.08550725877285004
TEST_31543,0.1268284171819687
TEST_31553,0.04970947653055191
TEST_31559,0.004398456308990717
TEST_31564,0.0024207672104239464
TEST_31571,0.031033944338560104
TEST_31577,0.15223345160484314
TEST_31580,0.002448899904266
TEST_31585,0.162497878074646
TEST_31587,0.19954746961593628
TEST_31592,0.20298385620117188
TEST_31593,0.11234360188245773
TEST_31601,0.05516437813639641
TEST_31602,0.19258208572864532
TEST_31603,0.23868583142757416
TEST_31605,0.14663009345531464
TEST_31621,0.12593448162078857
TEST_31623,0.003327110083773732
TEST_31628,0.1569540798664093
TEST_31632,0.23046377301216125
TEST_31635,0.08122280240058899
TEST_31636,0.09111540019512177
TEST_31640,0.07599282264709473
TEST_31657,0.14379224181175232
TEST_31661,0.0026847028639167547
TEST_31670,0.19179199635982513
TEST_31676,0.2129647582769394
TEST_31686,0.003071643877774477
TEST_31688,0.15837685763835907
TEST_31694,0.08185739815235138
TEST_31717,0.07305297255516052
TEST_31719,0.21747365593910217
TEST_31722,0.2082451581954956
TEST_31723,0.049536898732185364
TEST_31731,0.04792609065771103
TEST_31738,0.13305923342704773
TEST_31744,0.0029470440931618214
TEST_31756,0.04668208956718445
TEST_31773,0.19402654469013214
TEST_31782,0.13699550926685333
TEST_31784,0.07857352495193481
TEST_31791,0.16889497637748718
TEST_31793,0.17599427700042725
TEST_31794,0.07754900306463242
TEST_31795,0.16548258066177368
TEST_31818,0.10605047643184662
TEST_31820,0.0022998901549726725
TEST_31832,0.15066124498844147
TEST_31837,0.1184598058462143
TEST_31838,0.04194796457886696
TEST_31842,0.20505669713020325
TEST_31848,0.1501483917236328
TEST_31853,0.04658936336636543
TEST_31855,0.09933721274137497
TEST_31866,0.0028993207961320877
TEST_31867,0.0040613338351249695
TEST_31872,0.0029673203825950623
TEST_31884,0.1400429755449295
TEST_31893,0.00558430515229702
TEST_31894,0.3082660436630249
TEST_31899,0.0043555693700909615
TEST_31903,0.0641484335064888
TEST_31909,0.15526849031448364
TEST_31914,0.004193195607513189
TEST_31915,0.20708972215652466
TEST_31918,0.03577140346169472
TEST_31926,0.0026564414147287607
TEST_31928,0.24572423100471497
TEST_31940,0.10623659193515778
TEST_31950,0.3668175935745239
TEST_31952,0.10908352583646774
TEST_31970,0.370319664478302
TEST_31979,0.18437907099723816
TEST_31980,0.18793368339538574
TEST_31981,0.11880749464035034
TEST_31985,0.1073429062962532
TEST_31991,0.28982648253440857
TEST_31993,0.003122558817267418
TEST_31997,0.13195396959781647
TEST_31998,0.1261528879404068
TEST_32001,0.0489741712808609
TEST_32011,0.2089708000421524
TEST_32016,0.0029473090544342995
TEST_32017,0.15132179856300354
TEST_32019,0.220179483294487
TEST_32022,0.15132416784763336
TEST_32026,0.1605626344680786
TEST_32027,0.0021386989392340183
TEST_32029,0.12932205200195312
TEST_32030,0.20887330174446106
TEST_32037,0.1935240924358368
TEST_32043,0.029931988567113876
TEST_32048,0.1458062380552292
TEST_32050,0.24449294805526733
TEST_32051,0.07921841740608215
TEST_32054,0.13498830795288086
TEST_32059,0.1778985857963562
TEST_32061,0.218618243932724
TEST_32063,0.11317525804042816
TEST_32071,0.0019326850306242704
TEST_32073,0.14714086055755615
TEST_32075,0.003271918511018157
TEST_32081,0.021548796445131302
TEST_32083,0.05637997016310692
TEST_32086,0.07695960253477097
TEST_32087,0.04217690974473953
TEST_32089,0.19522318243980408
TEST_32091,0.17291945219039917
TEST_32093,0.0029455048497766256
TEST_32107,0.22274455428123474
TEST_32108,0.046284738928079605
TEST_32120,0.002165880287066102
TEST_32146,0.15967348217964172
TEST_32152,0.0901409164071083
TEST_32153,0.13590107858181
TEST_32154,0.13313475251197815
TEST_32159,0.07275767624378204
TEST_32169,0.12183307856321335
TEST_32171,0.0024718751665204763
TEST_32190,0.37955498695373535
TEST_32195,0.18922913074493408
TEST_32217,0.0067317793145775795
TEST_32226,0.1817297786474228
TEST_32251,0.1019170731306076
TEST_32252,0.19927723705768585
TEST_32253,0.1883036494255066
TEST_32256,0.18236276507377625
TEST_32267,0.12842108309268951
TEST_32271,0.10204124450683594
TEST_32273,0.22191452980041504
TEST_32282,0.0018523616017773747
TEST_32289,0.0028757585678249598
TEST_32292,0.002496066503226757
TEST_32294,0.12145686894655228
TEST_32304,0.1377926617860794
TEST_32305,0.004660322330892086
TEST_32311,0.0027909043710678816
TEST_32313,0.19080662727355957
TEST_32314,0.1464547961950302
TEST_32320,0.20200754702091217
TEST_32331,0.12281422317028046
TEST_32333,0.05843547359108925
TEST_32341,0.13977055251598358
TEST_32343,0.20383627712726593
TEST_32344,0.10680510103702545
TEST_32350,0.13562703132629395
TEST_32354,0.11854010075330734
TEST_32357,0.12760664522647858
TEST_32359,0.004422009456902742
TEST_32360,0.12295858561992645
TEST_32363,0.00268742348998785
TEST_32364,0.1572788804769516
TEST_32368,0.2215348184108734
TEST_32372,0.015023321844637394
TEST_32374,0.07946313917636871
TEST_32375,0.1985437422990799
TEST_32387,0.12614013254642487
TEST_32388,0.10329911857843399
TEST_32391,0.14950335025787354
TEST_32395,0.04161196947097778
TEST_32396,0.10224855691194534
TEST_32398,0.004504033364355564
TEST_32400,0.1047263815999031
TEST_32404,0.15208642184734344
TEST_32408,0.0513920821249485
TEST_32413,0.21134954690933228
TEST_32414,0.38048839569091797
TEST_32415,0.19302590191364288
TEST_32426,0.12915579974651337
TEST_32429,0.0019362682942301035
TEST_32430,0.19468364119529724
TEST_32431,0.24427878856658936
TEST_32432,0.172712042927742
TEST_32433,0.1914067566394806
TEST_32437,0.16612288355827332
TEST_32446,0.002997065195813775
TEST_32452,0.04442123696208
TEST_32462,0.061360180377960205
TEST_32463,0.16978472471237183
TEST_32474,0.12493642419576645
TEST_32483,0.2302723079919815
TEST_32490,0.2655743658542633
TEST_32499,0.06338614225387573
TEST_32516,0.30805426836013794
TEST_32517,0.10653555393218994
TEST_32525,0.0033831167966127396
TEST_32534,0.10644199699163437
TEST_32535,0.2492525428533554
TEST_32543,0.0022635480854660273
TEST_32552,0.19761085510253906
TEST_32557,0.002184899989515543
TEST_32560,0.24434402585029602
TEST_32568,0.1405172497034073
TEST_32572,0.10833942890167236
TEST_32581,0.02443799376487732
TEST_32594,0.04637126997113228
TEST_32604,0.1930590271949768
TEST_32607,0.004175925627350807
TEST_32618,0.24951379001140594
TEST_32630,0.023113977164030075
TEST_32632,0.09721428900957108
TEST_32634,0.30967506766319275
TEST_32637,0.12445201724767685
TEST_32664,0.07611309736967087
TEST_32665,0.002600979059934616
TEST_32670,0.21683362126350403
TEST_32675,0.09592016786336899
TEST_32682,0.048579394817352295
TEST_32684,0.08422486484050751
TEST_32689,0.0018116312567144632
TEST_32690,0.10898005962371826
TEST_32691,0.27911823987960815
TEST_32693,0.07383081316947937
TEST_32702,0.1927652359008789
TEST_32719,0.2721712589263916
TEST_32725,0.22254684567451477
TEST_32736,0.413205623626709
TEST_32742,0.04281184822320938
TEST_32746,0.10394040495157242
TEST_32752,0.0021596886217594147
TEST_32753,0.2706908583641052
TEST_32756,0.02919699251651764
TEST_32768,0.11721264570951462
TEST_32771,0.08259006589651108
TEST_32788,0.21496020257472992
TEST_32794,0.24724742770195007
TEST_32796,0.002201853087171912
TEST_32798,0.1559978872537613
TEST_32800,0.19516855478286743
TEST_32804,0.0018653703154996037
TEST_32817,0.10327903181314468
TEST_32820,0.055020127445459366
TEST_32833,0.12393920123577118
TEST_32839,0.19014577567577362
TEST_32842,0.2314644157886505
TEST_32853,0.14786526560783386
TEST_32866,0.07934757322072983
TEST_32871,0.14418327808380127
TEST_32884,0.05944662168622017
TEST_32886,0.0936121866106987
TEST_32890,0.0763499066233635
TEST_32892,0.1562761813402176
TEST_32893,0.21434545516967773
TEST_32904,0.14461484551429749
TEST_32908,0.11404088139533997
TEST_32915,0.0016839535674080253
TEST_32925,0.1215166375041008
TEST_32926,0.002782967872917652
TEST_32930,0.004306095652282238
TEST_32931,0.31414833664894104
TEST_32935,0.21299636363983154
TEST_32939,0.002437160350382328
TEST_32940,0.0439068041741848
TEST_32941,0.2716725468635559
TEST_32942,0.16532902419567108
TEST_32945,0.005261924117803574
TEST_32946,0.19139808416366577
TEST_32949,0.22205296158790588
TEST_32955,0.13214395940303802
TEST_32962,0.1311563402414322
TEST_32964,0.16342255473136902
TEST_32966,0.15157631039619446
TEST_32969,0.0027546498458832502
TEST_32972,0.14274393022060394
TEST_32976,0.015380612574517727
TEST_32977,0.15440575778484344
TEST_32979,0.143289253115654
TEST_32980,0.12545324862003326
TEST_32982,0.1175503060221672
TEST_32985,0.1364956945180893
TEST_32990,0.025188591331243515
TEST_32999,0.1692063957452774
TEST_33003,0.18165923655033112
TEST_33004,0.17449066042900085
TEST_33011,0.0043642884120345116
TEST_33014,0.11236505210399628
TEST_33029,0.0026530667673796415
TEST_33030,0.16321329772472382
TEST_33038,0.1166246235370636
TEST_33039,0.002474480541422963
TEST_33048,0.0029505009297281504
TEST_33050,0.1458832323551178
TEST_33057,0.2190084308385849
TEST_33061,0.1073375940322876
TEST_33062,0.1244025006890297
TEST_33075,0.14632879197597504
TEST_33083,0.14162495732307434
TEST_33099,0.1913900375366211
TEST_33113,0.17399084568023682
TEST_33115,0.002580516505986452
TEST_33116,0.13657744228839874
TEST_33167,0.141519695520401
TEST_33171,0.004271024838089943
TEST_33176,0.16017627716064453
TEST_33178,0.03058217279613018
TEST_33188,0.13001540303230286
TEST_33198,0.1791926473379135
TEST_33201,0.05640501528978348
TEST_33217,0.15662574768066406
TEST_33231,0.041529580950737
TEST_33240,0.06762159615755081
TEST_33242,0.18172040581703186
TEST_33247,0.0019575997721403837
TEST_33248,0.0055243829265236855
TEST_33252,0.13724851608276367
TEST_33254,0.17443381249904633
TEST_33255,0.0030184187926352024
TEST_33264,0.05262698605656624
TEST_33278,0.1699475646018982
TEST_33280,0.13917532563209534
TEST_33284,0.05593608319759369
TEST_33285,0.039421577006578445
TEST_33288,0.1331239938735962
TEST_33294,0.12163141369819641
TEST_33295,0.22762173414230347
TEST_33296,0.16721783578395844
TEST_33298,0.0026845636311918497
TEST_33299,0.07839968055486679
TEST_33300,0.1151212677359581
TEST_33301,0.07808273285627365
TEST_33308,0.19083358347415924
TEST_33318,0.07223180681467056
TEST_33319,0.0017754880245774984
TEST_33324,0.19411684572696686
TEST_33326,0.16493594646453857
TEST_33339,0.11266328394412994
TEST_33341,0.1141694113612175
TEST_33344,0.04470342397689819
TEST_33354,0.08348945528268814
TEST_33358,0.09277799725532532
TEST_33359,0.11014911532402039
TEST_33360,0.002014908706769347
TEST_33365,0.0027139661833643913
TEST_33376,0.21095193922519684
TEST_33385,0.002850679447874427
TEST_33389,0.12366347014904022
TEST_33399,0.008930375799536705
TEST_33403,0.20010477304458618
TEST_33404,0.03069702535867691
TEST_33406,0.10538088530302048
TEST_33412,0.11009673029184341
TEST_33414,0.40638530254364014
TEST_33420,0.002369255293160677
TEST_33421,0.0046743894927203655
TEST_33439,0.19377630949020386
TEST_33444,0.002164221368730068
TEST_33447,0.003117375308647752
TEST_33449,0.13549509644508362
TEST_33455,0.14259089529514313
TEST_33463,0.0032844673842191696
TEST_33464,0.007994510233402252
TEST_33465,0.13482899963855743
TEST_33469,0.33618441224098206
TEST_33470,0.05055707320570946
TEST_33471,0.2010161578655243
TEST_33472,0.004843348637223244
TEST_33483,0.1323138326406479
TEST_33484,0.0021365354768931866
TEST_33486,0.15114857256412506
TEST_33487,0.13282057642936707
TEST_33498,0.054374825209379196
TEST_33499,0.002078771824017167
TEST_33502,0.25214338302612305
TEST_33513,0.10370645672082901
TEST_33514,0.10897611826658249
TEST_33524,0.1315288096666336
TEST_33529,0.1116587370634079
TEST_33532,0.18829549849033356
TEST_33540,0.1950310468673706
TEST_33541,0.17254401743412018
TEST_33546,0.10105075687170029
TEST_33553,0.1422487050294876
TEST_33557,0.1543334275484085
TEST_33563,0.07969943434000015
TEST_33564,0.1329246163368225
TEST_33565,0.11132846772670746
TEST_33568,0.15558771789073944
TEST_33575,0.11153315007686615
TEST_33583,0.05977737903594971
TEST_33584,0.22569555044174194
TEST_33591,0.1281779259443283
TEST_33597,0.16601034998893738
TEST_33610,0.188256174325943
TEST_33615,0.19580043852329254
TEST_33617,0.005564521532505751
TEST_33631,0.1313275694847107
TEST_33633,0.0026147649623453617
TEST_33644,0.12333758175373077
TEST_33654,0.15283460915088654
TEST_33655,0.0961415246129036
TEST_33657,0.0027140998281538486
TEST_33664,0.12602436542510986
TEST_33668,0.08007878810167313
TEST_33674,0.24906587600708008
TEST_33676,0.1589181125164032
TEST_33708,0.0041687972843647
TEST_33710,0.12047234922647476
TEST_33711,0.0900493785738945
TEST_33729,0.0032937070354819298
TEST_33741,0.21843963861465454
TEST_33751,0.23755061626434326
TEST_33754,0.31846582889556885
TEST_33778,0.002348438836634159
TEST_33779,0.001913292333483696
TEST_33781,0.1134786382317543
TEST_33785,0.028647087514400482
TEST_33787,0.09432260692119598
TEST_33789,0.1962900012731552
TEST_33794,0.40455639362335205
TEST_33804,0.06492919474840164
TEST_33822,0.0048592835664749146
TEST_33839,0.1689331829547882
TEST_33840,0.33333563804626465
TEST_33843,0.1396171599626541
TEST_33848,0.1336657851934433
TEST_33850,0.004576551262289286
TEST_33855,0.2841331958770752
TEST_33858,0.007793885190039873
TEST_33861,0.20218519866466522
TEST_33866,0.34543561935424805
TEST_33870,0.3030882477760315
TEST_33885,0.09838555753231049
TEST_33895,0.14183013141155243
TEST_33896,0.004718128126114607
TEST_33900,0.0021546771749854088
TEST_33903,0.15867233276367188
TEST_33904,0.12434853613376617
TEST_33918,0.22539809346199036
TEST_33922,0.13193191587924957
TEST_33932,0.2696724832057953
TEST_33933,0.10981762409210205
TEST_33946,0.002697884803637862
TEST_33947,0.0016651151236146688
TEST_33948,0.07445631176233292
TEST_33951,0.15566454827785492
TEST_33952,0.07090751081705093
TEST_33954,0.10233990103006363
TEST_33956,0.16065987944602966
TEST_33964,0.13363415002822876
TEST_33968,0.00300455279648304
TEST_33980,0.12471579760313034
TEST_33981,0.0018537461291998625
TEST_33983,0.0018840442644432187
TEST_33990,0.08858733624219894
TEST_33999,0.1139247864484787
TEST_34004,0.11365289986133575
TEST_34013,0.13588006794452667
TEST_34017,0.23998570442199707
TEST_34020,0.03487773612141609
TEST_34021,0.11476121097803116
TEST_34022,0.0023324666544795036
TEST_34023,0.22360706329345703
TEST_34026,0.06978868693113327
TEST_34029,0.3255437910556793
TEST_34035,0.09906761348247528
TEST_34039,0.004993576090782881
TEST_34044,0.006536868866533041
TEST_34045,0.003469435265287757
TEST_34056,0.20685410499572754
TEST_34061,0.0042440639808773994
TEST_34064,0.1463380604982376
TEST_34076,0.004300805274397135
TEST_34080,0.0073434701189398766
TEST_34085,0.2978002429008484
TEST_34086,0.29073888063430786
TEST_34097,0.007390414364635944
TEST_34098,0.19163160026073456
TEST_34102,0.1373351365327835
TEST_34108,0.26662683486938477
TEST_34109,0.07812996208667755
TEST_34113,0.45842444896698
TEST_34114,0.15494778752326965
TEST_34133,0.07371318340301514
TEST_34134,0.15917006134986877
TEST_34136,0.002212450373917818
TEST_34139,0.20349818468093872
TEST_34141,0.0071206409484148026
TEST_34143,0.11458265036344528
TEST_34144,0.0026996787637472153
TEST_34145,0.04684464633464813
TEST_34149,0.07743994891643524
TEST_34151,0.15835796296596527
TEST_34152,0.23580589890480042
TEST_34154,0.004193461500108242
TEST_34164,0.17332394421100616
TEST_34171,0.099727101624012
TEST_34178,0.052526772022247314
TEST_34182,0.0033192001283168793
TEST_34190,0.004115818999707699
TEST_34191,0.07716348022222519
TEST_34198,0.10594353824853897
TEST_34213,0.02743564546108246
TEST_34214,0.054062701761722565
TEST_34218,0.23476721346378326
TEST_34227,0.0020137822721153498
TEST_34234,0.1670362949371338
TEST_34236,0.12257064878940582
TEST_34244,0.20824183523654938
TEST_34248,0.1535484790802002
TEST_34260,0.13854706287384033
TEST_34263,0.0019416024442762136
TEST_34269,0.17116667330265045
TEST_34280,0.12573052942752838
TEST_34285,0.11021319776773453
TEST_34303,0.1035451591014862
TEST_34307,0.24265795946121216
TEST_34316,0.03996830806136131
TEST_34318,0.07810306549072266
TEST_34336,0.21962058544158936
TEST_34343,0.002538032829761505
TEST_34346,0.052108991891145706
TEST_34350,0.25045880675315857
TEST_34352,0.17959584295749664
TEST_34361,0.10120633244514465
TEST_34365,0.1387733370065689
TEST_34369,0.18035979568958282
TEST_34375,0.2427450716495514
TEST_34382,0.2543032169342041
TEST_34388,0.0045544737949967384
TEST_34394,0.0037648282013833523
TEST_34400,0.07470345497131348
TEST_34404,0.0029938656371086836
TEST_34405,0.3177903890609741
TEST_34408,0.22708427906036377
TEST_34409,0.2019679993391037
TEST_34417,0.2012711614370346
TEST_34425,0.02424323931336403
TEST_34429,0.07135631889104843
TEST_34434,0.14645756781101227
TEST_34441,0.19673973321914673
TEST_34451,0.19151535630226135
TEST_34463,0.22573581337928772
TEST_34480,0.14932548999786377
TEST_34482,0.08006592839956284
TEST_34486,0.09592173248529434
TEST_34488,0.16338865458965302
TEST_34491,0.14838790893554688
TEST_34493,0.009492017328739166
TEST_34500,0.15061715245246887
TEST_34525,0.1877351701259613
TEST_34529,0.0569281242787838
TEST_34532,0.13260036706924438
TEST_34536,0.12555907666683197
TEST_34539,0.13741275668144226
TEST_34547,0.05599990859627724
TEST_34548,0.004359940532594919
TEST_34555,0.10605907440185547
TEST_34566,0.212650865316391
TEST_34567,0.11221742630004883
TEST_34568,0.18164397776126862
TEST_34570,0.17215076088905334
TEST_34577,0.0026414203457534313
TEST_34583,0.35923850536346436
TEST_34601,0.12056640535593033
TEST_34607,0.00851680338382721
TEST_34611,0.17404060065746307
TEST_34619,0.003544480074197054
TEST_34639,0.1286902129650116
TEST_34646,0.20571458339691162
TEST_34649,0.07742474228143692
TEST_34651,0.1422821283340454
TEST_34652,0.10642746090888977
TEST_34663,0.098849356174469
TEST_34671,0.1808781623840332
TEST_34672,0.0025827086064964533
TEST_34683,0.05573602765798569
TEST_34693,0.18675068020820618
TEST_34695,0.0022956845350563526
TEST_34705,0.16467751562595367
TEST_34710,0.08516982197761536
TEST_34712,0.1923106163740158
TEST_34717,0.28784507513046265
TEST_34724,0.1926969289779663
TEST_34727,0.19413313269615173
TEST_34731,0.23083145916461945
TEST_34735,0.10863421857357025
TEST_34760,0.0858677551150322
TEST_34761,0.04922229051589966
TEST_34776,0.12787464261054993
TEST_34778,0.1316034495830536
TEST_34779,0.1499275118112564
TEST_34785,0.053395628929138184
TEST_34787,0.11172901839017868
TEST_34790,0.19579127430915833
TEST_34803,0.19824852049350739
TEST_34811,0.13391099870204926
TEST_34826,0.13735756278038025
TEST_34829,0.16370481252670288
TEST_34836,0.14646564424037933
TEST_34848,0.0026803999207913876
TEST_34856,0.0033236306626349688
TEST_34858,0.18981710076332092
TEST_34859,0.09337472915649414
TEST_34860,0.05581934005022049
TEST_34862,0.1199655532836914
TEST_34865,0.11815552413463593
TEST_34869,0.056318603456020355
TEST_34870,0.004273256752640009
TEST_34884,0.0025119271595031023
TEST_34886,0.0022238099481910467
TEST_34887,0.05660533532500267
TEST_34888,0.15524442493915558
TEST_34891,0.11117630451917648
TEST_34913,0.1582525074481964
TEST_34917,0.07342050224542618
TEST_34927,0.1254182904958725
TEST_34933,0.18532341718673706
TEST_34935,0.13582190871238708
TEST_34936,0.11565716564655304
TEST_34961,0.20130641758441925
TEST_34971,0.11332119256258011
TEST_34972,0.2380659282207489
TEST_34975,0.0027939064893871546
TEST_34980,0.002193127991631627
TEST_34987,0.10668785125017166
TEST_34990,0.2444385439157486
TEST_34994,0.3063759207725525
TEST_34997,0.11073450744152069
TEST_35000,0.2510855793952942
TEST_35007,0.04768596217036247
TEST_35022,0.3293774425983429
TEST_35025,0.3112315237522125
TEST_35027,0.1610005795955658
TEST_35028,0.13044840097427368
TEST_35030,0.11651371419429779
TEST_35044,0.14696411788463593
TEST_35054,0.08153899013996124
TEST_35057,0.2513658404350281
TEST_35059,0.10606871545314789
TEST_35060,0.20556318759918213
TEST_35061,0.07931895554065704
TEST_35062,0.2804361581802368
TEST_35070,0.11312863230705261
TEST_35074,0.07897340506315231
TEST_35078,0.16854499280452728
TEST_35079,0.050300467759370804
TEST_35090,0.13591325283050537
TEST_35108,0.15343673527240753
TEST_35110,0.17238140106201172
TEST_35116,0.008455753326416016
TEST_35124,0.1731066107749939
TEST_35125,0.17034317553043365
TEST_35126,0.2974766790866852
TEST_35131,0.1788235306739807
TEST_35134,0.39261704683303833
TEST_35140,0.360952764749527
TEST_35141,0.13430969417095184
TEST_35168,0.2533871531486511
TEST_35174,0.18780946731567383
TEST_35176,0.17735153436660767
TEST_35182,0.0034274496138095856
TEST_35186,0.003775901859626174
TEST_35187,0.042503125965595245
TEST_35190,0.20250868797302246
TEST_35192,0.005472541321069002
TEST_35193,0.23023417592048645
TEST_35194,0.26264211535453796
TEST_35204,0.12482904642820358
TEST_35206,0.007535102777183056
TEST_35210,0.20017628371715546
TEST_35212,0.21400336921215057
TEST_35213,0.003368331817910075
TEST_35218,0.16513755917549133
TEST_35219,0.0537395179271698
TEST_35222,0.24003824591636658
TEST_35227,0.11002656072378159
TEST_35229,0.18851372599601746
TEST_35231,0.002107577631250024
TEST_35236,0.07175005972385406
TEST_35238,0.1355358064174652
TEST_35254,0.2730218172073364
TEST_35255,0.004198010545223951
TEST_35257,0.09988737851381302
TEST_35260,0.0023642126470804214
TEST_35261,0.1368381679058075
TEST_35271,0.20641614496707916
TEST_35275,0.006175323389470577
TEST_35276,0.11318670958280563
TEST_35279,0.07765761017799377
TEST_35280,0.0030299925711005926
TEST_35281,0.047345537692308426
TEST_35282,0.0550217367708683
TEST_35284,0.003887849161401391
TEST_35285,0.055833809077739716
TEST_35288,0.048716429620981216
TEST_35290,0.11338971555233002
TEST_35291,0.002754313638433814
TEST_35296,0.13088516891002655
TEST_35297,0.07049895077943802
TEST_35298,0.12835054099559784
TEST_35300,0.13613946735858917
TEST_35303,0.010238878428936005
TEST_35304,0.15212561190128326
TEST_35305,0.13917997479438782
TEST_35308,0.0027044452726840973
TEST_35309,0.06751717627048492
TEST_35311,0.13452057540416718
TEST_35313,0.003739103442057967
TEST_35322,0.1808101385831833
TEST_35326,0.2006896436214447
TEST_35330,0.12883968651294708
TEST_35340,0.2125338762998581
TEST_35341,0.21836893260478973
TEST_35346,0.004566455725580454
TEST_35356,0.187898188829422
TEST_35357,0.18059341609477997
TEST_35376,0.08922712504863739
TEST_35384,0.14423690736293793
TEST_35388,0.04313092678785324
TEST_35400,0.004869810771197081
TEST_35405,0.23842908442020416
TEST_35408,0.09235115349292755
TEST_35414,0.11785286664962769
TEST_35417,0.03354146331548691
TEST_35420,0.0039007565937936306
TEST_35425,0.18836461007595062
TEST_35428,0.1337185651063919
TEST_35433,0.11542078852653503
TEST_35434,0.2375088781118393
TEST_35435,0.07819785177707672
TEST_35443,0.24176599085330963
TEST_35448,0.11450296640396118
TEST_35449,0.1085539162158966
TEST_35450,0.09425799548625946
TEST_35458,0.24064765870571136
TEST_35459,0.1754741221666336
TEST_35460,0.1579374074935913
TEST_35471,0.0023191242944449186
TEST_35479,0.002773476066067815
TEST_35483,0.0041271476075053215
TEST_35493,0.19896018505096436
TEST_35505,0.1034565418958664
TEST_35511,0.007607493083924055
TEST_35515,0.11857694387435913
TEST_35517,0.1978374719619751
TEST_35519,0.18349459767341614
TEST_35537,0.11601674556732178
TEST_35539,0.10497663915157318
TEST_35544,0.16996720433235168
TEST_35548,0.1453588902950287
TEST_35570,0.24149422347545624
TEST_35574,0.1473458707332611
TEST_35584,0.11950261890888214
TEST_35588,0.08083711564540863
TEST_35597,0.11579959094524384
TEST_35599,0.12784427404403687
TEST_35601,0.16949060559272766
TEST_35602,0.11756905913352966
TEST_35604,0.0018858368275687099
TEST_35612,0.10429751127958298
TEST_35615,0.07275660336017609
TEST_35623,0.002930775983259082
TEST_35626,0.08141040056943893
TEST_35638,0.12743429839611053
TEST_35642,0.11034974455833435
TEST_35652,0.10684233158826828
TEST_35660,0.14908042550086975
TEST_35666,0.2409214973449707
TEST_35667,0.04505215212702751
TEST_35674,0.2906447947025299
TEST_35676,0.1419769525527954
TEST_35690,0.10504239797592163
TEST_35692,0.1930798888206482
TEST_35703,0.11172846704721451
TEST_35715,0.054277099668979645
TEST_35716,0.19283439218997955
TEST_35719,0.10931277275085449
TEST_35720,0.13511887192726135
TEST_35723,0.24614621698856354
TEST_35727,0.1459817886352539
TEST_35728,0.12680351734161377
TEST_35737,0.04555976390838623
TEST_35758,0.10867772251367569
TEST_35760,0.1106492429971695
TEST_35764,0.002232758328318596
TEST_35769,0.13738763332366943
TEST_35774,0.14646972715854645
TEST_35775,0.061659593135118484
TEST_35776,0.0026967308949679136
TEST_35777,0.06261448562145233
TEST_35785,0.21895892918109894
TEST_35791,0.0029430044814944267
TEST_35792,0.19565699994564056
TEST_35802,0.12028248608112335
TEST_35809,0.13035611808300018
TEST_35814,0.15310150384902954
TEST_35820,0.04664712771773338
TEST_35821,0.21107694506645203
TEST_35826,0.18326179683208466
TEST_35828,0.11053763329982758
TEST_35829,0.0030152644030749798
TEST_35834,0.0033610560931265354
TEST_35836,0.2835035026073456
TEST_35838,0.16172581911087036
TEST_35843,0.06001059338450432
TEST_35856,0.05358751490712166
TEST_35866,0.07481362670660019
TEST_35867,0.003506894689053297
TEST_35869,0.1182354986667633
TEST_35870,0.0913853570818901
TEST_35871,0.12348596006631851
TEST_35874,0.21631532907485962
TEST_35875,0.002766733756288886
TEST_35886,0.14388339221477509
TEST_35889,0.010421626269817352
TEST_35891,0.15323682129383087
TEST_35901,0.0019869599491357803
TEST_35903,0.16703197360038757
TEST_35905,0.02147960104048252
TEST_35921,0.09439840167760849
TEST_35922,0.026689454913139343
TEST_35924,0.11098994314670563
TEST_35931,0.17982469499111176
TEST_35934,0.0022530280984938145
TEST_35941,0.0034295441582798958
TEST_35947,0.15543603897094727
TEST_35952,0.3898600935935974
TEST_35957,0.1970689743757248
TEST_35959,0.1185312420129776
TEST_35962,0.19552135467529297
TEST_35977,0.0557815358042717
TEST_35980,0.0988098680973053
TEST_35981,0.12664112448692322
TEST_35990,0.002756727859377861
TEST_35995,0.1425497978925705
TEST_36000,0.002515393542125821
TEST_36006,0.21838578581809998
TEST_36007,0.19034305214881897
TEST_36018,0.012557209469377995
TEST_36020,0.16247808933258057
TEST_36021,0.12340427190065384
TEST_36022,0.003494442207738757
TEST_36026,0.062001489102840424
TEST_36035,0.20998629927635193
TEST_36038,0.002597646089270711
TEST_36040,0.19052982330322266
TEST_36051,0.0019509295234456658
TEST_36054,0.24598217010498047
TEST_36077,0.22842058539390564
TEST_36078,0.16942046582698822
TEST_36079,0.10580821335315704
TEST_36080,0.1531747579574585
TEST_36087,0.42266619205474854
TEST_36090,0.14517918229103088
TEST_36102,0.0025094738230109215
TEST_36105,0.0025683436542749405
TEST_36106,0.13055256009101868
TEST_36107,0.1160137876868248
TEST_36114,0.11329592764377594
TEST_36116,0.15156424045562744
TEST_36136,0.1394439935684204
TEST_36145,0.16112852096557617
TEST_36152,0.1370033323764801
TEST_36160,0.09124191850423813
TEST_36169,0.005431327503174543
TEST_36170,0.14459015429019928
TEST_36171,0.31203505396842957
TEST_36177,0.11316199600696564
TEST_36179,0.0034339928533881903
TEST_36188,0.006946035660803318
TEST_36189,0.13611233234405518
TEST_36192,0.0966576561331749
TEST_36201,0.30452144145965576
TEST_36203,0.20935824513435364
TEST_36208,0.0759415403008461
TEST_36218,0.040238190442323685
TEST_36224,0.10344300419092178
TEST_36232,0.00457039475440979
TEST_36234,0.34336864948272705
TEST_36239,0.08197056502103806
TEST_36240,0.19914022088050842
TEST_36244,0.12468685209751129
TEST_36245,0.12453167885541916
TEST_36248,0.08868317306041718
TEST_36258,0.20804521441459656
TEST_36262,0.025699330493807793
TEST_36265,0.20943410694599152
TEST_36266,0.05596812814474106
TEST_36269,0.10078252851963043
TEST_36270,0.09918325394392014
TEST_36281,0.16529011726379395
TEST_36283,0.00629795715212822
TEST_36286,0.13769829273223877
TEST_36290,0.13909785449504852
TEST_36309,0.18791434168815613
TEST_36311,0.2445961833000183
TEST_36316,0.14252568781375885
TEST_36330,0.2615810036659241
TEST_36331,0.00250576832331717
TEST_36341,0.18917155265808105
TEST_36342,0.04739990830421448
TEST_36345,0.1379287987947464
TEST_36348,0.13137593865394592
TEST_36350,0.07276838272809982
TEST_36352,0.47171828150749207
TEST_36359,0.25277361273765564
TEST_36364,0.1283675581216812
TEST_36367,0.004470410291105509
TEST_36373,0.07743784040212631
TEST_36377,0.15298765897750854
TEST_36381,0.16447113454341888
TEST_36384,0.0517779141664505
TEST_36392,0.002529643476009369
TEST_36403,0.002028705785050988
TEST_36409,0.0019234353676438332
TEST_36417,0.1892487108707428
TEST_36424,0.0024057833943516016
TEST_36427,0.2573348581790924
TEST_36433,0.09394609183073044
TEST_36451,0.19114166498184204
TEST_36457,0.013248003087937832
TEST_36458,0.21638470888137817
TEST_36466,0.1561557501554489
TEST_36470,0.0033739281352609396
TEST_36472,0.1262197643518448
TEST_36479,0.0018587788799777627
TEST_36481,0.006869354285299778
TEST_36483,0.09223257750272751
TEST_36492,0.25227975845336914
TEST_36494,0.20792895555496216
TEST_36497,0.054231178015470505
TEST_36499,0.1448742300271988
TEST_36509,0.07869419455528259
TEST_36519,0.05357163026928902
TEST_36526,0.1234835609793663
TEST_36534,0.002702029887586832
TEST_36537,0.18596185743808746
TEST_36538,0.10609057545661926
TEST_36544,0.05663947016000748
TEST_36553,0.04804740101099014
TEST_36573,0.25021234154701233
TEST_36583,0.0039837658405303955
TEST_36585,0.14280979335308075
TEST_36591,0.2330346256494522
TEST_36594,0.0063057634979486465
TEST_36596,0.17624765634536743
TEST_36602,0.12083561718463898
TEST_36604,0.04126317799091339
TEST_36611,0.09915930032730103
TEST_36615,0.07181298732757568
TEST_36619,0.04718641936779022
TEST_36630,0.15365929901599884
TEST_36635,0.0025507656391710043
TEST_36640,0.09567758440971375
TEST_36645,0.11269459128379822
TEST_36667,0.049889955669641495
TEST_36668,0.0515446811914444
TEST_36670,0.2490180879831314
TEST_36672,0.12821157276630402
TEST_36678,0.17991788685321808
TEST_36683,0.1653556525707245
TEST_36692,0.16335263848304749
TEST_36694,0.08159193396568298
TEST_36695,0.12466694414615631
TEST_36709,0.05928761884570122
TEST_36710,0.06675639003515244
TEST_36715,0.1842409372329712
TEST_36728,0.14344234764575958
TEST_36731,0.09563498198986053
TEST_36732,0.20541764795780182
TEST_36733,0.20602291822433472
TEST_36741,0.1601436287164688
TEST_36747,0.11756807565689087
TEST_36752,0.002006152644753456
TEST_36764,0.49999892711639404
TEST_36769,0.0025895421858876944
TEST_36770,0.04655889421701431
TEST_36771,0.0034399202559143305
TEST_36782,0.008992302231490612
TEST_36789,0.005841250531375408
TEST_36794,0.1283230483531952
TEST_36795,0.06343217939138412
TEST_36799,0.0019374059047549963
TEST_36803,0.1088094562292099
TEST_36808,0.002127276500687003
TEST_36811,0.0020201147999614477
TEST_36816,0.03200089558959007
TEST_36817,0.12217168509960175
TEST_36821,0.0022421944886446
TEST_36829,0.04752690717577934
TEST_36832,0.05309875309467316
TEST_36840,0.09937354922294617
TEST_36841,0.004093607887625694
TEST_36845,0.1750117987394333
TEST_36849,0.04136063531041145
TEST_36858,0.17791303992271423
TEST_36860,0.3254549503326416
TEST_36867,0.08307920396327972
TEST_36872,0.09918027371168137
TEST_36876,0.1047215461730957
TEST_36882,0.037897802889347076
TEST_36898,0.11221619695425034
TEST_36902,0.03969326615333557
TEST_36907,0.0028341710567474365
TEST_36912,0.05753592774271965
TEST_36918,0.2122773677110672
TEST_36920,0.11735644936561584
TEST_36932,0.2115892469882965
TEST_36936,0.22464275360107422
TEST_36940,0.24814027547836304
TEST_36952,0.236253559589386
TEST_36958,0.21999506652355194
TEST_36959,0.13651056587696075
TEST_36962,0.11523956805467606
TEST_36964,0.16186000406742096
TEST_36985,0.0024426141753792763
TEST_36994,0.13362795114517212
TEST_36999,0.002484868047758937
TEST_37002,0.13235703110694885
TEST_37006,0.0484580397605896
TEST_37011,0.11059939861297607
TEST_37022,0.4277646243572235
TEST_37033,0.048764001578092575
TEST_37034,0.2157261073589325
TEST_37045,0.2707739770412445
TEST_37046,0.03407861292362213
TEST_37049,0.31426283717155457
TEST_37054,0.14263300597667694
TEST_37058,0.10718846321105957
TEST_37060,0.15174822509288788
TEST_37067,0.13297875225543976
TEST_37072,0.11604175716638565
TEST_37084,0.27065664529800415
TEST_37093,0.21185871958732605
TEST_37094,0.06510794907808304
TEST_37095,0.15364742279052734
TEST_37107,0.15601874887943268
TEST_37108,0.034479983150959015
TEST_37109,0.10359621793031693
TEST_37111,0.0029697378631681204
TEST_37113,0.22173483669757843
TEST_37120,0.17407450079917908
TEST_37128,0.18807074427604675
TEST_37131,0.20848554372787476
TEST_37133,0.09545312821865082
TEST_37139,0.27046433091163635
TEST_37143,0.07362180948257446
TEST_37145,0.10590215772390366
TEST_37156,0.19055402278900146
TEST_37169,0.15909990668296814
TEST_37171,0.002831467427313328
TEST_37180,0.1566796898841858
TEST_37199,0.2193637639284134
TEST_37201,0.11106525361537933
TEST_37204,0.15932634472846985
TEST_37210,0.20349393784999847
TEST_37218,0.16187243163585663
TEST_37222,0.2909463047981262
TEST_37256,0.2634718418121338
TEST_37258,0.08519808948040009
TEST_37260,0.24376064538955688
TEST_37261,0.15550319850444794
TEST_37274,0.2094937413930893
TEST_37276,0.1581621915102005
TEST_37288,0.04694897681474686
TEST_37290,0.002384339226409793
TEST_37296,0.008368633687496185
TEST_37298,0.0026371204294264317
TEST_37306,0.17931973934173584
TEST_37308,0.004432367626577616
TEST_37311,0.1501850038766861
TEST_37317,0.13203532993793488
TEST_37320,0.11495640128850937
TEST_37328,0.08350712060928345
TEST_37333,0.11948727816343307
TEST_37334,0.15565329790115356
TEST_37335,0.10387278348207474
TEST_37345,0.26275885105133057
TEST_37350,0.098065584897995
TEST_37358,0.05489986017346382
TEST_37363,0.21525496244430542
TEST_37370,0.07350438833236694
TEST_37373,0.10557945817708969
TEST_37376,0.08076035976409912
TEST_37383,0.14006245136260986
TEST_37398,0.3071587085723877
TEST_37400,0.04553579166531563
TEST_37408,0.12781740725040436
TEST_37413,0.09222323447465897
TEST_37417,0.15070666372776031
TEST_37443,0.16621103882789612
TEST_37451,0.0022756648249924183
TEST_37458,0.14968650043010712
TEST_37461,0.20840173959732056
TEST_37463,0.1541667878627777
TEST_37464,0.14818301796913147
TEST_37474,0.1745385229587555
TEST_37475,0.1695898473262787
TEST_37479,0.0920763909816742
TEST_37480,0.10495799034833908
TEST_37482,0.004705680068582296
TEST_37488,0.12201762199401855
TEST_37508,0.1871887892484665
TEST_37510,0.0030278260819613934
TEST_37513,0.17115850746631622
TEST_37519,0.18970909714698792
TEST_37528,0.14185816049575806
TEST_37534,0.1123495101928711
TEST_37541,0.23299232125282288
TEST_37544,0.11066532880067825
TEST_37548,0.14792682230472565
TEST_37555,0.0028719515539705753
TEST_37564,0.0023605325259268284
TEST_37565,0.18795393407344818
TEST_37581,0.16922695934772491
TEST_37585,0.16283439099788666
TEST_37606,0.20694972574710846
TEST_37627,0.20635490119457245
TEST_37629,0.04851112142205238
TEST_37638,0.002909332513809204
TEST_37645,0.0029143686406314373
TEST_37654,0.11827308684587479
TEST_37655,0.18382403254508972
TEST_37656,0.18082381784915924
TEST_37658,0.09915482997894287
TEST_37660,0.09688136726617813
TEST_37661,0.04744388535618782
TEST_37663,0.20540378987789154
TEST_37669,0.3004589378833771
TEST_37670,0.25706347823143005
TEST_37671,0.0016928442055359483
TEST_37675,0.22600579261779785
TEST_37686,0.07731018960475922
TEST_37699,0.16008996963500977
TEST_37709,0.007606895640492439
TEST_37711,0.2169090360403061
TEST_37715,0.11565694957971573
TEST_37727,0.12186922132968903
TEST_37737,0.04607304558157921
TEST_37746,0.11462008953094482
TEST_37749,0.04686805605888367
TEST_37759,0.21086038649082184
TEST_37763,0.18104475736618042
TEST_37769,0.08286630362272263
TEST_37776,0.19998855888843536
TEST_37779,0.17185120284557343
TEST_37784,0.17695903778076172
TEST_37785,0.06446176022291183
TEST_37787,0.21462538838386536
TEST_37789,0.003003620309755206
TEST_37798,0.1128753051161766
TEST_37802,0.18618720769882202
TEST_37803,0.04756276309490204
TEST_37807,0.1342879831790924
TEST_37810,0.17247626185417175
TEST_37813,0.25275930762290955
TEST_37821,0.3631853461265564
TEST_37824,0.003864206140860915
TEST_37826,0.002115796087309718
TEST_37827,0.08344218134880066
TEST_37844,0.17520827054977417
TEST_37846,0.0498943068087101
TEST_37870,0.2282828390598297
TEST_37874,0.05413104221224785
TEST_37877,0.2246958315372467
TEST_37878,0.08735460788011551
TEST_37882,0.18348625302314758
TEST_37891,0.005777470301836729
TEST_37893,0.24323058128356934
TEST_37902,0.05607793852686882
TEST_37912,0.12356875836849213
TEST_37913,0.19893455505371094
TEST_37915,0.19548611342906952
TEST_37923,0.1375499665737152
TEST_37928,0.09943187236785889
TEST_37934,0.11777455359697342
TEST_37942,0.18224932253360748
TEST_37946,0.12618672847747803
TEST_37948,0.16307786107063293
TEST_37954,0.11289805173873901
TEST_37955,0.2279958724975586
TEST_37956,0.006766521371901035
TEST_37977,0.224320650100708
TEST_37994,0.14284327626228333
TEST_38000,0.3093957304954529
TEST_38009,0.12815457582473755
TEST_38010,0.07413846254348755
TEST_38012,0.16403278708457947
TEST_38024,0.05922102555632591
TEST_38027,0.0031502479687333107
TEST_38037,0.2211349755525589
TEST_38047,0.002478964626789093
TEST_38066,0.0895826667547226
TEST_38068,0.025845082476735115
TEST_38073,0.1574842929840088
TEST_38092,0.40706250071525574
TEST_38096,0.23377302289009094
TEST_38107,0.056840959936380386
TEST_38113,0.12074826657772064
TEST_38120,0.004908611997961998
TEST_38124,0.1241542398929596
TEST_38134,0.013023645617067814
TEST_38140,0.1996086686849594
TEST_38143,0.22275519371032715
TEST_38146,0.043613895773887634
TEST_38152,0.0030994159169495106
TEST_38154,0.12609750032424927
TEST_38158,0.19515429437160492
TEST_38167,0.21828964352607727
TEST_38171,0.2805364727973938
TEST_38175,0.0541277751326561
TEST_38185,0.16056062281131744
TEST_38195,0.07967831939458847
TEST_38202,0.3619166612625122
TEST_38204,0.07711931318044662
TEST_38209,0.14415791630744934
TEST_38233,0.027071360498666763
TEST_38236,0.14884479343891144
TEST_38237,0.003774344688281417
TEST_38250,0.16474351286888123
TEST_38258,0.1160474568605423
TEST_38260,0.0339670367538929
TEST_38262,0.1089632585644722
TEST_38267,0.04615137353539467
TEST_38276,0.047539133578538895
TEST_38278,0.04210514575242996
TEST_38279,0.002910826588049531
TEST_38283,0.07156913727521896
TEST_38318,0.005338684655725956
TEST_38321,0.001918235793709755
TEST_38333,0.09012201428413391
TEST_38341,0.22032079100608826
TEST_38345,0.18142153322696686
TEST_38351,0.10048414021730423
TEST_38356,0.09894976019859314
TEST_38357,0.0457272045314312
TEST_38364,0.004717432893812656
TEST_38370,0.0031360038556158543
TEST_38375,0.20070600509643555
TEST_38377,0.003558964468538761
TEST_38378,0.14578959345817566
TEST_38383,0.08423740416765213
TEST_38386,0.02048090472817421
TEST_38410,0.08885298669338226
TEST_38414,0.1470196545124054
TEST_38415,0.20840345323085785
TEST_38418,0.4308420419692993
TEST_38433,0.037613578140735626
TEST_38435,0.2089807093143463
TEST_38445,0.10251715034246445
TEST_38450,0.07036038488149643
TEST_38456,0.17794497311115265
TEST_38459,0.059390731155872345
TEST_38465,0.21872395277023315
TEST_38470,0.12461274862289429
TEST_38486,0.10913839936256409
TEST_38497,0.12478743493556976
TEST_38499,0.13771048188209534
TEST_38511,0.11994026601314545
TEST_38512,0.21919995546340942
TEST_38516,0.003141040215268731
TEST_38523,0.06685513257980347
TEST_38525,0.2101472020149231
TEST_38528,0.1924867480993271
TEST_38532,0.12791816890239716
TEST_38533,0.11588506400585175
TEST_38544,0.005895409267395735
TEST_38555,0.047420065850019455
TEST_38556,0.12495124340057373
TEST_38567,0.0022026333026587963
TEST_38574,0.158943310379982
TEST_38577,0.3196074366569519
TEST_38585,0.20868243277072906
TEST_38604,0.005327253602445126
TEST_38605,0.24758583307266235
TEST_38606,0.10484674572944641
TEST_38609,0.22001922130584717
TEST_38620,0.058533258736133575
TEST_38624,0.003028068458661437
TEST_38628,0.09554697573184967
TEST_38635,0.28213250637054443
TEST_38642,0.12914182245731354
TEST_38650,0.1094641387462616
TEST_38656,0.11397223174571991
TEST_38663,0.19190548360347748
TEST_38665,0.3316916227340698
TEST_38669,0.2677372097969055
TEST_38679,0.06829778850078583
TEST_38692,0.2124614715576172
TEST_38704,0.08167785406112671
TEST_38712,0.045181505382061005
TEST_38715,0.17025995254516602
TEST_38718,0.00351659394800663
TEST_38725,0.015474636107683182
TEST_38726,0.003911800682544708
TEST_38727,0.07739514112472534
TEST_38733,0.0029683392494916916
TEST_38735,0.16537326574325562
TEST_38736,0.003211693372577429
TEST_38740,0.11071506142616272
TEST_38747,0.24581831693649292
TEST_38751,0.16495776176452637
TEST_38766,0.06022777780890465
TEST_38781,0.21713314950466156
TEST_38784,0.11971321702003479
TEST_38800,0.15536074340343475
TEST_38804,0.07908531278371811
TEST_38815,0.22932350635528564
TEST_38816,0.030033370479941368
TEST_38824,0.18638817965984344
TEST_38832,0.17328520119190216
TEST_38836,0.004188282415270805
TEST_38842,0.16879695653915405
TEST_38844,0.07893386483192444
TEST_38847,0.004853406921029091
TEST_38849,0.16784408688545227
TEST_38851,0.0019858514424413443
TEST_38858,0.2854384481906891
TEST_38861,0.19233950972557068
TEST_38862,0.1090083122253418
TEST_38863,0.1552770435810089
TEST_38871,0.1961459219455719
TEST_38885,0.10791958123445511
TEST_38886,0.17066983878612518
TEST_38889,0.13405199348926544
TEST_38890,0.007307660300284624
TEST_38893,0.04512137547135353
TEST_38900,0.11012523621320724
TEST_38916,0.05177624151110649
TEST_38933,0.13173159956932068
TEST_38934,0.11963728070259094
TEST_38938,0.08308539539575577
TEST_38946,0.1358809471130371
TEST_38950,0.002329017734155059
TEST_38952,0.15624751150608063
TEST_38955,0.124311663210392
TEST_38958,0.29820674657821655
TEST_38964,0.19672156870365143
TEST_38975,0.12041495740413666
TEST_38976,0.26212403178215027
TEST_38981,0.11389299482107162
TEST_38986,0.23942360281944275
TEST_38987,0.42019790410995483
TEST_38994,0.0033467570319771767
TEST_39004,0.18558070063591003
TEST_39010,0.15029455721378326
TEST_39015,0.0027857725508511066
TEST_39027,0.10861831903457642
TEST_39028,0.09576350450515747
TEST_39029,0.07443541288375854
TEST_39031,0.002788641955703497
TEST_39033,0.13712894916534424
TEST_39038,0.05111405625939369
TEST_39045,0.13329803943634033
TEST_39047,0.12856532633304596
TEST_39048,0.18147675693035126
TEST_39052,0.017832355573773384
TEST_39056,0.10766822099685669
TEST_39073,0.0032882345840334892
TEST_39080,0.010815117508172989
TEST_39089,0.10842019319534302
TEST_39090,0.12648868560791016
TEST_39094,0.04780211299657822
TEST_39096,0.05423787236213684
TEST_39097,0.19834955036640167
TEST_39108,0.05014105141162872
TEST_39111,0.18097448348999023
TEST_39112,0.08177585899829865
TEST_39114,0.15340852737426758
TEST_39119,0.13034245371818542
TEST_39138,0.07026024907827377
TEST_39141,0.14404192566871643
TEST_39149,0.15727116167545319
TEST_39150,0.13698187470436096
TEST_39163,0.15198825299739838
TEST_39165,0.0060953921638429165
TEST_39175,0.002173451939597726
TEST_39183,0.003572683082893491
TEST_39186,0.0019013254204764962
TEST_39188,0.004605421796441078
TEST_39196,0.07803282886743546
TEST_39197,0.0020910510793328285
TEST_39199,0.186305433511734
TEST_39200,0.09323316812515259
TEST_39214,0.045213714241981506
TEST_39215,0.36120155453681946
TEST_39227,0.1744639277458191
TEST_39229,0.04694972187280655
TEST_39235,0.002443726407364011
TEST_39236,0.09548790752887726
TEST_39241,0.04737947881221771
TEST_39247,0.0029562716372311115
TEST_39250,0.15547756850719452
TEST_39259,0.05770610645413399
TEST_39261,0.09373414516448975
TEST_39263,0.13888166844844818
TEST_39265,0.034526992589235306
TEST_39268,0.13252735137939453
TEST_39280,0.0019366606138646603
TEST_39286,0.1828923374414444
TEST_39288,0.0022089737467467785
TEST_39289,0.17180705070495605
TEST_39295,0.038468413054943085
TEST_39296,0.08258949965238571
TEST_39298,0.1664775162935257
TEST_39310,0.04624796286225319
TEST_39313,0.13050422072410583
TEST_39325,0.2824470102787018
TEST_39327,0.1474621593952179
TEST_39331,0.10609012842178345
TEST_39333,0.15289582312107086
TEST_39337,0.12524919211864471
TEST_39338,0.002147098071873188
TEST_39344,0.20706263184547424
TEST_39347,0.30502432584762573
TEST_39351,0.010196634568274021
TEST_39360,0.14743970334529877
TEST_39375,0.05174599587917328
TEST_39378,0.09755519032478333
TEST_39385,0.11756537854671478
TEST_39386,0.002687261439859867
TEST_39390,0.17475494742393494
TEST_39393,0.036119889467954636
TEST_39413,0.004966455046087503
TEST_39415,0.003003361402079463
TEST_39417,0.18464352190494537
TEST_39418,0.15266282856464386
TEST_39423,0.26170092821121216
TEST_39438,0.0837446004152298
TEST_39441,0.05260467529296875
TEST_39445,0.17176012694835663
TEST_39452,0.11868352442979813
TEST_39456,0.046589579433202744
TEST_39458,0.19074635207653046
TEST_39460,0.17753934860229492
TEST_39463,0.04197153076529503
TEST_39467,0.06998307257890701
TEST_39472,0.04869544878602028
TEST_39482,0.06827256828546524
TEST_39484,0.1677349954843521
TEST_39485,0.14077170193195343
TEST_39492,0.1493542492389679
TEST_39500,0.06655620783567429
TEST_39503,0.0027624708600342274
TEST_39505,0.13103368878364563
TEST_39515,0.16481025516986847
TEST_39519,0.1052878126502037
TEST_39535,0.3758797347545624
TEST_39551,0.48039767146110535
TEST_39553,0.21682101488113403
TEST_39559,0.408836305141449
TEST_39560,0.12732835114002228
TEST_39561,0.08528675138950348
TEST_39570,0.23907610774040222
TEST_39571,0.1479155421257019
TEST_39576,0.10289186239242554
TEST_39585,0.1164449006319046
TEST_39586,0.05049281194806099
TEST_39599,0.004061304032802582
TEST_39612,0.10010364651679993
TEST_39617,0.0031717787496745586
TEST_39619,0.27622753381729126
TEST_39620,0.08890523761510849
TEST_39624,0.23781050741672516
TEST_39644,0.18241339921951294
TEST_39647,0.026631757616996765
TEST_39655,0.11410833895206451
TEST_39658,0.09979280829429626
TEST_39660,0.25084388256073
TEST_39662,0.18477945029735565
TEST_39665,0.1618737429380417
TEST_39667,0.114991694688797
TEST_39672,0.15946447849273682
TEST_39674,0.08420439809560776
TEST_39675,0.19526678323745728
TEST_39692,0.13126146793365479
TEST_39699,0.1550280749797821
TEST_39700,0.1021968424320221
TEST_39702,0.07376963645219803
TEST_39704,0.08068651705980301
TEST_39721,0.1929847002029419
TEST_39726,0.20078045129776
TEST_39743,0.10453850030899048
TEST_39745,0.17499937117099762
TEST_39753,0.0018931974191218615
TEST_39754,0.12032614648342133
TEST_39769,0.183865487575531
TEST_39781,0.2916356325149536
TEST_39790,0.08212103694677353
TEST_39798,0.16409796476364136
TEST_39800,0.03521280735731125
TEST_39801,0.18943190574645996
TEST_39810,0.21885451674461365
TEST_39812,0.09328337013721466
TEST_39813,0.28301218152046204
TEST_39815,0.003215065924450755
TEST_39820,0.2682110369205475
TEST_39821,0.1066247746348381
TEST_39828,0.04782166704535484
TEST_39837,0.12183242291212082
TEST_39842,0.19204434752464294
TEST_39845,0.20225360989570618
TEST_39846,0.17790283262729645
TEST_39848,0.13338156044483185
TEST_39850,0.14070431888103485
TEST_39854,0.12371736764907837
TEST_39857,0.0447612963616848
TEST_39864,0.0020236773416399956
TEST_39869,0.2001791000366211
TEST_39875,0.1047632172703743
TEST_39903,0.15762707591056824
TEST_39910,0.15974034368991852
TEST_39916,0.2828393876552582
TEST_39917,0.00582675589248538
TEST_39931,0.1629616916179657
TEST_39932,0.31072285771369934
TEST_39936,0.22482815384864807
TEST_39948,0.049027469009160995
TEST_39950,0.24982644617557526
TEST_39952,0.10851674526929855
TEST_39958,0.17320221662521362
TEST_39960,0.019086342304944992
TEST_39962,0.11216403543949127
TEST_39976,0.17153817415237427
TEST_39978,0.0019201497780159116
TEST_39983,0.14023979008197784
TEST_39984,0.0019053348805755377
TEST_39992,0.003214360913261771
TEST_40000,0.2972732186317444
TEST_40006,0.34307825565338135
TEST_40010,0.0016998370410874486
TEST_40015,0.0016703744186088443
TEST_40018,0.17856574058532715
TEST_40024,0.12091775983572006
TEST_40033,0.24608805775642395
TEST_40043,0.004637728910893202
TEST_40049,0.18852892518043518
TEST_40059,0.13501764833927155
TEST_40062,0.14019379019737244
TEST_40064,0.14232200384140015
TEST_40066,0.15222559869289398
TEST_40067,0.09494400024414062
TEST_40079,0.11859672516584396
TEST_40085,0.0031802162993699312
TEST_40086,0.11806471645832062
TEST_40097,0.20730091631412506
TEST_40099,0.1158859133720398
TEST_40102,0.11620404571294785
TEST_40103,0.1094273030757904
TEST_40105,0.06889360398054123
TEST_40107,0.0030321830417960882
TEST_40109,0.1318870186805725
TEST_40113,0.13563421368598938
TEST_40118,0.15779656171798706
TEST_40133,0.04537927731871605
TEST_40135,0.18350401520729065
TEST_40139,0.20454610884189606
TEST_40142,0.0016946534160524607
TEST_40151,0.33285075426101685
TEST_40168,0.150942862033844
TEST_40176,0.21394158899784088
TEST_40180,0.1356923133134842
TEST_40183,0.11656520515680313
TEST_40186,0.0021385226864367723
TEST_40187,0.058628927916288376
TEST_40198,0.21789564192295074
TEST_40216,0.07714788615703583
TEST_40242,0.13204409182071686
TEST_40254,0.16241183876991272
TEST_40257,0.1605425626039505
TEST_40259,0.22428204119205475
TEST_40273,0.23982767760753632
TEST_40281,0.06951586157083511
TEST_40285,0.04628247022628784
TEST_40286,0.1363418847322464
TEST_40291,0.1505119651556015
TEST_40293,0.005724174436181784
TEST_40297,0.11121153831481934
TEST_40311,0.3027811348438263
TEST_40317,0.13664811849594116
TEST_40330,0.0057128178887069225
TEST_40338,0.17671920359134674
TEST_40349,0.3085278570652008
TEST_40362,0.1700909584760666
TEST_40365,0.07585519552230835
TEST_40368,0.0029751549009233713
TEST_40369,0.11157502233982086
TEST_40370,0.2420002669095993
TEST_40371,0.0034768464975059032
TEST_40387,0.1397523730993271
TEST_40388,0.07137034088373184
TEST_40389,0.40669700503349304
TEST_40398,0.044538021087646484
TEST_40402,0.1346036046743393
TEST_40415,0.26334884762763977
TEST_40416,0.0755571722984314
TEST_40417,0.1380278319120407
TEST_40424,0.18227188289165497
TEST_40426,0.06414489448070526
TEST_40432,0.19577352702617645
TEST_40441,0.18976032733917236
TEST_40445,0.08853024244308472
TEST_40449,0.004717730917036533
TEST_40455,0.048622213304042816
TEST_40457,0.07734784483909607
TEST_40458,0.02846149168908596
TEST_40472,0.16636081039905548
TEST_40473,0.08462870866060257
TEST_40475,0.1253417432308197
TEST_40479,0.0018575104186311364
TEST_40483,0.003149129217490554
TEST_40484,0.1837354600429535
TEST_40491,0.1154899001121521
TEST_40493,0.002791058039292693
TEST_40494,0.0024352644104510546
TEST_40503,0.12844176590442657
TEST_40508,0.1686377227306366
TEST_40516,0.0023692548274993896
TEST_40517,0.22631606459617615
TEST_40518,0.18108899891376495
TEST_40525,0.15434063971042633
TEST_40535,0.22732938826084137
TEST_40540,0.13856381177902222
TEST_40541,0.001843782258220017
TEST_40546,0.044435299932956696
TEST_40548,0.08073917776346207
TEST_40553,0.27974796295166016
TEST_40554,0.1302909404039383
TEST_40556,0.0893927589058876
TEST_40559,0.19481009244918823
TEST_40573,0.0027001528069376945
TEST_40580,0.1604870855808258
TEST_40581,0.0027052531950175762
TEST_40582,0.3004307746887207
TEST_40585,0.2543431520462036
TEST_40595,0.13918337225914001
TEST_40604,0.27026063203811646
TEST_40606,0.19790586829185486
TEST_40607,0.002281822729855776
TEST_40618,0.1581738144159317
TEST_40622,0.043622858822345734
TEST_40636,0.003342181444168091
TEST_40645,0.2869724631309509
TEST_40647,0.07287992537021637
TEST_40666,0.14360301196575165
TEST_40676,0.05406446382403374
TEST_40679,0.10004071891307831
TEST_40689,0.03006758913397789
TEST_40700,0.06845468282699585
TEST_40706,0.30668798089027405
TEST_40707,0.02523868717253208
TEST_40715,0.20763930678367615
TEST_40716,0.10208098590373993
TEST_40720,0.1696934551000595
TEST_40722,0.1485123634338379
TEST_40728,0.004875103011727333
TEST_40733,0.06235743686556816
TEST_40734,0.14430376887321472
TEST_40748,0.13210725784301758
TEST_40758,0.09105316549539566
TEST_40762,0.004894339945167303
TEST_40766,0.2663714587688446
TEST_40773,0.05579366534948349
TEST_40778,0.10581465065479279
TEST_40781,0.17504999041557312
TEST_40782,0.10477204620838165
TEST_40786,0.2380909025669098
TEST_40788,0.059619612991809845
TEST_40798,0.04023285582661629
TEST_40799,0.14222872257232666
TEST_40800,0.002907232381403446
TEST_40808,0.1930222362279892
TEST_40830,0.02469482831656933
TEST_40833,0.11531919240951538
TEST_40840,0.18224571645259857
TEST_40841,0.09378226846456528
TEST_40844,0.07291451841592789
TEST_40849,0.15636250376701355
TEST_40850,0.08249925076961517
TEST_40853,0.047267183661460876
TEST_40855,0.1042599007487297
TEST_40862,0.0021490997169166803
TEST_40870,0.0051897624507546425
TEST_40876,0.14026615023612976
TEST_40877,0.12163727730512619
TEST_40878,0.07721034437417984
TEST_40883,0.12600427865982056
TEST_40895,0.0027714294847100973
TEST_40897,0.004100339021533728
TEST_40900,0.004698649048805237
TEST_40903,0.1835293173789978
TEST_40906,0.1858387142419815
TEST_40911,0.07534801959991455
TEST_40916,0.23761305212974548
TEST_40920,0.3255876302719116
TEST_40928,0.10940810292959213
TEST_40934,0.0022508413530886173
TEST_40936,0.18979039788246155
TEST_40947,0.0021199549082666636
TEST_40954,0.2357734888792038
TEST_40955,0.0900951623916626
TEST_40957,0.18673233687877655
TEST_40964,0.19807231426239014
TEST_40973,0.22231465578079224
TEST_40981,0.11270303279161453
TEST_40983,0.14247846603393555
TEST_40986,0.11447879672050476
TEST_40991,0.004380946047604084
TEST_40995,0.0034191133454442024
TEST_40998,0.0025746948085725307
TEST_41001,0.06286334991455078
TEST_41012,0.2094694972038269
TEST_41018,0.27005404233932495
TEST_41022,0.011502253822982311
TEST_41040,0.002865825779736042
TEST_41046,0.10173243284225464
TEST_41050,0.05323147773742676
TEST_41060,0.0020165983587503433
TEST_41061,0.16704587638378143
TEST_41062,0.10143156349658966
TEST_41064,0.0020693023689091206
TEST_41067,0.12189784646034241
TEST_41069,0.08797650039196014
TEST_41073,0.19561755657196045
TEST_41097,0.12292913347482681
TEST_41102,0.21185839176177979
TEST_41103,0.07741931825876236
TEST_41114,0.004585910588502884
TEST_41116,0.23597177863121033
TEST_41119,0.19318841397762299
TEST_41120,0.10189319401979446
TEST_41122,0.12270189076662064
TEST_41124,0.027179479598999023
TEST_41134,0.06487121433019638
TEST_41136,0.0021514534018933773
TEST_41138,0.0027696341276168823
TEST_41142,0.1067734882235527
TEST_41145,0.1947030872106552
TEST_41147,0.22321172058582306
TEST_41155,0.12219571322202682
TEST_41156,0.07948237657546997
TEST_41160,0.16278332471847534
TEST_41161,0.1657201498746872
TEST_41162,0.05735793709754944
TEST_41163,0.16735830903053284
TEST_41166,0.03930234536528587
TEST_41170,0.0022693730425089598
TEST_41177,0.15276116132736206
TEST_41185,0.002042154548689723
TEST_41200,0.04294510558247566
TEST_41201,0.0027436772361397743
TEST_41204,0.16675971448421478
TEST_41205,0.014114556834101677
TEST_41206,0.04486313462257385
TEST_41210,0.2235899269580841
TEST_41212,0.0033376524224877357
TEST_41214,0.0031077370513230562
TEST_41226,0.0291349645704031
TEST_41229,0.1495470106601715
TEST_41233,0.12671713531017303
TEST_41236,0.12299299240112305
TEST_41238,0.001804869039915502
TEST_41242,0.001720465486869216
TEST_41243,0.18536165356636047
TEST_41247,0.0021320804953575134
TEST_41248,0.06321295350790024
TEST_41250,0.16235746443271637
TEST_41251,0.1629357635974884
TEST_41252,0.011687015183269978
TEST_41253,0.08061028271913528
TEST_41258,0.049621254205703735
TEST_41259,0.03728482127189636
TEST_41265,0.17197681963443756
TEST_41268,0.0035613151267170906
TEST_41270,0.042018190026283264
TEST_41273,0.1411632001399994
TEST_41275,0.11165092885494232
TEST_41291,0.09457258880138397
TEST_41300,0.20057669281959534
TEST_41304,0.05618281662464142
TEST_41307,0.0031108856201171875
TEST_41312,0.09875822067260742
TEST_41325,0.12483566999435425
TEST_41327,0.1389770805835724
TEST_41331,0.1137799322605133
TEST_41338,0.14565952122211456
TEST_41341,0.002652064897119999
TEST_41346,0.525356113910675
TEST_41349,0.04899588227272034
TEST_41354,0.21395276486873627
TEST_41358,0.1742578148841858
TEST_41359,0.35076263546943665
TEST_41368,0.0867900624871254
TEST_41371,0.002011761534959078
TEST_41373,0.2979768216609955
TEST_41380,0.1123066246509552
TEST_41384,0.002577418927103281
TEST_41390,0.27244216203689575
TEST_41396,0.07491891831159592
TEST_41401,0.14894060790538788
TEST_41412,0.13962699472904205
TEST_41415,0.14477761089801788
TEST_41416,0.23680488765239716
TEST_41420,0.1722775399684906
TEST_41428,0.14796769618988037
TEST_41432,0.10554061830043793
TEST_41435,0.0020088818855583668
TEST_41437,0.002936018630862236
TEST_41447,0.1580781191587448
TEST_41448,0.02461709827184677
TEST_41455,0.0020260941237211227
TEST_41458,0.09078660607337952
TEST_41470,0.11618910729885101
TEST_41482,0.11496096849441528
TEST_41487,0.11500252038240433
TEST_41488,0.04961516708135605
TEST_41489,0.3355954885482788
TEST_41498,0.2408219575881958
TEST_41499,0.17703303694725037
TEST_41507,0.15423381328582764
TEST_41512,0.007310747168958187
TEST_41516,0.1676720380783081
TEST_41535,0.17918242514133453
TEST_41538,0.1767062246799469
TEST_41552,0.1910431683063507
TEST_41553,0.05762314796447754
TEST_41570,0.07291441410779953
TEST_41584,0.13552585244178772
TEST_41598,0.22620618343353271
TEST_41620,0.2829805612564087
TEST_41633,0.2118835151195526
TEST_41637,0.16979794204235077
TEST_41638,0.1920689046382904
TEST_41641,0.056931447237730026
TEST_41642,0.0029613098595291376
TEST_41647,0.0492539256811142
TEST_41649,0.05182062089443207
TEST_41654,0.12670040130615234
TEST_41661,0.003404193092137575
TEST_41663,0.13411587476730347
TEST_41664,0.11035852134227753
TEST_41665,0.19657368957996368
TEST_41667,0.20871001482009888
TEST_41668,0.2571640908718109
TEST_41674,0.08068595081567764
TEST_41681,0.002805239986628294
TEST_41685,0.22980771958827972
TEST_41688,0.25572606921195984
TEST_41689,0.002371236914768815
TEST_41692,0.0023437293712049723
TEST_41696,0.04676913470029831
TEST_41697,0.1434447467327118
TEST_41699,0.18292297422885895
TEST_41701,0.25136855244636536
TEST_41709,0.09265334904193878
TEST_41710,0.3844538927078247
TEST_41722,0.18441253900527954
TEST_41727,0.10245802253484726
TEST_41728,0.10332046449184418
TEST_41731,0.12762606143951416
TEST_41734,0.0019640482496470213
TEST_41736,0.16657476127147675
TEST_41741,0.20896804332733154
TEST_41742,0.07887148857116699
TEST_41753,0.002275188220664859
TEST_41754,0.15474987030029297
TEST_41768,0.24085398018360138
TEST_41784,0.0994788259267807
TEST_41789,0.003881853073835373
TEST_41792,0.10001426190137863
TEST_41793,0.1754457652568817
TEST_41800,0.08174494653940201
TEST_41802,0.07625685632228851
TEST_41804,0.2559356987476349
TEST_41812,0.1579684615135193
TEST_41813,0.18864861130714417
TEST_41814,0.017714090645313263
TEST_41815,0.1852809339761734
TEST_41818,0.08002962172031403
TEST_41820,0.008302251808345318
TEST_41824,0.04880821332335472
TEST_41827,0.0016436048317700624
TEST_41831,0.06370570510625839
TEST_41833,0.18698439002037048
TEST_41843,0.19418120384216309
TEST_41847,0.11339195817708969
TEST_41848,0.12167861312627792
TEST_41851,0.04373573884367943
TEST_41855,0.043111640959978104
TEST_41861,0.1795511245727539
TEST_41864,0.09689785540103912
TEST_41884,0.15911845862865448
TEST_41891,0.10664580017328262
TEST_41893,0.12602676451206207
TEST_41894,0.22287915647029877
TEST_41898,0.0115393390879035
TEST_41899,0.08162789791822433
TEST_41902,0.1056104227900505
TEST_41905,0.10996800661087036
TEST_41906,0.1556844711303711
TEST_41910,0.1456579864025116
TEST_41912,0.10550989210605621
TEST_41921,0.05064104497432709
TEST_41922,0.1253340095281601
TEST_41925,0.08786193281412125
TEST_41932,0.0020397778134793043
TEST_41938,0.19243285059928894
TEST_41942,0.10579973459243774
TEST_41945,0.1727592498064041
TEST_41946,0.09803855419158936
TEST_41947,0.0943068265914917
TEST_41955,0.19870144128799438
TEST_41959,0.06202156841754913
TEST_41963,0.4797547459602356
TEST_41971,0.22289171814918518
TEST_41975,0.02568509429693222
TEST_41979,0.0031742944847792387
TEST_41983,0.005075171589851379
TEST_41989,0.1978287547826767
TEST_41994,0.006165335886180401
TEST_41998,0.12883946299552917
TEST_42006,0.14053018391132355
TEST_42008,0.18231123685836792
TEST_42010,0.1179920881986618
TEST_42015,0.050522517412900925
TEST_42016,0.12128712236881256
TEST_42022,0.12758894264698029
TEST_42031,0.00957341305911541
TEST_42035,0.11039409041404724
TEST_42039,0.03501078858971596
TEST_42040,0.17823751270771027
TEST_42042,0.30801331996917725
TEST_42046,0.002886037342250347
TEST_42051,0.14484700560569763
TEST_42062,0.06694994121789932
TEST_42064,0.1473735272884369
TEST_42067,0.2674695551395416
TEST_42076,0.20010477304458618
TEST_42079,0.19304883480072021
TEST_42084,0.0023817436303943396
TEST_42087,0.17458005249500275
TEST_42091,0.2738564610481262
TEST_42093,0.18444064259529114
TEST_42094,0.05334731563925743
TEST_42096,0.12346021831035614
TEST_42101,0.17710451781749725
TEST_42104,0.19326965510845184
TEST_42108,0.12593485414981842
TEST_42116,0.24317266047000885
TEST_42118,0.14613240957260132
TEST_42120,0.00529616791754961
TEST_42122,0.25122562050819397
TEST_42137,0.13032948970794678
TEST_42141,0.24825933575630188
TEST_42154,0.004002859350293875
TEST_42162,0.2186674177646637
TEST_42163,0.14393417537212372
TEST_42168,0.16414131224155426
TEST_42175,0.1363571584224701
TEST_42179,0.24748732149600983
TEST_42180,0.14363883435726166
TEST_42181,0.023369647562503815
TEST_42183,0.15282875299453735
TEST_42191,0.35869771242141724
TEST_42193,0.14640414714813232
TEST_42202,0.14188167452812195
TEST_42213,0.002128598280251026
TEST_42220,0.16950684785842896
TEST_42221,0.1032397598028183
TEST_42226,0.12833049893379211
TEST_42229,0.0018202679930254817
TEST_42231,0.10676930099725723
TEST_42234,0.0021096402779221535
TEST_42235,0.15496234595775604
TEST_42247,0.04970894381403923
TEST_42249,0.10006624460220337
TEST_42250,0.1983603984117508
TEST_42252,0.0026029746513813734
TEST_42254,0.1309744119644165
TEST_42256,0.21785153448581696
TEST_42258,0.07056383043527603
TEST_42262,0.13178089261054993
TEST_42267,0.07898275554180145
TEST_42272,0.07159343361854553
TEST_42273,0.11847493052482605
TEST_42282,0.044565990567207336
TEST_42293,0.13838322460651398
TEST_42294,0.15739966928958893
TEST_42300,0.00312981684692204
TEST_42307,0.1365947723388672
TEST_42308,0.003167954972013831
TEST_42310,0.0030770020093768835
TEST_42313,0.0025595687329769135
TEST_42316,0.07972174137830734
TEST_42321,0.19736793637275696
TEST_42329,0.24559707939624786
TEST_42331,0.12332559376955032
TEST_42342,0.2704494893550873
TEST_42352,0.13313832879066467
TEST_42356,0.1654435396194458
TEST_42361,0.002905625617131591
TEST_42364,0.1127004399895668
TEST_42371,0.18744565546512604
TEST_42372,0.04710058495402336
TEST_42383,0.15659773349761963
TEST_42388,0.16344895958900452
TEST_42390,0.17086781561374664
TEST_42394,0.002255223225802183
TEST_42408,0.15664398670196533
TEST_42409,0.003039092058315873
TEST_42419,0.18247047066688538
TEST_42425,0.05334014073014259
TEST_42427,0.04707614704966545
TEST_42434,0.07612906396389008
TEST_42435,0.05632166191935539
TEST_42440,0.16628140211105347
TEST_42442,0.20664788782596588
TEST_42443,0.09828002005815506
TEST_42451,0.1786777377128601
TEST_42468,0.12589052319526672
TEST_42470,0.03545374050736427
TEST_42479,0.06209851801395416
TEST_42485,0.042841192334890366
TEST_42486,0.0032321352045983076
TEST_42490,0.17622551321983337
TEST_42495,0.2124258130788803
TEST_42504,0.17591209709644318
TEST_42505,0.05939995497465134
TEST_42509,0.08015428483486176
TEST_42514,0.009212122298777103
TEST_42515,0.17855072021484375
TEST_42527,0.14841297268867493
TEST_42529,0.022168919444084167
TEST_42531,0.13484984636306763
TEST_42532,0.2905939221382141
TEST_42537,0.02249799855053425
TEST_42551,0.19661349058151245
TEST_42553,0.042890764772892
TEST_42556,0.14684928953647614
TEST_42562,0.08631996810436249
TEST_42575,0.002340080449357629
TEST_42589,0.40566980838775635
TEST_42602,0.10848380625247955
TEST_42610,0.07353278249502182
TEST_42616,0.048872046172618866
TEST_42618,0.2508338987827301
TEST_42620,0.23182450234889984
TEST_42624,0.0035109613090753555
TEST_42626,0.0021313424222171307
TEST_42628,0.11005903035402298
TEST_42631,0.08736976236104965
TEST_42634,0.17239749431610107
TEST_42648,0.1650587022304535
TEST_42654,0.15723669528961182
TEST_42656,0.002101742196828127
TEST_42662,0.05215974152088165
TEST_42663,0.05865360051393509
TEST_42667,0.15008045732975006
TEST_42668,0.05177067220211029
TEST_42670,0.13775931298732758
TEST_42673,0.048763059079647064
TEST_42676,0.05784003436565399
TEST_42682,0.3152059316635132
TEST_42683,0.13915035128593445
TEST_42684,0.19355656206607819
TEST_42687,0.05454951897263527
TEST_42691,0.07908570021390915
TEST_42692,0.11568647623062134
TEST_42694,0.0044884695671498775
TEST_42698,0.1633625328540802
TEST_42705,0.002762294141575694
TEST_42708,0.006338183768093586
TEST_42716,0.0030854791402816772
TEST_42717,0.09924771636724472
TEST_42719,0.18238593637943268
TEST_42725,0.32054010033607483
TEST_42737,0.001988394884392619
TEST_42738,0.26806318759918213
TEST_42744,0.005228607449680567
TEST_42756,0.006531456485390663
TEST_42757,0.08902071416378021
TEST_42760,0.16931921243667603
TEST_42761,0.053344983607530594
TEST_42762,0.27937406301498413
TEST_42765,0.15509383380413055
TEST_42768,0.0030119235161691904
TEST_42771,0.14129017293453217
TEST_42774,0.19720283150672913
TEST_42777,0.23639541864395142
TEST_42778,0.10288011282682419
TEST_42782,0.1373804211616516
TEST_42783,0.0557815358042717
TEST_42789,0.11659397184848785
TEST_42793,0.036673739552497864
TEST_42794,0.17079755663871765
TEST_42808,0.1508878767490387
TEST_42812,0.15049129724502563
TEST_42813,0.19153092801570892
TEST_42819,0.06641419976949692
TEST_42830,0.046119820326566696
TEST_42831,0.08061646670103073
TEST_42839,0.0018238159827888012
TEST_42841,0.10322299599647522
TEST_42847,0.21468964219093323
TEST_42850,0.06990094482898712
TEST_42856,0.12478017807006836
TEST_42857,0.10634689778089523
TEST_42860,0.10361813753843307
TEST_42861,0.00248974678106606
TEST_42862,0.0027971435338258743
TEST_42869,0.11310761421918869
TEST_42870,0.11155106127262115
TEST_42871,0.16603374481201172
TEST_42890,0.027061570435762405
TEST_42897,0.08690904825925827
TEST_42908,0.1522197127342224
TEST_42912,0.30204880237579346
TEST_42919,0.004568689037114382
TEST_42920,0.008574164472520351
TEST_42921,0.08200620114803314
TEST_42923,0.10974409431219101
TEST_42938,0.1253005564212799
TEST_42945,0.12939663231372833
TEST_42946,0.04641857370734215
TEST_42949,0.0075555285438895226
TEST_42954,0.16091081500053406
TEST_42959,0.11013633012771606
TEST_42961,0.1385270357131958
TEST_42962,0.1824045479297638
TEST_42964,0.002929143374785781
TEST_42965,0.1422422081232071
TEST_42969,0.19199177622795105
TEST_42979,0.11749257147312164
TEST_42981,0.24661612510681152
TEST_42986,0.11716634035110474
TEST_42990,0.045741282403469086
TEST_42994,0.0021901284344494343
TEST_42995,0.142573744058609
TEST_42997,0.0023345062509179115
TEST_42998,0.002027899259701371
TEST_43000,0.0033663734793663025
TEST_43014,0.1292533129453659
TEST_43016,0.1972385048866272
TEST_43022,0.002761257579550147
TEST_43024,0.10803229361772537
TEST_43027,0.11087076365947723
TEST_43030,0.11806409806013107
TEST_43031,0.2373558133840561
TEST_43036,0.1603219360113144
TEST_43041,0.13499078154563904
TEST_43062,0.04681813716888428
TEST_43065,0.20073747634887695
TEST_43070,0.12508201599121094
TEST_43073,0.08013774454593658
TEST_43082,0.05778793618083
TEST_43086,0.052155304700136185
TEST_43100,0.13815172016620636
TEST_43101,0.14015674591064453
TEST_43104,0.18194647133350372
TEST_43108,0.10108082741498947
TEST_43109,0.11565656960010529
TEST_43116,0.12200731039047241
TEST_43117,0.16039355099201202
TEST_43119,0.1093146950006485
TEST_43128,0.18609851598739624
TEST_43130,0.004702284000813961
TEST_43139,0.12077349424362183
TEST_43160,0.002609721152111888
TEST_43166,0.2105642557144165
TEST_43171,0.0018737658392637968
TEST_43175,0.10782673954963684
TEST_43179,0.08344599604606628
TEST_43180,0.21019713580608368
TEST_43184,0.057827532291412354
TEST_43188,0.21961507201194763
TEST_43201,0.05584168806672096
TEST_43211,0.04091329127550125
TEST_43215,0.222279891371727
TEST_43216,0.13705027103424072
TEST_43221,0.15974260866641998
TEST_43222,0.09951486438512802
TEST_43227,0.163392573595047
TEST_43242,0.06499980390071869
TEST_43257,0.07989537715911865
TEST_43271,0.005438825581222773
TEST_43273,0.0019331714138388634
TEST_43279,0.16584676504135132
TEST_43290,0.002740301890298724
TEST_43292,0.2254158854484558
TEST_43310,0.018871093168854713
TEST_43316,0.1415882557630539
TEST_43317,0.11324526369571686
TEST_43319,0.11272977292537689
TEST_43321,0.11007814854383469
TEST_43322,0.20252539217472076
TEST_43328,0.002833997132256627
TEST_43329,0.13193370401859283
TEST_43338,0.12093766778707504
TEST_43341,0.0025041745975613594
TEST_43347,0.07890085875988007
TEST_43350,0.1726359724998474
TEST_43357,0.0029054961632937193
TEST_43360,0.0027026813477277756
TEST_43369,0.0982581079006195
TEST_43382,0.08597993850708008
TEST_43396,0.19255605340003967
TEST_43408,0.0026095532812178135
TEST_43409,0.378603458404541
TEST_43410,0.1293981522321701
TEST_43411,0.13699871301651
TEST_43423,0.21426531672477722
TEST_43432,0.002383842132985592
TEST_43434,0.1896335780620575
TEST_43435,0.0984390527009964
TEST_43444,0.13787473738193512
TEST_43445,0.04140780493617058
TEST_43447,0.09310939908027649
TEST_43450,0.24667847156524658
TEST_43470,0.36494454741477966
TEST_43472,0.16566544771194458
TEST_43489,0.04644346609711647
TEST_43497,0.1487421840429306
TEST_43510,0.07729984819889069
TEST_43517,0.12793299555778503
TEST_43518,0.3817764222621918
TEST_43520,0.12068576365709305
TEST_43521,0.1925097405910492
TEST_43525,0.19565866887569427
TEST_43528,0.0032327077351510525
TEST_43541,0.008955556899309158
TEST_43543,0.13838541507720947
TEST_43548,0.006483252625912428
TEST_43549,0.08898141980171204
TEST_43551,0.04273736849427223
TEST_43554,0.216729536652565
TEST_43559,0.07858368754386902
TEST_43561,0.14755965769290924
TEST_43565,0.040573835372924805
TEST_43567,0.12746815383434296
TEST_43572,0.08974488079547882
TEST_43578,0.18583203852176666
TEST_43579,0.13917981088161469
TEST_43583,0.12657514214515686
TEST_43584,0.13346469402313232
TEST_43591,0.003829785156995058
TEST_43593,0.26483699679374695
TEST_43594,0.07817671447992325
TEST_43602,0.12223995476961136
TEST_43606,0.003291050437837839
TEST_43609,0.29103410243988037
TEST_43611,0.10223990678787231
TEST_43622,0.23672343790531158
TEST_43625,0.05023287981748581
TEST_43629,0.06555420160293579
TEST_43634,0.005085813347250223
TEST_43641,0.4297536313533783
TEST_43644,0.11355412751436234
TEST_43647,0.03910405933856964
TEST_43648,0.2093500941991806
TEST_43651,0.057701632380485535
TEST_43658,0.20974165201187134
TEST_43659,0.11329592764377594
TEST_43662,0.3126835525035858
TEST_43668,0.07874579727649689
TEST_43669,0.3340463936328888
TEST_43671,0.032158251851797104
TEST_43677,0.011519632302224636
TEST_43679,0.18956699967384338
TEST_43687,0.14883816242218018
TEST_43697,0.18370507657527924
TEST_43700,0.20244112610816956
TEST_43702,0.09456129372119904
TEST_43703,0.18091987073421478
TEST_43705,0.07942073047161102
TEST_43712,0.1951424479484558
TEST_43714,0.20290398597717285
TEST_43717,0.16366326808929443
TEST_43719,0.15582765638828278
TEST_43742,0.17962273955345154
TEST_43749,0.14114634692668915
TEST_43751,0.25810280442237854
TEST_43754,0.1377645879983902
TEST_43763,0.0031915754079818726
TEST_43782,0.20487691462039948
TEST_43784,0.2989674210548401
TEST_43790,0.03398813679814339
TEST_43794,0.2575380206108093
TEST_43796,0.0034561846405267715
TEST_43808,0.1426270604133606
TEST_43809,0.01473245769739151
TEST_43812,0.009114234708249569
TEST_43816,0.02634621411561966
TEST_43817,0.10045354068279266
TEST_43819,0.034793559461832047
TEST_43832,0.16198283433914185
TEST_43834,0.03211377561092377
TEST_43843,0.047740161418914795
TEST_43848,0.002929026959463954
TEST_43859,0.0899314358830452
TEST_43865,0.002974884817376733
TEST_43878,0.08129327744245529
TEST_43883,0.19835905730724335
TEST_43888,0.004515044391155243
TEST_43889,0.00558808259665966
TEST_43894,0.07781219482421875
TEST_43900,0.007749585434794426
TEST_43906,0.0029920011293143034
TEST_43907,0.1396828442811966
TEST_43918,0.184462770819664
TEST_43919,0.15052537620067596
TEST_43920,0.14365828037261963
TEST_43925,0.2634536027908325
TEST_43929,0.043215006589889526
TEST_43931,0.10400588065385818
TEST_43935,0.2632940709590912
TEST_43938,0.22681577503681183
TEST_43943,0.22749462723731995
TEST_43947,0.10337270796298981
TEST_43948,0.2983851134777069
TEST_43951,0.15253925323486328
TEST_43953,0.182390034198761
TEST_43954,0.18777799606323242
TEST_43957,0.005671297200024128
TEST_43958,0.1679568737745285
TEST_43965,0.10151470452547073
TEST_43967,0.15413665771484375
TEST_43977,0.13416796922683716
TEST_43980,0.0022708901669830084
TEST_43981,0.0027842200361192226
TEST_43991,0.1120862066745758
TEST_43999,0.07427991181612015
TEST_44000,0.002828358206897974
TEST_44011,0.19479437172412872
TEST_44012,0.12363620102405548
TEST_44017,0.048240747302770615
TEST_44021,0.15297682583332062
TEST_44033,0.24897520244121552
TEST_44034,0.22068604826927185
TEST_44036,0.06748834997415543
TEST_44044,0.18049491941928864
TEST_44052,0.152841255068779
TEST_44053,0.10926744341850281
TEST_44055,0.14922979474067688
TEST_44065,0.18113578855991364
TEST_44068,0.0200473852455616
TEST_44072,0.13987863063812256
TEST_44076,0.24385355412960052
TEST_44085,0.311064213514328
TEST_44087,0.04201134294271469
TEST_44092,0.002671659691259265
TEST_44093,0.20552679896354675
TEST_44094,0.3607453405857086
TEST_44095,0.174055278301239
TEST_44097,0.032112497836351395
TEST_44103,0.007698538713157177
TEST_44107,0.04801413416862488
TEST_44120,0.004698313772678375
TEST_44123,0.11121354252099991
TEST_44126,0.374772310256958
TEST_44139,0.002747682621702552
TEST_44143,0.17412221431732178
TEST_44148,0.0035385238006711006
TEST_44149,0.002812096616253257
TEST_44151,0.005376342684030533
TEST_44154,0.33838000893592834
TEST_44160,0.1474916636943817
TEST_44169,0.0031632978934794664
TEST_44179,0.28937143087387085
TEST_44181,0.18303829431533813
TEST_44188,0.27572014927864075
TEST_44190,0.11931082606315613
TEST_44198,0.0027533385436981916
TEST_44201,0.002573853125795722
TEST_44211,0.046272411942481995
TEST_44217,0.2056080549955368
TEST_44223,0.055908046662807465
TEST_44227,0.0022102748043835163
TEST_44229,0.04747264087200165
TEST_44230,0.1751703917980194
TEST_44231,0.17948272824287415
TEST_44238,0.2589236795902252
TEST_44244,0.16860398650169373
TEST_44251,0.27647432684898376
TEST_44254,0.1311674267053604
TEST_44256,0.10133486986160278
TEST_44268,0.05783802270889282
TEST_44271,0.0038721130695194006
TEST_44273,0.3154697120189667
TEST_44286,0.06124583259224892
TEST_44292,0.14171485602855682
TEST_44296,0.0035077682696282864
TEST_44308,0.1433054804801941
TEST_44315,0.21446332335472107
TEST_44317,0.12499233335256577
TEST_44324,0.26146000623703003
TEST_44326,0.0050634294748306274
TEST_44331,0.010820353403687477
TEST_44334,0.0028167632408440113
TEST_44339,0.0037171081639826298
TEST_44341,0.09474819898605347
TEST_44351,0.08027549833059311
TEST_44364,0.0030891122296452522
TEST_44366,0.11925392597913742
TEST_44368,0.12235137820243835
TEST_44371,0.19303902983665466
TEST_44373,0.002473674714565277
TEST_44374,0.002829988719895482
TEST_44376,0.3496822714805603
TEST_44378,0.002160282339900732
TEST_44388,0.05585198104381561
TEST_44389,0.1885630190372467
TEST_44398,0.10335418581962585
TEST_44401,0.17149420082569122
TEST_44404,0.07745391130447388
TEST_44410,0.0031791776418685913
TEST_44412,0.17373999953269958
TEST_44416,0.1407262086868286
TEST_44417,0.14835406839847565
TEST_44424,0.0569281242787838
TEST_44425,0.04817308485507965
TEST_44427,0.20461225509643555
TEST_44433,0.1659093201160431
TEST_44435,0.08038005977869034
TEST_44442,0.17052720487117767
TEST_44443,0.07193746417760849
TEST_44455,0.1027095764875412
TEST_44472,0.018315773457288742
TEST_44477,0.16125968098640442
TEST_44480,0.0415290892124176
TEST_44494,0.21233536303043365
TEST_44497,0.06949897110462189
TEST_44502,0.09925194084644318
TEST_44516,0.0031952685676515102
TEST_44517,0.15145057439804077
TEST_44520,0.10463958233594894
TEST_44529,0.18148045241832733
TEST_44530,0.0031843804754316807
TEST_44535,0.013097080402076244
TEST_44537,0.17650938034057617
TEST_44544,0.1720161736011505
TEST_44547,0.07998275756835938
TEST_44554,0.18108044564723969
TEST_44555,0.13706737756729126
TEST_44561,0.11269082129001617
TEST_44562,0.11021845787763596
TEST_44572,0.39209747314453125
TEST_44579,0.19055844843387604
TEST_44586,0.004299063701182604
TEST_44589,0.002947307890281081
TEST_44592,0.04965473711490631
TEST_44601,0.24688629806041718
TEST_44610,0.2279188334941864
TEST_44616,0.11630643159151077
TEST_44619,0.04468998312950134
TEST_44621,0.002671484835445881
TEST_44629,0.21432679891586304
TEST_44634,0.0020145238377153873
TEST_44635,0.09759336709976196
TEST_44643,0.19125129282474518
TEST_44648,0.08082317560911179
TEST_44649,0.124074287712574
TEST_44651,0.05278149992227554
TEST_44660,0.14373889565467834
TEST_44662,0.14523069560527802
TEST_44675,0.20390498638153076
TEST_44678,0.15714117884635925
TEST_44680,0.18361498415470123
TEST_44692,0.4096052944660187
TEST_44695,0.18251414597034454
TEST_44699,0.17095553874969482
TEST_44704,0.05444826930761337
TEST_44713,0.12297745794057846
TEST_44720,0.00255717895925045
TEST_44749,0.20111338794231415
TEST_44753,0.1084107831120491
TEST_44755,0.0029160608537495136
TEST_44757,0.11438759416341782
TEST_44760,0.312531054019928
TEST_44767,0.002327259164303541
TEST_44768,0.20524895191192627
TEST_44772,0.14926916360855103
TEST_44773,0.0020383584778755903
TEST_44776,0.08439447730779648
TEST_44777,0.0023106238804757595
TEST_44781,0.0373896062374115
TEST_44782,0.20942333340644836
TEST_44794,0.1540803611278534
TEST_44808,0.19817256927490234
TEST_44811,0.003664030460640788
TEST_44812,0.07560442388057709
TEST_44817,0.11798238754272461
TEST_44826,0.10787958651781082
TEST_44829,0.1366744339466095
TEST_44831,0.18455877900123596
TEST_44832,0.002260403009131551
TEST_44835,0.21554793417453766
TEST_44844,0.007066930178552866
TEST_44856,0.11200055480003357
TEST_44864,0.06565102934837341
TEST_44874,0.19640401005744934
TEST_44901,0.0038715898990631104
TEST_44916,0.09063243120908737
TEST_44918,0.20074544847011566
TEST_44921,0.00245710089802742
TEST_44926,0.0031505278311669827
TEST_44932,0.31999364495277405
TEST_44936,0.11075155436992645
TEST_44942,0.173649862408638
TEST_44943,0.09542928636074066
TEST_44946,0.0043958318419754505
TEST_44959,0.16247810423374176
TEST_44960,0.13511008024215698
TEST_44969,0.049781449139118195
TEST_44971,0.22247478365898132
TEST_44977,0.11956813186407089
TEST_44981,0.40649038553237915
TEST_44985,0.11098524928092957
TEST_44991,0.19002342224121094
TEST_44998,0.11677591502666473
TEST_45004,0.15153327584266663
TEST_45014,0.06640174984931946
TEST_45017,0.08101625740528107
TEST_45021,0.004765457473695278
TEST_45029,0.19200283288955688
TEST_45035,0.07318413257598877
TEST_45038,0.002621502848342061
TEST_45039,0.0047017429023981094
TEST_45044,0.05594571679830551
TEST_45047,0.20022070407867432
TEST_45055,0.007808158174157143
TEST_45056,0.053530819714069366
TEST_45059,0.08552072197198868
TEST_45064,0.20909276604652405
TEST_45072,0.16948921978473663
TEST_45073,0.1246577575802803
TEST_45076,0.1574176549911499
TEST_45080,0.052773792296648026
TEST_45083,0.18927879631519318
TEST_45091,0.1654963344335556
TEST_45096,0.058234188705682755
TEST_45097,0.3192865252494812
TEST_45100,0.0797790139913559
TEST_45106,0.14344051480293274
TEST_45110,0.15234199166297913
TEST_45120,0.001983478432521224
TEST_45133,0.22773964703083038
TEST_45140,0.25099387764930725
TEST_45141,0.0023842130322009325
TEST_45144,0.3419249653816223
TEST_45146,0.04349413886666298
TEST_45150,0.1302935779094696
TEST_45153,0.23650285601615906
TEST_45155,0.19654560089111328
TEST_45161,0.19350561499595642
TEST_45175,0.027061570435762405
TEST_45180,0.1469763219356537
TEST_45183,0.18196626007556915
TEST_45189,0.16660013794898987
TEST_45199,0.32421383261680603
TEST_45200,0.0021302939858287573
TEST_45201,0.10307898372411728
TEST_45204,0.1854046881198883
TEST_45209,0.21968328952789307
TEST_45210,0.1260777711868286
TEST_45222,0.1671706736087799
TEST_45228,0.1739727407693863
TEST_45238,0.3788786828517914
TEST_45244,0.10254242271184921
TEST_45248,0.13524940609931946
TEST_45249,0.1396823674440384
TEST_45251,0.004793461412191391
TEST_45252,0.0032832466531544924
TEST_45256,0.006959022954106331
TEST_45258,0.035897258669137955
TEST_45265,0.09930942952632904
TEST_45266,0.19928346574306488
TEST_45276,0.10078653693199158
TEST_45278,0.012604614719748497
TEST_45281,0.04573966562747955
TEST_45288,0.13167782127857208
TEST_45293,0.09133071452379227
TEST_45296,0.006174994166940451
TEST_45300,0.10240492224693298
TEST_45326,0.05020088702440262
TEST_45335,0.1863269805908203
TEST_45343,0.04865007847547531
TEST_45353,0.04568057134747505
TEST_45360,0.0020204714965075254
TEST_45376,0.22985322773456573
TEST_45386,0.18332792818546295
TEST_45393,0.4007291793823242
TEST_45396,0.19614893198013306
TEST_45400,0.1357903778553009
TEST_45401,0.27570632100105286
TEST_45404,0.1350913941860199
TEST_45410,0.1377738118171692
TEST_45427,0.14220213890075684
TEST_45435,0.003286173101514578
TEST_45437,0.0030322447419166565
TEST_45447,0.1907193660736084
TEST_45448,0.0955069363117218
TEST_45450,0.18177515268325806
TEST_45455,0.003931884653866291
TEST_45462,0.20473097264766693
TEST_45466,0.1552152931690216
TEST_45470,0.06618291139602661
TEST_45477,0.16966205835342407
TEST_45478,0.11970540881156921
TEST_45484,0.1666393280029297
TEST_45488,0.19623112678527832
TEST_45506,0.0018393663922324777
TEST_45508,0.14101670682430267
TEST_45509,0.190264493227005
TEST_45511,0.20921817421913147
TEST_45513,0.1844836324453354
TEST_45516,0.15736258029937744
TEST_45525,0.13515613973140717
TEST_45537,0.22847561538219452
TEST_45543,0.28376737236976624
TEST_45545,0.10382021963596344
TEST_45549,0.0664922446012497
TEST_45550,0.2520829737186432
TEST_45554,0.12291114777326584
TEST_45559,0.15819942951202393
TEST_45560,0.23997649550437927
TEST_45561,0.025699330493807793
TEST_45570,0.13206280767917633
TEST_45574,0.09785148501396179
TEST_45576,0.1083642989397049
TEST_45577,0.16335342824459076
TEST_45578,0.04578116536140442
TEST_45579,0.07158929109573364
TEST_45587,0.10482711344957352
TEST_45590,0.08704143762588501
TEST_45594,0.1013847291469574
TEST_45596,0.06079522520303726
TEST_45598,0.16418953239917755
TEST_45608,0.23408344388008118
TEST_45609,0.11425985395908356
TEST_45610,0.1462016999721527
TEST_45619,0.17259198427200317
TEST_45632,0.16097888350486755
TEST_45641,0.05223670229315758
TEST_45643,0.17840048670768738
TEST_45646,0.08178868889808655
TEST_45647,0.05480179935693741
TEST_45650,0.08587981760501862
TEST_45659,0.11630358546972275
TEST_45671,0.3005795478820801
TEST_45677,0.05509570986032486
TEST_45681,0.18169155716896057
TEST_45682,0.15692365169525146
TEST_45683,0.13522042334079742
TEST_45689,0.14492246508598328
TEST_45690,0.008222928270697594
TEST_45695,0.09726528823375702
TEST_45700,0.18496480584144592
TEST_45705,0.08918717503547668
TEST_45713,0.20149335265159607
TEST_45722,0.05152963846921921
TEST_45729,0.0028147678822278976
TEST_45737,0.44753900170326233
TEST_45754,0.03561341017484665
TEST_45761,0.17247331142425537
TEST_45774,0.07150983065366745
TEST_45777,0.003022383898496628
TEST_45785,0.014795874245464802
TEST_45787,0.003550671972334385
TEST_45789,0.11897311359643936
TEST_45792,0.3130973279476166
TEST_45803,0.12429508566856384
TEST_45805,0.003115034196525812
TEST_45826,0.1577259749174118
TEST_45831,0.16403046250343323
TEST_45839,0.37494733929634094
TEST_45855,0.21040454506874084
TEST_45857,0.004764212295413017
TEST_45871,0.0638439729809761
TEST_45879,0.054688021540641785
TEST_45881,0.023861447349190712
TEST_45886,0.32718393206596375
TEST_45888,0.015436171554028988
TEST_45889,0.10611563920974731
TEST_45890,0.12380784004926682
TEST_45893,0.11701095104217529
TEST_45895,0.0025042598135769367
TEST_45903,0.10720070451498032
TEST_45905,0.07481792569160461
TEST_45915,0.0038388243410736322
TEST_45916,0.07157817482948303
TEST_45919,0.0036506366450339556
TEST_45921,0.0034584421664476395
TEST_45926,0.25098705291748047
TEST_45927,0.002858102787286043
TEST_45932,0.1374567151069641
TEST_45933,0.1087394580245018
TEST_45948,0.04840704798698425
TEST_45954,0.179079070687294
TEST_45955,0.19781625270843506
TEST_45964,0.002821107627823949
TEST_45972,0.046931974589824677
TEST_45980,0.20915614068508148
TEST_45981,0.20705905556678772
TEST_45982,0.13784511387348175
TEST_45984,0.2816722095012665
TEST_45990,0.13715717196464539
TEST_45992,0.04534061253070831
TEST_46001,0.18463459610939026
TEST_46004,0.0022411176469177008
TEST_46011,0.21177347004413605
TEST_46017,0.04819438233971596
TEST_46027,0.1393921971321106
TEST_46031,0.07729259133338928
TEST_46035,0.1940295398235321
TEST_46036,0.030017197132110596
TEST_46041,0.11974863708019257
TEST_46044,0.10631956160068512
TEST_46046,0.23434346914291382
TEST_46054,0.1506272256374359
TEST_46055,0.17166748642921448
TEST_46064,0.14682826399803162
TEST_46069,0.1452951729297638
TEST_46074,0.2315748780965805
TEST_46083,0.08170393854379654
TEST_46092,0.28800928592681885
TEST_46095,0.06916512548923492
TEST_46104,0.002171671949326992
TEST_46106,0.15145546197891235
TEST_46110,0.13575837016105652
TEST_46111,0.11330331116914749
TEST_46115,0.3215806484222412
TEST_46119,0.09173223376274109
TEST_46139,0.15313707292079926
TEST_46143,0.06376000493764877
TEST_46144,0.003441741457208991
TEST_46156,0.13753101229667664
TEST_46167,0.079140804708004
TEST_46180,0.1519775241613388
TEST_46181,0.2412278652191162
TEST_46184,0.17353272438049316
TEST_46185,0.18059521913528442
TEST_46187,0.13931502401828766
TEST_46192,0.09064081311225891
TEST_46195,0.2538137137889862
TEST_46204,0.11628864705562592
TEST_46206,0.04658527299761772
TEST_46208,0.09831326454877853
TEST_46210,0.15954671800136566
TEST_46218,0.03145209327340126
TEST_46219,0.0028543451335281134
TEST_46220,0.003073721658438444
TEST_46223,0.002639040118083358
TEST_46225,0.002687883097678423
TEST_46226,0.10616657137870789
TEST_46232,0.11210072040557861
TEST_46239,0.2308502495288849
TEST_46240,0.0030658829491585493
TEST_46243,0.12042897939682007
TEST_46244,0.3770487904548645
TEST_46254,0.09507256746292114
TEST_46256,0.24988245964050293
TEST_46263,0.08708944916725159
TEST_46267,0.05378665030002594
TEST_46269,0.1950872391462326
TEST_46274,0.10921038687229156
TEST_46275,0.003743015928193927
TEST_46278,0.11019203066825867
TEST_46279,0.11530087143182755
TEST_46284,0.06376000493764877
TEST_46287,0.0052578989416360855
TEST_46290,0.18378005921840668
TEST_46300,0.07611753046512604
TEST_46305,0.06077329441905022
TEST_46311,0.12276779115200043
TEST_46315,0.35337895154953003
TEST_46316,0.12447420507669449
TEST_46317,0.06453937292098999
TEST_46324,0.0027488579507917166
TEST_46328,0.10386514663696289
TEST_46335,0.003117977874353528
TEST_46341,0.08406638354063034
TEST_46343,0.04289719834923744
TEST_46348,0.3691359758377075
TEST_46357,0.10107884556055069
TEST_46363,0.1888878047466278
TEST_46365,0.155619278550148
TEST_46366,0.0031210167799144983
TEST_46370,0.13963596522808075
TEST_46371,0.09124460816383362
TEST_46380,0.04440629109740257
TEST_46381,0.19437113404273987
TEST_46382,0.11153055727481842
TEST_46383,0.2429589033126831
TEST_46387,0.14403611421585083
TEST_46391,0.06105313077569008
TEST_46394,0.0032039289362728596
TEST_46404,0.11401718109846115
TEST_46414,0.15284232795238495
TEST_46416,0.15182600915431976
TEST_46418,0.15068824589252472
TEST_46419,0.16696038842201233
TEST_46425,0.0047875563614070415
TEST_46426,0.21562020480632782
TEST_46436,0.12558114528656006
TEST_46441,0.13313621282577515
TEST_46461,0.21570806205272675
TEST_46464,0.10946345329284668
TEST_46465,0.07796241343021393
TEST_46481,0.045819323509931564
TEST_46485,0.06221938878297806
TEST_46486,0.012399936094880104
TEST_46491,0.05241881310939789
TEST_46493,0.12955458462238312
TEST_46510,0.18715056777000427
TEST_46520,0.20413516461849213
TEST_46523,0.08067324757575989
TEST_46525,0.11387472599744797
TEST_46528,0.1815047264099121
TEST_46544,0.0024588853120803833
TEST_46552,0.3013400733470917
TEST_46555,0.002663730178028345
TEST_46558,0.13967964053153992
TEST_46560,0.04947775974869728
TEST_46565,0.1352115273475647
TEST_46569,0.07904521375894547
TEST_46576,0.04692932590842247
TEST_46577,0.0044694505631923676
TEST_46584,0.002929143374785781
TEST_46585,0.05482451245188713
TEST_46586,0.3607865869998932
TEST_46590,0.0028452661354094744
TEST_46594,0.058149389922618866
TEST_46610,0.3293675184249878
TEST_46613,0.06119370833039284
TEST_46617,0.15519066154956818
TEST_46620,0.23914583027362823
TEST_46633,0.11378137022256851
TEST_46635,0.0028810426592826843
TEST_46638,0.0022457398008555174
TEST_46649,0.002653674688190222
TEST_46658,0.19183197617530823
TEST_46660,0.22853586077690125
TEST_46665,0.003809061599895358
TEST_46670,0.3299030065536499
TEST_46679,0.1561683863401413
TEST_46681,0.11269534379243851
TEST_46684,0.07964099943637848
TEST_46685,0.1151251494884491
TEST_46690,0.12863339483737946
TEST_46692,0.18959856033325195
TEST_46698,0.09270413219928741
TEST_46699,0.17781129479408264
TEST_46700,0.19637760519981384
TEST_46702,0.04613308981060982
TEST_46717,0.05779231712222099
TEST_46718,0.15941566228866577
TEST_46719,0.1208973079919815
TEST_46733,0.13657698035240173
TEST_46745,0.30759134888648987
TEST_46753,0.06035542115569115
TEST_46754,0.1204390674829483
TEST_46757,0.12395308911800385
TEST_46760,0.1750890016555786
TEST_46762,0.002035534242168069
TEST_46768,0.21630394458770752
TEST_46771,0.13427582383155823
TEST_46788,0.13321590423583984
TEST_46797,0.10401549935340881
TEST_46805,0.10365531593561172
TEST_46806,0.055083781480789185
TEST_46810,0.16857285797595978
TEST_46829,0.130502387881279
TEST_46832,0.1798781007528305
TEST_46835,0.1965993493795395
TEST_46838,0.16187389194965363
TEST_46848,0.057624027132987976
TEST_46852,0.12127575278282166
TEST_46854,0.00633630994707346
TEST_46860,0.0025096694007515907
TEST_46861,0.056212302297353745
TEST_46882,0.004011353012174368
TEST_46885,0.10852018743753433
TEST_46886,0.04464041814208031
TEST_46891,0.05282767489552498
TEST_46892,0.04453855752944946
TEST_46903,0.11757256835699081
TEST_46905,0.20058195292949677
TEST_46909,0.17717014253139496
TEST_46914,0.11594779044389725
TEST_46918,0.14315849542617798
TEST_46922,0.09868647158145905
TEST_46923,0.013440975919365883
TEST_46924,0.026133254170417786
TEST_46925,0.17688170075416565
TEST_46932,0.18728938698768616
TEST_46937,0.14564372599124908
TEST_46938,0.201836496591568
TEST_46944,0.17244352400302887
TEST_46954,0.15258225798606873
TEST_46958,0.20129066705703735
TEST_46959,0.07678934186697006
TEST_46960,0.1857704371213913
TEST_46968,0.08252350240945816
TEST_46970,0.08469909429550171
TEST_46972,0.18841509521007538
TEST_46979,0.19508233666419983
TEST_46984,0.39731815457344055
TEST_46990,0.08223789185285568
TEST_46993,0.14030833542346954
TEST_46996,0.21185477077960968
TEST_47000,0.24006909132003784
TEST_47003,0.1453011929988861
TEST_47004,0.002279104897752404
TEST_47005,0.05470416694879532
TEST_47025,0.05900717154145241
TEST_47036,0.2924884557723999
TEST_47040,0.0032924958504736423
TEST_47048,0.13973373174667358
TEST_47052,0.1792682409286499
TEST_47053,0.04684242978692055
TEST_47055,0.15525664389133453
TEST_47057,0.24380391836166382
TEST_47064,0.01791791245341301
TEST_47065,0.1548464298248291
TEST_47070,0.07620787620544434
TEST_47076,0.002054532989859581
TEST_47077,0.13524341583251953
TEST_47078,0.04724219813942909
TEST_47081,0.15162989497184753
TEST_47094,0.05724465101957321
TEST_47096,0.2093636691570282
TEST_47101,0.19714044034481049
TEST_47105,0.23356617987155914
TEST_47108,0.11979133635759354
TEST_47111,0.09773264825344086
TEST_47112,0.0418589748442173
TEST_47113,0.01281464658677578
TEST_47120,0.0017502728151157498
TEST_47125,0.11983281373977661
TEST_47128,0.17035165429115295
TEST_47135,0.006368125323206186
TEST_47142,0.19477196037769318
TEST_47156,0.25647178292274475
TEST_47160,0.17720554769039154
TEST_47167,0.04751497879624367
TEST_47169,0.003209697548300028
TEST_47170,0.13321228325366974
TEST_47172,0.11413530260324478
TEST_47179,0.32924485206604004
TEST_47180,0.10640095919370651
TEST_47184,0.054325345903635025
TEST_47201,0.1155238002538681
TEST_47210,0.2735365033149719
TEST_47214,0.009519895538687706
TEST_47218,0.08033213764429092
TEST_47223,0.142414852976799
TEST_47226,0.0030260554049164057
TEST_47227,0.09377405047416687
TEST_47232,0.208787739276886
TEST_47236,0.18935739994049072
TEST_47239,0.00350847071968019
TEST_47244,0.10443119704723358
TEST_47249,0.10908423364162445
TEST_47250,0.24414731562137604
TEST_47283,0.24575400352478027
TEST_47289,0.12285168468952179
TEST_47290,0.12518981099128723
TEST_47291,0.04380379989743233
TEST_47292,0.0027374348137527704
TEST_47300,0.0582348108291626
TEST_47302,0.10650310665369034
TEST_47305,0.0033727893605828285
TEST_47311,0.0020498980302363634
TEST_47349,0.18992608785629272
TEST_47357,0.0017572074430063367
TEST_47382,0.002468288643285632
TEST_47383,0.1406583935022354
TEST_47390,0.054447293281555176
TEST_47392,0.10753278434276581
TEST_47393,0.1474660336971283
TEST_47394,0.004963187966495752
TEST_47405,0.0027195552829653025
TEST_47406,0.2370794117450714
TEST_47407,0.0022586523555219173
TEST_47408,0.11067601293325424
TEST_47409,0.0033081755973398685
TEST_47411,0.08103632926940918
TEST_47422,0.13982275128364563
TEST_47424,0.004252413287758827
TEST_47426,0.09723217040300369
TEST_47427,0.07127434760332108
TEST_47431,0.04887094721198082
TEST_47435,0.12989084422588348
TEST_47436,0.0034026855137199163
TEST_47449,0.05309091508388519
TEST_47453,0.343427836894989
TEST_47455,0.2672649025917053
TEST_47457,0.002551513724029064
TEST_47459,0.20900434255599976
TEST_47464,0.13898354768753052
TEST_47467,0.18014226853847504
TEST_47474,0.10429099947214127
TEST_47479,0.19059878587722778
TEST_47482,0.21132740378379822
TEST_47492,0.14142635464668274
TEST_47496,0.2194221317768097
TEST_47500,0.0031922280322760344
TEST_47515,0.20168347656726837
TEST_47518,0.10777125507593155
TEST_47519,0.1888478398323059
TEST_47529,0.1422652155160904
TEST_47531,0.3799040913581848
TEST_47543,0.003107180818915367
TEST_47544,0.12317592650651932
TEST_47548,0.1901025027036667
TEST_47549,0.002076762495562434
TEST_47552,0.21304106712341309
TEST_47557,0.07585382461547852
TEST_47561,0.053216077387332916
TEST_47566,0.15667445957660675
TEST_47582,0.0029460876248776913
TEST_47588,0.13425427675247192
TEST_47591,0.18555127084255219
TEST_47596,0.18534544110298157
TEST_47597,0.011153699830174446
TEST_47598,0.2509714961051941
TEST_47604,0.22381706535816193
TEST_47612,0.1694381982088089
TEST_47617,0.11248274892568588
TEST_47624,0.20235426723957062
TEST_47628,0.18690943717956543
TEST_47633,0.005106381606310606
TEST_47637,0.1729881465435028
TEST_47643,0.20271766185760498
TEST_47653,0.048592519015073776
TEST_47656,0.002698435913771391
TEST_47658,0.14020930230617523
TEST_47668,0.18688204884529114
TEST_47669,0.04162148758769035
TEST_47672,0.11279237270355225
TEST_47673,0.049391280859708786
TEST_47676,0.041295185685157776
TEST_47685,0.06409752368927002
TEST_47687,0.054193831980228424
TEST_47705,0.039176054298877716
TEST_47707,0.1317712515592575
TEST_47715,0.340639591217041
TEST_47717,0.0029127325396984816
TEST_47720,0.10706188529729843
TEST_47721,0.17611810564994812
TEST_47723,0.0024267707485705614
TEST_47728,0.0025100535713136196
TEST_47734,0.22919633984565735
TEST_47737,0.18394988775253296
TEST_47740,0.0029447400011122227
TEST_47745,0.0603049136698246
TEST_47748,0.19058117270469666
TEST_47755,0.1233057752251625
TEST_47761,0.10695047676563263
TEST_47766,0.15531882643699646
TEST_47767,0.04939030110836029
TEST_47768,0.11767616868019104
TEST_47771,0.1870155781507492
TEST_47774,0.002054263139143586
TEST_47780,0.039354417473077774
TEST_47781,0.1558815985918045
TEST_47783,0.10984263569116592
TEST_47784,0.08612058311700821
TEST_47788,0.061573661863803864
TEST_47792,0.004685296211391687
TEST_47800,0.10429897159337997
TEST_47810,0.13164828717708588
TEST_47811,0.16819541156291962
TEST_47819,0.13322961330413818
TEST_47822,0.0020716770086437464
TEST_47826,0.002329633804038167
TEST_47846,0.23929207026958466
TEST_47850,0.18572679162025452
TEST_47854,0.25535154342651367
TEST_47860,0.07393966615200043
TEST_47864,0.23717260360717773
TEST_47868,0.13131898641586304
TEST_47874,0.015585328452289104
TEST_47875,0.010611227713525295
TEST_47876,0.0032220077700912952
TEST_47880,0.08141040056943893
TEST_47881,0.011186262592673302
TEST_47887,0.392824649810791
TEST_47891,0.15341849625110626
TEST_47895,0.05413559079170227
TEST_47899,0.2976756989955902
TEST_47915,0.15455254912376404
TEST_47925,0.15747538208961487
TEST_47926,0.3961677551269531
TEST_47934,0.2084522545337677
TEST_47935,0.12426602095365524
TEST_47936,0.0022628596052527428
TEST_47938,0.05507421866059303
TEST_47940,0.15234029293060303
TEST_47943,0.17572656273841858
TEST_47945,0.0067176553420722485
TEST_47956,0.003457197453826666
TEST_47961,0.16466104984283447
TEST_47976,0.1846381425857544
TEST_47984,0.3674772083759308
TEST_47986,0.002219907008111477
TEST_47988,0.13611574470996857
TEST_47992,0.05903947725892067
TEST_48005,0.17153552174568176
TEST_48007,0.0795610100030899
TEST_48027,0.36353880167007446
TEST_48028,0.06811553239822388
TEST_48031,0.1703137308359146
TEST_48036,0.11813686043024063
TEST_48040,0.0029493621550500393
TEST_48057,0.005480546969920397
TEST_48058,0.1201850175857544
TEST_48068,0.10138674080371857
TEST_48075,0.19472764432430267
TEST_48084,0.005686374846845865
TEST_48087,0.07475325465202332
TEST_48092,0.14914236962795258
TEST_48096,0.00288129854016006
TEST_48097,0.15290792286396027
TEST_48107,0.1793551743030548
TEST_48113,0.2465413361787796
TEST_48117,0.12135269492864609
TEST_48121,0.17186680436134338
TEST_48126,0.11658449470996857
TEST_48131,0.16447578370571136
TEST_48133,0.004474857356399298
TEST_48134,0.19008414447307587
TEST_48136,0.12227360159158707
TEST_48139,0.17068153619766235
TEST_48148,0.06401892751455307
TEST_48163,0.004298992455005646
TEST_48171,0.1764070987701416
TEST_48181,0.1420515477657318
TEST_48188,0.0019393399124965072
TEST_48191,0.0021386989392340183
TEST_48202,0.184772327542305
TEST_48204,0.3726247549057007
TEST_48217,0.005108971614390612
TEST_48227,0.18167591094970703
TEST_48229,0.15178270637989044
TEST_48232,0.0031975475139915943
TEST_48243,0.15906977653503418
TEST_48248,0.1467762142419815
TEST_48255,0.00872742384672165
TEST_48257,0.08098796010017395
TEST_48275,0.001826889463700354
TEST_48278,0.1415189802646637
TEST_48280,0.16420023143291473
TEST_48288,0.35774585604667664
TEST_48289,0.09531374275684357
TEST_48298,0.053518470376729965
TEST_48299,0.0020160996355116367
TEST_48302,0.043605633080005646
TEST_48311,0.23972611129283905
TEST_48320,0.2781885862350464
TEST_48323,0.0022049061954021454
TEST_48327,0.19365382194519043
TEST_48333,0.003425449598580599
TEST_48338,0.18316881358623505
TEST_48339,0.19357667863368988
TEST_48344,0.21043431758880615
TEST_48354,0.13199466466903687
TEST_48355,0.0038761429022997618
TEST_48356,0.17901611328125
TEST_48363,0.11947222054004669
TEST_48367,0.10731007903814316
TEST_48375,0.004534410312771797
TEST_48377,0.10897080600261688
TEST_48388,0.05757381021976471
TEST_48390,0.13150066137313843
TEST_48400,0.20703117549419403
TEST_48404,0.0017139200353994966
TEST_48411,0.1469431072473526
TEST_48418,0.3067808449268341
TEST_48419,0.2551988661289215
TEST_48424,0.09189774096012115
TEST_48426,0.0037143996451050043
TEST_48433,0.007832513190805912
TEST_48436,0.29455918073654175
TEST_48439,0.0039848932065069675
TEST_48440,0.08679956942796707
TEST_48451,0.11806489527225494
TEST_48453,0.0457712858915329
TEST_48458,0.11472591757774353
TEST_48461,0.1157885491847992
TEST_48466,0.07864594459533691
TEST_48468,0.21962043642997742
TEST_48469,0.24959373474121094
TEST_48470,0.19942711293697357
TEST_48493,0.0031868694350123405
TEST_48495,0.0078108347952365875
TEST_48497,0.00703830923885107
TEST_48503,0.04693792760372162
TEST_48506,0.0026747488882392645
TEST_48516,0.19365675747394562
TEST_48519,0.09776241332292557
TEST_48523,0.18327555060386658
TEST_48529,0.005653572268784046
TEST_48545,0.097055584192276
TEST_48547,0.1927306056022644
TEST_48548,0.16739948093891144
TEST_48552,0.048036351799964905
TEST_48553,0.059418559074401855
TEST_48567,0.1662110984325409
TEST_48578,0.08307117968797684
TEST_48583,0.1825692504644394
TEST_48587,0.2859930098056793
TEST_48590,0.0028104207012802362
TEST_48597,0.00269297044724226
TEST_48599,0.002440545940771699
TEST_48603,0.16546595096588135
TEST_48605,0.147729754447937
TEST_48607,0.005487328395247459
TEST_48613,0.13635770976543427
TEST_48617,0.06661611050367355
TEST_48620,0.08835259824991226
TEST_48621,0.1123511791229248
TEST_48631,0.1043238565325737
TEST_48638,0.14904344081878662
TEST_48639,0.1916416585445404
TEST_48642,0.1417670100927353
TEST_48651,0.1278410106897354
TEST_48652,0.002511578146368265
TEST_48654,0.1584189385175705
TEST_48656,0.0952557623386383
TEST_48658,0.0555882565677166
TEST_48661,0.005260732024908066
TEST_48666,0.13734650611877441
TEST_48672,0.235643208026886
TEST_48680,0.12995421886444092
TEST_48682,0.0030063448939472437
TEST_48685,0.0027172784321010113
TEST_48686,0.10367302596569061
TEST_48688,0.14434659481048584
TEST_48691,0.2315106987953186
TEST_48713,0.16233980655670166
TEST_48729,0.1648710072040558
TEST_48731,0.14621475338935852
TEST_48739,0.30382320284843445
TEST_48744,0.2557223439216614
TEST_48746,0.004461199045181274
TEST_48749,0.16486042737960815
TEST_48753,0.08718709647655487
TEST_48756,0.11354629695415497
TEST_48757,0.12955649197101593
TEST_48759,0.0967094674706459
TEST_48779,0.07937616854906082
TEST_48780,0.11338502913713455
TEST_48783,0.1307557225227356
TEST_48794,0.020802196115255356
TEST_48798,0.15466925501823425
TEST_48799,0.14630475640296936
TEST_48801,0.0712537094950676
TEST_48811,0.10600744932889938
TEST_48821,0.15244202315807343
TEST_48828,0.01321498118340969
TEST_48829,0.20439088344573975
TEST_48842,0.2078857123851776
TEST_48844,0.004447313956916332
TEST_48845,0.15706318616867065
TEST_48849,0.24602872133255005
TEST_48852,0.0023019579239189625
TEST_48854,0.002721167169511318
TEST_48856,0.18143117427825928
TEST_48857,0.15201736986637115
TEST_48866,0.04319235309958458
TEST_48868,0.0863550677895546
TEST_48874,0.14378474652767181
TEST_48876,0.16804538667201996
TEST_48882,0.12324396520853043
TEST_48893,0.15559588372707367
TEST_48899,0.21425855159759521
TEST_48900,0.0782114565372467
TEST_48919,0.14361323416233063
TEST_48924,0.00475643714889884
TEST_48930,0.1885637491941452
TEST_48932,0.002789829857647419
TEST_48933,0.30748504400253296
TEST_48935,0.1946624219417572
TEST_48936,0.16407455503940582
TEST_48943,0.3139796555042267
TEST_48951,0.13021835684776306
TEST_48957,0.0028482198249548674
TEST_48959,0.20435674488544464
TEST_48961,0.3260207176208496
TEST_48963,0.2669311463832855
TEST_48969,0.19866731762886047
TEST_48986,0.2151799201965332
TEST_48987,0.07852426171302795
TEST_48991,0.11193278431892395
TEST_48992,0.048498012125492096
TEST_49003,0.24065349996089935
TEST_49009,0.21504800021648407
TEST_49013,0.19016963243484497
TEST_49016,0.12516461312770844
TEST_49019,0.0725802332162857
TEST_49024,0.0730530321598053
TEST_49026,0.002470389474183321
TEST_49028,0.010799014009535313
TEST_49035,0.17766986787319183
TEST_49037,0.12207837402820587
TEST_49052,0.1299152374267578
TEST_49058,0.0795668289065361
TEST_49059,0.11382788419723511
TEST_49062,0.00249710725620389
TEST_49066,0.22914013266563416
TEST_49067,0.04653361439704895
TEST_49072,0.17733240127563477
TEST_49081,0.15289127826690674
TEST_49085,0.1136852502822876
TEST_49098,0.17453564703464508
TEST_49102,0.011571509763598442
TEST_49108,0.2433137595653534
TEST_49116,0.13929729163646698
TEST_49120,0.09427107125520706
TEST_49122,0.12312234193086624
TEST_49124,0.07130861282348633
TEST_49129,0.1219092607498169
TEST_49135,0.20223040878772736
TEST_49138,0.0031750488560646772
TEST_49147,0.36497682332992554
TEST_49148,0.28205275535583496
TEST_49164,0.16187773644924164
TEST_49165,0.1918761432170868
TEST_49168,0.11825303733348846
TEST_49171,0.0365610308945179
TEST_49175,0.10603562742471695
TEST_49178,0.1866445243358612
TEST_49182,0.09791646152734756
TEST_49184,0.10208189487457275
TEST_49188,0.05044001340866089
TEST_49196,0.1567368060350418
TEST_49200,0.0882711261510849
TEST_49209,0.13710957765579224
TEST_49214,0.004402949940413237
TEST_49215,0.12715771794319153
TEST_49222,0.08073628693819046
TEST_49225,0.11561929434537888
TEST_49227,0.11610586941242218
TEST_49232,0.1560284048318863
TEST_49236,0.08041143417358398
TEST_49241,0.07840768992900848
TEST_49244,0.173302561044693
TEST_49250,0.25091490149497986
TEST_49251,0.0026679246220737696
TEST_49257,0.03773489221930504
TEST_49264,0.20390842854976654
TEST_49269,0.09932008385658264
TEST_49281,0.2384326159954071
TEST_49288,0.10678532719612122
TEST_49293,0.08427926152944565
TEST_49307,0.0017920006066560745
TEST_49310,0.09881750494241714
TEST_49320,0.18661858141422272
TEST_49322,0.19493238627910614
TEST_49325,0.1751086562871933
TEST_49331,0.0026300200261175632
TEST_49334,0.005113112740218639
TEST_49340,0.1428491175174713
TEST_49346,0.0023835015017539263
TEST_49352,0.007079042959958315
TEST_49355,0.16286540031433105
TEST_49364,0.10262613743543625
TEST_49367,0.1791272759437561
TEST_49370,0.08899644762277603
TEST_49379,0.12689383327960968
TEST_49392,0.23235899209976196
TEST_49396,0.2067791074514389
TEST_49404,0.28746241331100464
TEST_49407,0.18737676739692688
TEST_49411,0.30573511123657227
TEST_49412,0.11027064919471741
TEST_49416,0.008277601562440395
TEST_49428,0.0017826298717409372
TEST_49431,0.1464575231075287
TEST_49437,0.01344911940395832
TEST_49452,0.24415354430675507
TEST_49459,0.20495086908340454
TEST_49464,0.002659981604665518
TEST_49474,0.0031788991764187813
TEST_49477,0.06678607314825058
TEST_49479,0.11386450380086899
TEST_49501,0.005332698114216328
TEST_49502,0.005294446367770433
TEST_49521,0.002273732563480735
TEST_49523,0.00249575637280941
TEST_49525,0.05346713587641716
TEST_49531,0.20031963288784027
TEST_49535,0.0021206100936979055
TEST_49541,0.045533373951911926
TEST_49543,0.13103079795837402
TEST_49546,0.1777561604976654
TEST_49550,0.23420056700706482
TEST_49552,0.19273701310157776
TEST_49556,0.12433333694934845
TEST_49560,0.13888409733772278
TEST_49576,0.15843547880649567
TEST_49586,0.09904806315898895
TEST_49589,0.16714458167552948
TEST_49590,0.06315301358699799
TEST_49593,0.014813164249062538
TEST_49598,0.1276603788137436
TEST_49599,0.1499611884355545
TEST_49606,0.1736551821231842
TEST_49625,0.16192197799682617
TEST_49626,0.11878984421491623
TEST_49632,0.003029182553291321
TEST_49633,0.15769852697849274
TEST_49635,0.1470380276441574
TEST_49636,0.23443101346492767
TEST_49648,0.1775863915681839
TEST_49650,0.1255946159362793
TEST_49655,0.12750408053398132
TEST_49657,0.04106833413243294
TEST_49671,0.07666939496994019
TEST_49673,0.17590224742889404
TEST_49674,0.13739968836307526
TEST_49679,0.2119760662317276
TEST_49683,0.18590596318244934
TEST_49684,0.15903806686401367
TEST_49693,0.17600826919078827
TEST_49697,0.0021647231187671423
TEST_49707,0.14651250839233398
TEST_49709,0.19677165150642395
TEST_49715,0.0023272456601262093
TEST_49718,0.1281854212284088
TEST_49719,0.12986454367637634
TEST_49720,0.12842050194740295
TEST_49723,0.043347738683223724
TEST_49724,0.055507905781269073
TEST_49726,0.23594911396503448
TEST_49735,0.12242062389850616
TEST_49742,0.12635543942451477
TEST_49748,0.18723684549331665
TEST_49753,0.10617487877607346
TEST_49768,0.17267772555351257
TEST_49771,0.32401931285858154
TEST_49773,0.15562985837459564
TEST_49789,0.11102131754159927
TEST_49792,0.023588933050632477
TEST_49798,0.1166190356016159
TEST_49801,0.04853725805878639
TEST_49808,0.11940035969018936
TEST_49810,0.19024640321731567
TEST_49815,0.0508316233754158
TEST_49818,0.004146568942815065
TEST_49826,0.13077205419540405
TEST_49834,0.10911761969327927
TEST_49835,0.04557684808969498
TEST_49836,0.11265654116868973
TEST_49847,0.15396174788475037
TEST_49854,0.005066012032330036
TEST_49865,0.15411774814128876
TEST_49866,0.0025584129616618156
TEST_49875,0.18696993589401245
TEST_49877,0.1292169839143753
TEST_49878,0.2254452407360077
TEST_49879,0.17124484479427338
TEST_49892,0.1961628645658493
TEST_49903,0.17280066013336182
TEST_49908,0.11228238046169281
TEST_49910,0.07514569908380508
TEST_49911,0.18762171268463135
TEST_49923,0.1417669653892517
TEST_49930,0.10783001780509949
TEST_49933,0.0824638307094574
TEST_49949,0.2341020554304123
TEST_49965,0.1796042025089264
TEST_49969,0.1420341283082962
TEST_49973,0.16515782475471497
TEST_49975,0.23844391107559204
TEST_49977,0.11611861735582352
TEST_49983,0.18959474563598633
TEST_49984,0.1454484909772873
TEST_49988,0.19439417123794556
TEST_49991,0.04555721953511238
TEST_49995,0.20698072016239166
TEST_50003,0.049830637872219086
TEST_50008,0.13770660758018494
TEST_50010,0.14436687529087067
TEST_50012,0.04169277101755142
TEST_50014,0.18568077683448792
TEST_50020,0.12166482210159302
TEST_50021,0.1667734980583191
TEST_50023,0.19171032309532166
TEST_50025,0.004434028174728155
TEST_50027,0.18179526925086975
TEST_50033,0.16742514073848724
TEST_50034,0.04975787550210953
TEST_50035,0.04266243427991867
TEST_50036,0.04708914831280708
TEST_50045,0.31719306111335754
TEST_50046,0.16093415021896362
TEST_50051,0.0039888545870780945
TEST_50053,0.20421360433101654
TEST_50071,0.04656383395195007
TEST_50079,0.17781926691532135
TEST_50080,0.008854566141963005
TEST_50082,0.09313946962356567
TEST_50085,0.10379401594400406
TEST_50088,0.055904142558574677
TEST_50096,0.313916951417923
TEST_50098,0.16762511432170868
TEST_50100,0.17918136715888977
TEST_50104,0.0791798010468483
TEST_50114,0.12641693651676178
TEST_50115,0.04054197669029236
TEST_50120,0.0044258031994104385
TEST_50124,0.03200089558959007
TEST_50126,0.09682220965623856
TEST_50135,0.03785155341029167
TEST_50136,0.1069079264998436
TEST_50138,0.00408949563279748
TEST_50140,0.1261473000049591
TEST_50142,0.08067852258682251
TEST_50158,0.28575193881988525
TEST_50159,0.23488806188106537
TEST_50164,0.0964834988117218
TEST_50166,0.16311678290367126
TEST_50177,0.003747126553207636
TEST_50180,0.002410592045634985
TEST_50183,0.1509779542684555
TEST_50196,0.1555107831954956
TEST_50201,0.0981810986995697
TEST_50204,0.06321269273757935
TEST_50207,0.22531193494796753
TEST_50210,0.048945020884275436
TEST_50212,0.15459127724170685
TEST_50221,0.18161331117153168
TEST_50231,0.0032184645533561707
TEST_50241,0.00336432084441185
TEST_50247,0.10877301543951035
TEST_50249,0.0025790443178266287
TEST_50260,0.199691504240036
TEST_50267,0.23957043886184692
TEST_50268,0.05061179772019386
TEST_50293,0.12029466032981873
TEST_50294,0.19315537810325623
TEST_50314,0.2317478209733963
TEST_50315,0.12073798477649689
TEST_50324,0.09442297369241714
TEST_50325,0.11167674511671066
TEST_50328,0.002517242915928364
TEST_50334,0.004276541993021965
TEST_50336,0.0024438840337097645
TEST_50362,0.06403781473636627
TEST_50366,0.0036294693127274513
TEST_50367,0.2692374587059021
TEST_50372,0.310519278049469
TEST_50373,0.1288517713546753
TEST_50377,0.15018165111541748
TEST_50378,0.22627577185630798
TEST_50384,0.34590229392051697
TEST_50388,0.13609059154987335
TEST_50389,0.07344282418489456
TEST_50393,0.13518230617046356
TEST_50402,0.31812357902526855
TEST_50410,0.20013676583766937
TEST_50430,0.08375613391399384
TEST_50432,0.052454981952905655
TEST_50441,0.0275020319968462
TEST_50448,0.0032128612510859966
TEST_50449,0.007826416753232479
TEST_50458,0.04548664391040802
TEST_50464,0.0952133983373642
TEST_50468,0.1780846267938614
TEST_50469,0.08335661143064499
TEST_50480,0.04543859511613846
TEST_50483,0.004855634644627571
TEST_50484,0.07837682217359543
TEST_50487,0.17114128172397614
TEST_50488,0.07280786335468292
TEST_50506,0.2735598385334015
TEST_50508,0.001763692474924028
TEST_50510,0.05884164199233055
TEST_50511,0.25580716133117676
TEST_50515,0.20340223610401154
TEST_50518,0.192500039935112
TEST_50523,0.19275692105293274
TEST_50539,0.26305073499679565
TEST_50543,0.16348335146903992
TEST_50558,0.003956581931561232
TEST_50565,0.04780787602066994
TEST_50570,0.29735055565834045
TEST_50574,0.002598037011921406
TEST_50575,0.12734612822532654
TEST_50581,0.0022643706761300564
TEST_50585,0.003554560476914048
TEST_50586,0.3148214817047119
TEST_50594,0.04483158886432648
TEST_50608,0.26544904708862305
TEST_50619,0.10958526283502579
TEST_50623,0.04516678676009178
TEST_50625,0.10942357778549194
TEST_50636,0.0275020319968462
TEST_50638,0.09702566266059875
TEST_50641,0.004635770805180073
TEST_50655,0.11714669317007065
TEST_50660,0.24425067007541656
TEST_50666,0.003195831086486578
TEST_50667,0.2072344422340393
TEST_50669,0.11853332817554474
TEST_50670,0.13937519490718842
TEST_50671,0.13456784188747406
TEST_50672,0.13231931626796722
TEST_50673,0.18221363425254822
TEST_50675,0.17093227803707123
TEST_50677,0.04720144346356392
TEST_50679,0.1959206461906433
TEST_50682,0.16797764599323273
TEST_50683,0.10493455082178116
TEST_50685,0.005572734400629997
TEST_50689,0.08187456429004669
TEST_50691,0.19949784874916077
TEST_50692,0.045077718794345856
TEST_50695,0.11765537410974503
TEST_50703,0.11004049330949783
TEST_50707,0.003276340663433075
TEST_50719,0.1325817108154297
TEST_50722,0.18255126476287842
TEST_50726,0.2013452649116516
TEST_50727,0.24557560682296753
TEST_50735,0.17978720366954803
TEST_50736,0.13749578595161438
TEST_50737,0.07741387188434601
TEST_50742,0.20746561884880066
TEST_50746,0.07936432212591171
TEST_50749,0.05552181228995323
TEST_50764,0.10232264548540115
TEST_50767,0.10984782129526138
TEST_50771,0.1720498502254486
TEST_50780,0.00511311087757349
TEST_50786,0.15695345401763916
TEST_50787,0.13761836290359497
TEST_50790,0.032354217022657394
TEST_50793,0.20057417452335358
TEST_50797,0.1695873886346817
TEST_50799,0.33320486545562744
TEST_50802,0.396329402923584
TEST_50810,0.1739538162946701
TEST_50817,0.11164169013500214
TEST_50824,0.0024379955139011145
TEST_50830,0.2197214961051941
TEST_50843,0.0027276803739368916
TEST_50846,0.39109110832214355
TEST_50848,0.0029367231763899326
TEST_50855,0.004293778911232948
TEST_50856,0.41446757316589355
TEST_50862,0.0017536389641463757
TEST_50863,0.21660302579402924
TEST_50875,0.2724146246910095
TEST_50879,0.13546107709407806
TEST_50889,0.06975273787975311
TEST_50895,0.19557635486125946
TEST_50897,0.15469057857990265
TEST_50898,0.24938629567623138
TEST_50916,0.23171405494213104
TEST_50917,0.27038928866386414
TEST_50926,0.07447490841150284
TEST_50927,0.1054203137755394
TEST_50943,0.14690840244293213
TEST_50954,0.2011023610830307
TEST_50958,0.0019768131896853447
TEST_50979,0.20915500819683075
TEST_50996,0.114902064204216
TEST_50997,0.16094614565372467
TEST_51002,0.15907153487205505
TEST_51008,0.1829879730939865
TEST_51016,0.16389569640159607
TEST_51024,0.2135692834854126
TEST_51025,0.20974360406398773
TEST_51027,0.24516019225120544
TEST_51041,0.1458740085363388
TEST_51049,0.0036996123380959034
TEST_51059,0.10418863594532013
TEST_51062,0.13897113502025604
TEST_51077,0.07636475563049316
TEST_51078,0.14090374112129211
TEST_51082,0.1505597084760666
TEST_51086,0.134481281042099
TEST_51087,0.048094481229782104
TEST_51093,0.005941448267549276
TEST_51098,0.17650938034057617
TEST_51100,0.0028008788358420134
TEST_51103,0.04276707395911217
TEST_51108,0.1864202916622162
TEST_51128,0.04279376566410065
TEST_51130,0.0027915791142731905
TEST_51137,0.0046038576401770115
TEST_51138,0.21043381094932556
TEST_51150,0.18787932395935059
TEST_51154,0.002312233205884695
TEST_51161,0.00308594130910933
TEST_51169,0.05572912096977234
TEST_51170,0.31954845786094666
TEST_51174,0.005930203944444656
TEST_51190,0.1838446855545044
TEST_51197,0.06986658275127411
TEST_51199,0.05974424257874489
TEST_51200,0.11334312707185745
TEST_51201,0.1126261055469513
TEST_51212,0.0018999534659087658
TEST_51219,0.11536615341901779
TEST_51220,0.10703345388174057
TEST_51223,0.0019785603508353233
TEST_51228,0.006840846501290798
TEST_51234,0.15778425335884094
TEST_51235,0.04356866329908371
TEST_51236,0.1917254477739334
TEST_51246,0.2244798243045807
TEST_51253,0.14574311673641205
TEST_51260,0.004390848334878683
TEST_51279,0.12028482556343079
TEST_51280,0.001994531834498048
TEST_51281,0.11838128417730331
TEST_51282,0.2318645715713501
TEST_51284,0.13829737901687622
TEST_51293,0.04393143951892853
TEST_51296,0.09472987055778503
TEST_51297,0.05408067628741264
TEST_51308,0.2045452892780304
TEST_51315,0.0029705611523240805
TEST_51318,0.12341585010290146
TEST_51319,0.1556679904460907
TEST_51320,0.05019887164235115
TEST_51335,0.0026455868501216173
TEST_51336,0.16292716562747955
TEST_51341,0.22594793140888214
TEST_51342,0.3533615171909332
TEST_51343,0.1561872661113739
TEST_51347,0.33765873312950134
TEST_51348,0.09800472855567932
TEST_51349,0.0026721314061433077
TEST_51350,0.002009014831855893
TEST_51354,0.04538614675402641
TEST_51355,0.0024630511179566383
TEST_51359,0.1638028621673584
TEST_51361,0.13410164415836334
TEST_51363,0.003234969452023506
TEST_51371,0.03797127306461334
TEST_51372,0.18682482838630676
TEST_51377,0.13355161249637604
TEST_51381,0.12566927075386047
TEST_51395,0.1012740433216095
TEST_51402,0.12414024025201797
TEST_51420,0.06811920553445816
TEST_51421,0.17486172914505005
TEST_51432,0.04582708328962326
TEST_51436,0.05418369174003601
TEST_51439,0.007493821904063225
TEST_51441,0.19569602608680725
TEST_51443,0.17078286409378052
TEST_51449,0.10476913303136826
TEST_51461,0.10759389400482178
TEST_51476,0.0028318031691014767
TEST_51478,0.0030989935621619225
TEST_51485,0.08811076730489731
TEST_51499,0.24381667375564575
TEST_51510,0.007144082337617874
TEST_51518,0.13848954439163208
TEST_51523,0.2330067902803421
TEST_51537,0.110185906291008
TEST_51539,0.048356812447309494
TEST_51544,0.2015315741300583
TEST_51545,0.18669861555099487
TEST_51549,0.16998010873794556
TEST_51552,0.002464260905981064
TEST_51556,0.10988981276750565
TEST_51562,0.3355257511138916
TEST_51569,0.046495966613292694
TEST_51572,0.006321259308606386
TEST_51582,0.17261290550231934
TEST_51589,0.038133613765239716
TEST_51595,0.11209839582443237
TEST_51598,0.17624802887439728
TEST_51599,0.0549904927611351
TEST_51604,0.0016124416142702103
TEST_51606,0.1842498779296875
TEST_51607,0.18164758384227753
TEST_51622,0.08535810559988022
TEST_51628,0.1010005921125412
TEST_51636,0.04669656604528427
TEST_51638,0.26358669996261597
TEST_51650,0.004534027073532343
TEST_51652,0.06944439560174942
TEST_51668,0.19266076385974884
TEST_51669,0.0030053332448005676
TEST_51674,0.08507071435451508
TEST_51680,0.0022182632237672806
TEST_51681,0.1546800434589386
TEST_51685,0.2592661678791046
TEST_51692,0.21333624422550201
TEST_51697,0.15040555596351624
TEST_51705,0.02353675290942192
TEST_51706,0.1676420420408249
TEST_51710,0.055167317390441895
TEST_51717,0.2839649021625519
TEST_51720,0.1777561604976654
TEST_51728,0.13230159878730774
TEST_51733,0.029931414872407913
TEST_51734,0.0025843633338809013
TEST_51735,0.00192726356908679
TEST_51736,0.05432688817381859
TEST_51740,0.10890719294548035
TEST_51741,0.05486558750271797
TEST_51747,0.1526673138141632
TEST_51750,0.08760885149240494
TEST_51754,0.04788685962557793
TEST_51766,0.3371996283531189
TEST_51771,0.24023565649986267
TEST_51772,0.08333386480808258
TEST_51789,0.26109573245048523
TEST_51790,0.07646564394235611
TEST_51807,0.16011740267276764
TEST_51812,0.1274711638689041
TEST_51835,0.06453937292098999
TEST_51838,0.12253276258707047
TEST_51840,0.11962153017520905
TEST_51848,0.13084477186203003
TEST_51852,0.19512467086315155
TEST_51856,0.004509832244366407
TEST_51861,0.10870689153671265
TEST_51868,0.11387570202350616
TEST_51870,0.1940353512763977
TEST_51872,0.11466678977012634
TEST_51878,0.16614112257957458
TEST_51879,0.23818007111549377
TEST_51880,0.06747381389141083
TEST_51885,0.11600551009178162
TEST_51886,0.0028607805725187063
TEST_51893,0.14097438752651215
TEST_51896,0.002128598280251026
TEST_51899,0.14788269996643066
TEST_51903,0.05426773056387901
TEST_51909,0.21687906980514526
TEST_51910,0.10290756076574326
TEST_51912,0.1308712512254715
TEST_51914,0.19975382089614868
TEST_51925,0.002278099302202463
TEST_51926,0.23137013614177704
TEST_51933,0.042575180530548096
TEST_51935,0.008602751418948174
TEST_51936,0.2445264756679535
TEST_51940,0.121794193983078
TEST_51942,0.2029578536748886
TEST_51943,0.10670546442270279
TEST_51945,0.19611969590187073
TEST_51953,0.13675624132156372
TEST_51960,0.1310747116804123
TEST_51979,0.33230581879615784
TEST_51981,0.005297355353832245
TEST_51982,0.16307096183300018
TEST_51987,0.004893631674349308
TEST_51988,0.15819136798381805
TEST_51989,0.16376473009586334
TEST_51991,0.04947001859545708
TEST_51993,0.0025903554633259773
TEST_52008,0.007490043994039297
TEST_52014,0.004356675315648317
TEST_52019,0.04767388105392456
TEST_52021,0.2921244204044342
TEST_52025,0.13454952836036682
TEST_52036,0.11596179008483887
TEST_52037,0.2459840178489685
TEST_52050,0.33151787519454956
TEST_52052,0.036715067923069
TEST_52055,0.00264161080121994
TEST_52062,0.33743107318878174
TEST_52070,0.2578262388706207
TEST_52073,0.0023722946643829346
TEST_52089,0.146919384598732
TEST_52103,0.16934548318386078
TEST_52105,0.0032907305285334587
TEST_52106,0.12140659987926483
TEST_52112,0.1542302668094635
TEST_52134,0.004699806682765484
TEST_52136,0.19539013504981995
TEST_52139,0.00443360535427928
TEST_52148,0.14133544266223907
TEST_52149,0.1378457099199295
TEST_52151,0.20409098267555237
TEST_52153,0.08522412180900574
TEST_52155,0.07273571938276291
TEST_52161,0.19458629190921783
TEST_52165,0.23580431938171387
TEST_52173,0.16461874544620514
TEST_52175,0.0019871995318681
TEST_52179,0.18765684962272644
TEST_52185,0.10717609524726868
TEST_52186,0.19323185086250305
TEST_52210,0.2079581469297409
TEST_52216,0.053414102643728256
TEST_52229,0.2242468297481537
TEST_52241,0.0039465902373194695
TEST_52245,0.033482395112514496
TEST_52247,0.14972321689128876
TEST_52251,0.14802931249141693
TEST_52252,0.1309194266796112
TEST_52254,0.2642615735530853
TEST_52277,0.07967142015695572
TEST_52279,0.05584662780165672
TEST_52291,0.13632194697856903
TEST_52298,0.05958312004804611
TEST_52312,0.06492237746715546
TEST_52315,0.22159110009670258
TEST_52316,0.07755956053733826
TEST_52323,0.07926726341247559
TEST_52324,0.1849798560142517
TEST_52327,0.19151714444160461
TEST_52332,0.12673409283161163
TEST_52333,0.17160367965698242
TEST_52346,0.011393592692911625
TEST_52354,0.30976158380508423
TEST_52358,0.15072335302829742
TEST_52359,0.21196159720420837
TEST_52363,0.10190088301897049
TEST_52378,0.16584676504135132
TEST_52379,0.002582623390480876
TEST_52381,0.16450215876102448
TEST_52385,0.1749974638223648
TEST_52387,0.09998823702335358
TEST_52391,0.0019760210998356342
TEST_52399,0.21777932345867157
TEST_52411,0.16050763428211212
TEST_52416,0.00311464536935091
TEST_52417,0.1288822740316391
TEST_52423,0.10669338703155518
TEST_52426,0.0070349485613405704
TEST_52433,0.004475077614188194
TEST_52437,0.006173667032271624
TEST_52446,0.042227357625961304
TEST_52450,0.15281608700752258
TEST_52451,0.22102172672748566
TEST_52459,0.1375660002231598
TEST_52466,0.2396034151315689
TEST_52469,0.23954783380031586
TEST_52474,0.15152397751808167
TEST_52481,0.0029337487649172544
TEST_52483,0.0030350296292454004
TEST_52485,0.04887263476848602
TEST_52487,0.20785775780677795
TEST_52494,0.004123710095882416
TEST_52499,0.04582049697637558
TEST_52511,0.0031236063223332167
TEST_52512,0.36712124943733215
TEST_52516,0.17043152451515198
TEST_52530,0.1286015510559082
TEST_52533,0.12276169657707214
TEST_52534,0.1349456012248993
TEST_52537,0.15964360535144806
TEST_52541,0.005008223000913858
TEST_52550,0.1497339904308319
TEST_52551,0.0873175710439682
TEST_52553,0.07560501247644424
TEST_52577,0.08869253098964691
TEST_52582,0.05343838036060333
TEST_52583,0.1321077048778534
TEST_52591,0.14730310440063477
TEST_52592,0.0722222700715065
TEST_52594,0.1837252676486969
TEST_52597,0.16732202470302582
TEST_52599,0.1290360391139984
TEST_52600,0.30528250336647034
TEST_52602,0.169602632522583
TEST_52620,0.1606864631175995
TEST_52623,0.05800292640924454
TEST_52627,0.14716742932796478
TEST_52649,0.20306801795959473
TEST_52652,0.1814800649881363
TEST_52660,0.21994125843048096
TEST_52664,0.08262063562870026
TEST_52671,0.0057188221253454685
TEST_52676,0.11325784027576447
TEST_52680,0.3329479694366455
TEST_52690,0.30837273597717285
TEST_52699,0.30758512020111084
TEST_52702,0.05405394732952118
TEST_52712,0.0026323413476347923
TEST_52718,0.1728886514902115
TEST_52733,0.1296328455209732
TEST_52740,0.09353458881378174
TEST_52749,0.15153327584266663
TEST_52750,0.01791791245341301
TEST_52752,0.0730789378285408
TEST_52753,0.0027265329845249653
TEST_52756,0.08610586822032928
TEST_52760,0.0025011864490807056
TEST_52761,0.2424035519361496
TEST_52766,0.08191517740488052
TEST_52778,0.10788565129041672
TEST_52783,0.08178535103797913
TEST_52796,0.21699859201908112
TEST_52797,0.0885075181722641
TEST_52799,0.08513148128986359
TEST_52802,0.019637659192085266
TEST_52813,0.16069309413433075
TEST_52814,0.1533660888671875
TEST_52823,0.001836625742726028
TEST_52833,0.10478168725967407
TEST_52834,0.1898524910211563
TEST_52849,0.1023636981844902
TEST_52852,0.2822500467300415
TEST_52857,0.11146260052919388
TEST_52858,0.1316520720720291
TEST_52860,0.003920676186680794
TEST_52864,0.03186001256108284
TEST_52866,0.18575040996074677
TEST_52871,0.04663298651576042
TEST_52882,0.12531372904777527
TEST_52896,0.006884524133056402
TEST_52902,0.21375739574432373
TEST_52903,0.10832782089710236
TEST_52904,0.11171969771385193
TEST_52918,0.21660840511322021
TEST_52919,0.1252823919057846
TEST_52927,0.0023300996981561184
TEST_52931,0.1477750837802887
TEST_52943,0.06880487501621246
TEST_52947,0.28752222657203674
TEST_52950,0.002068487461656332
TEST_52961,0.02624053880572319
TEST_52962,0.1367272138595581
TEST_52964,0.004312444012612104
TEST_52968,0.16731493175029755
TEST_52973,0.1753285974264145
TEST_52977,0.13877855241298676
TEST_52979,0.1828828752040863
TEST_52981,0.0027172949630767107
TEST_52984,0.11872654408216476
TEST_52985,0.0018187969690188766
TEST_52997,0.0854787826538086
TEST_53004,0.15147441625595093
TEST_53010,0.045232467353343964
TEST_53023,0.08591436594724655
TEST_53024,0.039509616792201996
TEST_53028,0.001895153196528554
TEST_53029,0.17548146843910217
TEST_53041,0.0021979648154228926
TEST_53043,0.0032000902574509382
TEST_53060,0.28652212023735046
TEST_53066,0.2515193223953247
TEST_53069,0.14051257073879242
TEST_53077,0.16345804929733276
TEST_53078,0.05349151790142059
TEST_53083,0.11297456920146942
TEST_53085,0.1567581743001938
TEST_53098,0.0025309985503554344
TEST_53101,0.002075956668704748
TEST_53103,0.05511799082159996
TEST_53104,0.0020877597853541374
TEST_53109,0.13719935715198517
TEST_53110,0.005490635521709919
TEST_53112,0.1947503685951233
TEST_53114,0.14563556015491486
TEST_53121,0.2132226526737213
TEST_53126,0.09986518323421478
TEST_53132,0.005067641846835613
TEST_53142,0.23229926824569702
TEST_53144,0.25393396615982056
TEST_53149,0.019676711410284042
TEST_53160,0.49872297048568726
TEST_53161,0.2935710549354553
TEST_53167,0.04265936091542244
TEST_53170,0.002504082629457116
TEST_53174,0.004199796821922064
TEST_53175,0.0038436471950262785
TEST_53179,0.12280888855457306
TEST_53183,0.12620019912719727
TEST_53187,0.18351124227046967
TEST_53202,0.11366897821426392
TEST_53209,0.04609321802854538
TEST_53210,0.1863008737564087
TEST_53216,0.11749128252267838
TEST_53222,0.15201880037784576
TEST_53224,0.003637887304648757
TEST_53229,0.2724357843399048
TEST_53230,0.05327118933200836
TEST_53236,0.3175930380821228
TEST_53239,0.0021589710377156734
TEST_53247,0.20886188745498657
TEST_53256,0.0021700679790228605
TEST_53260,0.011635455302894115
TEST_53261,0.004256607033312321
TEST_53265,0.13391463458538055
TEST_53266,0.002992939902469516
TEST_53288,0.004071032162755728
TEST_53289,0.0024826864246279
TEST_53290,0.13666290044784546
TEST_53292,0.27483701705932617
TEST_53298,0.007319836877286434
TEST_53299,0.15633849799633026
TEST_53305,0.004850888624787331
TEST_53311,0.11996673047542572
TEST_53313,0.07965303957462311
TEST_53314,0.0030253520235419273
TEST_53317,0.002886239904910326
TEST_53321,0.17328520119190216
TEST_53324,0.007959797978401184
TEST_53325,0.12233113497495651
TEST_53327,0.13824248313903809
TEST_53331,0.16884750127792358
TEST_53336,0.05107783526182175
TEST_53341,0.15685296058654785
TEST_53344,0.0024269046261906624
TEST_53345,0.0528978668153286
TEST_53359,0.05740176886320114
TEST_53366,0.19816885888576508
TEST_53371,0.15382951498031616
TEST_53373,0.1271764636039734
TEST_53378,0.11983314156532288
TEST_53389,0.048604827374219894
TEST_53390,0.24545782804489136
TEST_53392,0.1887563169002533
TEST_53393,0.18300442397594452
TEST_53394,0.1578569859266281
TEST_53402,0.173233762383461
TEST_53404,0.15641725063323975
TEST_53412,0.1939837485551834
TEST_53416,0.0026199514977633953
TEST_53421,0.06208891421556473
TEST_53435,0.11417818069458008
TEST_53436,0.17497816681861877
TEST_53437,0.1258144974708557
TEST_53438,0.16259445250034332
TEST_53445,0.15473811328411102
TEST_53448,0.09077851474285126
TEST_53465,0.17820191383361816
TEST_53473,0.004663764964789152
TEST_53474,0.15491150319576263
TEST_53476,0.11784648895263672
TEST_53483,0.0018495763652026653
TEST_53484,0.0038577571976929903
TEST_53490,0.11291258037090302
TEST_53499,0.20054355263710022
TEST_53504,0.15539298951625824
TEST_53508,0.23791389167308807
TEST_53509,0.0030020740814507008
TEST_53510,0.004489213228225708
TEST_53511,0.004258514381945133
TEST_53512,0.03446751460433006
TEST_53515,0.0023427894338965416
TEST_53522,0.37805137038230896
TEST_53527,0.10393065214157104
TEST_53543,0.10829315334558487
TEST_53559,0.052347514778375626
TEST_53561,0.1254831850528717
TEST_53566,0.2638193666934967
TEST_53572,0.18797630071640015
TEST_53573,0.09439858794212341
TEST_53577,0.2988167703151703
TEST_53580,0.19465038180351257
TEST_53582,0.135079488158226
TEST_53587,0.15727297961711884
TEST_53593,0.08194851130247116
TEST_53602,0.21038854122161865
TEST_53605,0.052279166877269745
TEST_53606,0.01776503212749958
TEST_53609,0.007367223966866732
TEST_53616,0.1759718656539917
TEST_53631,0.31139108538627625
TEST_53644,0.19775772094726562
TEST_53646,0.24776215851306915
TEST_53652,0.12045986205339432
TEST_53657,0.0891067385673523
TEST_53658,0.12695814669132233
TEST_53671,0.15775750577449799
TEST_53672,0.12102152407169342
TEST_53682,0.09705664217472076
TEST_53684,0.12320103496313095
TEST_53689,0.06592392921447754
TEST_53692,0.005005184095352888
TEST_53696,0.21054628491401672
TEST_53705,0.04613630473613739
TEST_53712,0.13192716240882874
TEST_53724,0.001847454928793013
TEST_53731,0.051454342901706696
TEST_53734,0.24673163890838623
TEST_53738,0.2801910638809204
TEST_53742,0.002774713793769479
TEST_53747,0.196261465549469
TEST_53749,0.14801950752735138
TEST_53753,0.1927981972694397
TEST_53757,0.08984886109828949
TEST_53760,0.18411557376384735
TEST_53771,0.22021305561065674
TEST_53781,0.1952499896287918
TEST_53784,0.12158094346523285
TEST_53785,0.11388788372278214
TEST_53787,0.21138660609722137
TEST_53792,0.29961925745010376
TEST_53794,0.06095249950885773
TEST_53797,0.1635892540216446
TEST_53798,0.0023578032851219177
TEST_53819,0.18411801755428314
TEST_53848,0.20037484169006348
TEST_53849,0.004266427829861641
TEST_53851,0.17796626687049866
TEST_53854,0.00288254301995039
TEST_53865,0.2136784940958023
TEST_53866,0.260621041059494
TEST_53868,0.12646281719207764
TEST_53871,0.0061256494373083115
TEST_53876,0.21338102221488953
TEST_53878,0.18432149291038513
TEST_53881,0.1877492070198059
TEST_53884,0.021846283227205276
TEST_53885,0.04428669437766075
TEST_53889,0.0035348276142030954
TEST_53894,0.16314642131328583
TEST_53898,0.11483155936002731
TEST_53900,0.081398144364357
TEST_53904,0.07303601503372192
TEST_53905,0.09791748970746994
TEST_53912,0.1720423400402069
TEST_53913,0.1278832107782364
TEST_53918,0.0382244810461998
TEST_53922,0.0929158627986908
TEST_53925,0.004772691987454891
TEST_53928,0.19834966957569122
TEST_53929,0.0026372827123850584
TEST_53933,0.002431534230709076
TEST_53936,0.11156874895095825
TEST_53941,0.09391274303197861
TEST_53943,0.147422194480896
TEST_53950,0.1391463428735733
TEST_53951,0.002632592339068651
TEST_53956,0.11732002347707748
TEST_53958,0.08228898048400879
TEST_53962,0.1049850732088089
TEST_53964,0.20095854997634888
TEST_53972,0.12080268561840057
TEST_53973,0.13554497063159943
TEST_53977,0.1110399067401886
TEST_53983,0.004040571860969067
TEST_53984,0.23285576701164246
TEST_53988,0.0046927123330533504
TEST_53989,0.17996591329574585
TEST_53998,0.047180064022541046
TEST_54001,0.09653566777706146
TEST_54003,0.20675036311149597
TEST_54004,0.16082890331745148
TEST_54019,0.0031686776783317327
TEST_54026,0.002372465329244733
TEST_54033,0.13626527786254883
TEST_54039,0.14952975511550903
TEST_54050,0.2458118498325348
TEST_54054,0.19975247979164124
TEST_54057,0.07927674800157547
TEST_54059,0.1404854655265808
TEST_54063,0.2172524333000183
TEST_54069,0.004493516869843006
TEST_54071,0.20401078462600708
TEST_54072,0.11439637839794159
TEST_54080,0.08484967797994614
TEST_54092,0.0033400149550288916
TEST_54093,0.09088669717311859
TEST_54094,0.08586148917675018
TEST_54107,0.13197778165340424
TEST_54108,0.08625959604978561
TEST_54111,0.1592288315296173
TEST_54121,0.10888105630874634
TEST_54122,0.0020004198886454105
TEST_54123,0.09329494833946228
TEST_54133,0.03899279236793518
TEST_54138,0.10584664344787598
TEST_54139,0.18006789684295654
TEST_54142,0.3344033360481262
TEST_54149,0.002080735517665744
TEST_54171,0.0027483755256980658
TEST_54174,0.19937069714069366
TEST_54175,0.1253989040851593
TEST_54183,0.001972086727619171
TEST_54184,0.004315350204706192
TEST_54186,0.12479551136493683
TEST_54196,0.11906895786523819
TEST_54213,0.04497234895825386
TEST_54220,0.06049642711877823
TEST_54222,0.10243972390890121
TEST_54223,0.003063262440264225
TEST_54226,0.027029413729906082
TEST_54228,0.2866263687610626
TEST_54232,0.10007254779338837
TEST_54247,0.08483518660068512
TEST_54253,0.4820087254047394
TEST_54254,0.10774476826190948
TEST_54264,0.16807648539543152
TEST_54267,0.12758953869342804
TEST_54272,0.10033287853002548
TEST_54273,0.1658090054988861
TEST_54283,0.1331399828195572
TEST_54284,0.1206633523106575
TEST_54294,0.16206716001033783
TEST_54303,0.18462087213993073
TEST_54307,0.12019389867782593
TEST_54316,0.15733033418655396
TEST_54326,0.1801186054944992
TEST_54339,0.3333638906478882
TEST_54340,0.14002272486686707
TEST_54343,0.0026869585271924734
TEST_54347,0.20960013568401337
TEST_54348,0.0022562933154404163
TEST_54351,0.18276497721672058
TEST_54352,0.14141887426376343
TEST_54360,0.22340291738510132
TEST_54364,0.073808953166008
TEST_54370,0.20622406899929047
TEST_54375,0.18765628337860107
TEST_54377,0.07536878436803818
TEST_54381,0.0033019441179931164
TEST_54382,0.09939306974411011
TEST_54383,0.35124343633651733
TEST_54387,0.1883000284433365
TEST_54404,0.056194838136434555
TEST_54407,0.0020354799926280975
TEST_54414,0.0027069300413131714
TEST_54426,0.09895482659339905
TEST_54427,0.08508368581533432
TEST_54432,0.00265903165563941
TEST_54438,0.002104105893522501
TEST_54444,0.16712036728858948
TEST_54449,0.20670868456363678
TEST_54464,0.2937137484550476
TEST_54465,0.21103346347808838
TEST_54467,0.13355906307697296
TEST_54481,0.04342009872198105
TEST_54482,0.07646127045154572
TEST_54484,0.004831139929592609
TEST_54488,0.1224396824836731
TEST_54494,0.05225706100463867
TEST_54499,0.004447516985237598
TEST_54508,0.04526393488049507
TEST_54514,0.11679144948720932
TEST_54521,0.19321472942829132
TEST_54525,0.0029450412839651108
TEST_54536,0.13483364880084991
TEST_54546,0.003756287507712841
TEST_54548,0.1555136889219284
TEST_54559,0.15628960728645325
TEST_54571,0.08138322830200195
TEST_54574,0.11349357664585114
TEST_54575,0.12134082615375519
TEST_54580,0.1850268393754959
TEST_54587,0.03299383819103241
TEST_54592,0.003154296427965164
TEST_54599,0.19477196037769318
TEST_54613,0.25761285424232483
TEST_54614,0.41214847564697266
TEST_54624,0.1628492772579193
TEST_54629,0.12048114836215973
TEST_54630,0.0021651226561516523
TEST_54631,0.19620706140995026
TEST_54633,0.12277646362781525
TEST_54642,0.011911352165043354
TEST_54648,0.36193740367889404
TEST_54653,0.1768263429403305
TEST_54655,0.06202435493469238
TEST_54662,0.14918234944343567
TEST_54664,0.10294634103775024
TEST_54672,0.18121814727783203
TEST_54676,0.12472876906394958
TEST_54682,0.1931241899728775
TEST_54692,0.14787524938583374
TEST_54693,0.07728549093008041
TEST_54711,0.15246069431304932
TEST_54721,0.02815903350710869
TEST_54723,0.00437138369306922
TEST_54725,0.13663770258426666
TEST_54734,0.1905592679977417
TEST_54742,0.10296948999166489
TEST_54753,0.19455145299434662
TEST_54766,0.2550075352191925
TEST_54767,0.09409280866384506
TEST_54772,0.4370410740375519
TEST_54788,0.002071632770821452
TEST_54789,0.002484443597495556
TEST_54794,0.1447717398405075
TEST_54802,0.08899851888418198
TEST_54805,0.007929407991468906
TEST_54806,0.398981511592865
TEST_54810,0.1499967724084854
TEST_54812,0.00865100510418415
TEST_54822,0.003626742400228977
TEST_54832,0.06127868965268135
TEST_54840,0.21009808778762817
TEST_54843,0.004794795531779528
TEST_54850,0.01579137146472931
TEST_54851,0.061390094459056854
TEST_54856,0.2204262763261795
TEST_54861,0.14616897702217102
TEST_54864,0.004885776434093714
TEST_54869,0.169769287109375
TEST_54873,0.10764540731906891
TEST_54879,0.0022920994088053703
TEST_54880,0.06931988149881363
TEST_54881,0.0071293264627456665
TEST_54884,0.0048799761570990086
TEST_54888,0.09857647866010666
TEST_54889,0.053523797541856766
TEST_54891,0.0027637514285743237
TEST_54898,0.10727878659963608
TEST_54902,0.07708863914012909
TEST_54903,0.15376576781272888
TEST_54912,0.15207800269126892
TEST_54913,0.1981198936700821
TEST_54924,0.23113521933555603
TEST_54928,0.08020808547735214
TEST_54931,0.08326028287410736
TEST_54934,0.0020429056603461504
TEST_54937,0.05354950577020645
TEST_54945,0.10095539689064026
TEST_54949,0.18020787835121155
TEST_54951,0.0025488887913525105
TEST_54963,0.028185252100229263
TEST_54971,0.12662041187286377
TEST_54976,0.13814611732959747
TEST_54982,0.1382521539926529
TEST_54988,0.14220550656318665
TEST_54992,0.015436171554028988
TEST_54996,0.15700437128543854
TEST_55001,0.023228557780385017
TEST_55002,0.007775355130434036
TEST_55009,0.11870262026786804
TEST_55017,0.08566414564847946
TEST_55019,0.004136016592383385
TEST_55027,0.16848567128181458
TEST_55039,0.002505943179130554
TEST_55040,0.2561211585998535
TEST_55042,0.13635630905628204
TEST_55046,0.23763079941272736
TEST_55048,0.07364623248577118
TEST_55059,0.1728736162185669
TEST_55061,0.12387475371360779
TEST_55067,0.004656447097659111
TEST_55074,0.25424322485923767
TEST_55078,0.002864730777218938
TEST_55082,0.12144684046506882
TEST_55084,0.21538464725017548
TEST_55089,0.1371731460094452
TEST_55099,0.05037587508559227
TEST_55103,0.09504266828298569
TEST_55120,0.23786789178848267
TEST_55144,0.10248683393001556
TEST_55146,0.19267068803310394
TEST_55147,0.030624235048890114
TEST_55151,0.002413978334516287
TEST_55153,0.059167757630348206
TEST_55155,0.16339343786239624
TEST_55156,0.1845904439687729
TEST_55167,0.17499606311321259
TEST_55174,0.1831406205892563
TEST_55176,0.14768406748771667
TEST_55177,0.0020976534578949213
TEST_55185,0.07972092181444168
TEST_55192,0.42809826135635376
TEST_55202,0.3060201406478882
TEST_55208,0.25565433502197266
TEST_55211,0.08260495960712433
TEST_55213,0.0028369573410600424
TEST_55214,0.10781402140855789
TEST_55215,0.24271786212921143
TEST_55217,0.0028613368049263954
TEST_55218,0.2753136456012726
TEST_55225,0.09950140118598938
TEST_55233,0.15796184539794922
TEST_55234,0.15023468434810638
TEST_55243,0.13559576869010925
TEST_55256,0.1469162255525589
TEST_55282,0.03145209327340126
TEST_55283,0.0025902686174958944
TEST_55288,0.07831738144159317
TEST_55291,0.04255744814872742
TEST_55304,0.4406374990940094
TEST_55309,0.17694830894470215
TEST_55313,0.002750894520431757
TEST_55322,0.003723018802702427
TEST_55325,0.16985984146595
TEST_55336,0.003613625653088093
TEST_55343,0.12250421196222305
TEST_55348,0.04719634726643562
TEST_55354,0.298098087310791
TEST_55359,0.1958179920911789
TEST_55362,0.04826695844531059
TEST_55368,0.37211155891418457
TEST_55369,0.03133879229426384
TEST_55382,0.1268576979637146
TEST_55385,0.003181248204782605
TEST_55386,0.37702545523643494
TEST_55387,0.0446975901722908
TEST_55394,0.07280786335468292
TEST_55399,0.09544284641742706
TEST_55403,0.1338469386100769
TEST_55418,0.0026054722256958485
TEST_55422,0.20437128841876984
TEST_55430,0.07110045850276947
TEST_55431,0.005756364203989506
TEST_55433,0.28013917803764343
TEST_55436,0.11981214582920074
TEST_55440,0.19177211821079254
TEST_55441,0.1863289624452591
TEST_55454,0.010409119538962841
TEST_55459,0.004312444012612104
TEST_55462,0.05159532651305199
TEST_55467,0.12388426810503006
TEST_55481,0.16784198582172394
TEST_55493,0.08175504207611084
TEST_55501,0.23639973998069763
TEST_55503,0.002445041434839368
TEST_55516,0.04722476005554199
TEST_55530,0.1685597449541092
TEST_55550,0.02424323931336403
TEST_55552,0.0029249973595142365
TEST_55553,0.09893815964460373
TEST_55555,0.31333234906196594
TEST_55557,0.0030695064924657345
TEST_55560,0.14941182732582092
TEST_55561,0.12142140418291092
TEST_55567,0.2546935975551605
TEST_55569,0.1534487009048462
TEST_55571,0.09632202237844467
TEST_55576,0.2164311408996582
TEST_55584,0.17647980153560638
TEST_55606,0.0026458255015313625
TEST_55614,0.1893976479768753
TEST_55616,0.10348919034004211
TEST_55621,0.1120714619755745
TEST_55624,0.0023890731390565634
TEST_55634,0.1885959804058075
TEST_55636,0.0031742374412715435
TEST_55640,0.07268522679805756
TEST_55646,0.0034194865729659796
TEST_55657,0.35454702377319336
TEST_55658,0.01190180517733097
TEST_55659,0.18763595819473267
TEST_55672,0.1814175248146057
TEST_55677,0.0028143543750047684
TEST_55687,0.004178199917078018
TEST_55691,0.002649773610755801
TEST_55693,0.05564263463020325
TEST_55710,0.11133045703172684
TEST_55718,0.05569620430469513
TEST_55725,0.23272565007209778
TEST_55737,0.2648400068283081
TEST_55738,0.16330894827842712
TEST_55740,0.0629706010222435
TEST_55741,0.2111235409975052
TEST_55742,0.007803422398865223
TEST_55748,0.0017745918594300747
TEST_55755,0.16658265888690948
TEST_55763,0.16191649436950684
TEST_55767,0.4295724332332611
TEST_55776,0.0029063487891107798
TEST_55777,0.0029435595497488976
TEST_55779,0.18914392590522766
TEST_55791,0.23037584125995636
TEST_55793,0.003455299185588956
TEST_55795,0.10545025020837784
TEST_55802,0.11401745676994324
TEST_55804,0.05373848229646683
TEST_55809,0.1488994061946869
TEST_55812,0.003966497723013163
TEST_55816,0.009719040244817734
TEST_55820,0.002296478021889925
TEST_55821,0.16261622309684753
TEST_55822,0.21236954629421234
TEST_55833,0.1671231985092163
TEST_55835,0.17627350986003876
TEST_55837,0.13862475752830505
TEST_55849,0.04966861009597778
TEST_55855,0.2638378143310547
TEST_55856,0.1530202329158783
TEST_55857,0.1754273772239685
TEST_55866,0.30141279101371765
TEST_55868,0.11335062235593796
TEST_55881,0.12889306247234344
TEST_55882,0.15214040875434875
TEST_55884,0.0024354576598852873
TEST_55887,0.0050847819074988365
TEST_55901,0.0026643762830644846
TEST_55905,0.3217476010322571
TEST_55941,0.1228698119521141
TEST_55945,0.05106709897518158
TEST_55970,0.2254965454339981
TEST_55971,0.20412981510162354
TEST_55972,0.23574547469615936
TEST_55995,0.008800782263278961
TEST_55999,0.16292904317378998
TEST_56000,0.14874592423439026
TEST_56001,0.16534510254859924
TEST_56008,0.22909314930438995
TEST_56010,0.00375352636910975
TEST_56011,0.06661475449800491
TEST_56012,0.19873657822608948
TEST_56016,0.18438227474689484
TEST_56020,0.1284918636083603
TEST_56030,0.19144216179847717
TEST_56032,0.16571304202079773
TEST_56033,0.08802703768014908
TEST_56040,0.3260745704174042
TEST_56043,0.0027869329787790775
TEST_56048,0.12647376954555511
TEST_56057,0.0017677485011518002
TEST_56060,0.002058864338323474
TEST_56063,0.003660101443529129
TEST_56069,0.3239348530769348
TEST_56075,0.1415853351354599
TEST_56077,0.04292796179652214
TEST_56085,0.2672269940376282
TEST_56090,0.03604092821478844
TEST_56097,0.2290680855512619
TEST_56098,0.003500385209918022
TEST_56100,0.11222214251756668
TEST_56112,0.001994392368942499
TEST_56130,0.0026420403737574816
TEST_56133,0.16584563255310059
TEST_56135,0.14243939518928528
TEST_56142,0.37682366371154785
TEST_56153,0.20981022715568542
TEST_56162,0.08044365048408508
TEST_56163,0.24155806005001068
TEST_56166,0.14599665999412537
TEST_56181,0.13268214464187622
TEST_56187,0.0843539759516716
TEST_56189,0.002160833217203617
TEST_56194,0.0027057293336838484
TEST_56197,0.003065776778385043
TEST_56201,0.0434880405664444
TEST_56207,0.153047114610672
TEST_56212,0.15765759348869324
TEST_56221,0.17654146254062653
TEST_56222,0.17783302068710327
TEST_56225,0.003276270115748048
TEST_56235,0.16874763369560242
TEST_56237,0.1225074902176857
TEST_56238,0.1307893991470337
TEST_56242,0.3000403344631195
TEST_56245,0.07706477493047714
TEST_56255,0.14529438316822052
TEST_56257,0.15767395496368408
TEST_56260,0.21012786030769348
TEST_56265,0.20731939375400543
TEST_56272,0.2039686143398285
TEST_56274,0.11844602972269058
TEST_56286,0.13351759314537048
TEST_56291,0.08039849996566772
TEST_56294,0.014450030401349068
TEST_56299,0.004510344937443733
TEST_56300,0.2969014048576355
TEST_56317,0.0939861387014389
TEST_56322,0.11817244440317154
TEST_56326,0.14226417243480682
TEST_56327,0.15169771015644073
TEST_56331,0.07917620241641998
TEST_56337,0.003133282298222184
TEST_56341,0.2650594711303711
TEST_56345,0.24056702852249146
TEST_56347,0.24264781177043915
TEST_56351,0.15043631196022034
TEST_56353,0.13156461715698242
TEST_56360,0.0746501237154007
TEST_56361,0.05169955641031265
TEST_56373,0.09783121943473816
TEST_56379,0.26199638843536377
TEST_56384,0.35050129890441895
TEST_56385,0.13318407535552979
TEST_56390,0.1208728551864624
TEST_56394,0.004706847947090864
TEST_56401,0.17622312903404236
TEST_56402,0.051213860511779785
TEST_56424,0.07330343127250671
TEST_56425,0.0026505046989768744
TEST_56432,0.17601756751537323
TEST_56433,0.2386353462934494
TEST_56434,0.046251486986875534
TEST_56435,0.2783728539943695
TEST_56441,0.0026442857924848795
TEST_56453,0.12330973148345947
TEST_56455,0.13229341804981232
TEST_56460,0.1274084746837616
TEST_56463,0.11152686923742294
TEST_56465,0.18806958198547363
TEST_56466,0.1582406908273697
TEST_56468,0.1291692703962326
TEST_56473,0.07929875701665878
TEST_56474,0.14977549016475677
TEST_56477,0.05500320717692375
TEST_56489,0.15579749643802643
TEST_56491,0.052460912615060806
TEST_56492,0.07217907160520554
TEST_56497,0.006349462084472179
TEST_56501,0.043424755334854126
TEST_56507,0.16165149211883545
TEST_56512,0.1095062792301178
TEST_56518,0.002241814974695444
TEST_56525,0.004920767154544592
TEST_56528,0.0966322049498558
TEST_56530,0.1315678507089615
TEST_56531,0.0029434000607579947
TEST_56535,0.0028853327967226505
TEST_56536,0.002761595882475376
TEST_56538,0.10228035598993301
TEST_56540,0.0026641101576387882
TEST_56545,0.14768967032432556
TEST_56552,0.22851714491844177
TEST_56555,0.0024322466924786568
TEST_56556,0.08131518214941025
TEST_56558,0.2668195366859436
TEST_56561,0.394929438829422
TEST_56565,0.13053296506404877
TEST_56579,0.3718947470188141
TEST_56582,0.20927228033542633
TEST_56585,0.1416122168302536
TEST_56587,0.011674206703901291
TEST_56588,0.0020237029530107975
TEST_56589,0.1005241870880127
TEST_56592,0.1961459368467331
TEST_56601,0.0025761048309504986
TEST_56602,0.17125456035137177
TEST_56614,0.14504194259643555
TEST_56622,0.1531100869178772
TEST_56628,0.11260292679071426
TEST_56633,0.2649085819721222
TEST_56638,0.08034294843673706
TEST_56645,0.04285043105483055
TEST_56652,0.1143237054347992
TEST_56659,0.16272589564323425
TEST_56665,0.11099158972501755
TEST_56671,0.14079518616199493
TEST_56674,0.002310965210199356
TEST_56678,0.059570956975221634
TEST_56696,0.06936787068843842
TEST_56701,0.1243186891078949
TEST_56705,0.10630182176828384
TEST_56733,0.16920410096645355
TEST_56741,0.10096980631351471
TEST_56747,0.13013030588626862
TEST_56763,0.2596292197704315
TEST_56786,0.1988990604877472
TEST_56789,0.0019601189997047186
TEST_56796,0.17938019335269928
TEST_56798,0.0026721570175141096
TEST_56800,0.11190588772296906
TEST_56814,0.16617396473884583
TEST_56815,0.034884363412857056
TEST_56826,0.17804856598377228
TEST_56833,0.16740736365318298
TEST_56836,0.2659144997596741
TEST_56842,0.1385156512260437
TEST_56846,0.1659017950296402
TEST_56849,0.005219842307269573
TEST_56852,0.07716160267591476
TEST_56857,0.10980658233165741
TEST_56860,0.15540745854377747
TEST_56870,0.07981255650520325
TEST_56871,0.0018990917596966028
TEST_56878,0.12145503610372543
TEST_56888,0.053627222776412964
TEST_56889,0.0470958948135376
TEST_56900,0.055812910199165344
TEST_56906,0.0030019087716937065
TEST_56911,0.10016506910324097
TEST_56913,0.05193272978067398
TEST_56914,0.27872538566589355
TEST_56918,0.17945459485054016
TEST_56920,0.002722680103033781
TEST_56923,0.11211583763360977
TEST_56933,0.1864023655653
TEST_56935,0.08122502267360687
TEST_56937,0.19931821525096893
TEST_56944,0.13016092777252197
TEST_56959,0.10401154309511185
TEST_56966,0.08125288039445877
TEST_56967,0.3780730962753296
TEST_56973,0.083160899579525
TEST_56981,0.13163387775421143
TEST_56982,0.14726121723651886
TEST_56991,0.21871355175971985
TEST_56998,0.1261044591665268
TEST_57004,0.15611732006072998
TEST_57005,0.23123890161514282
TEST_57008,0.003659728914499283
TEST_57013,0.20982670783996582
TEST_57023,0.13397391140460968
TEST_57027,0.2416173815727234
TEST_57028,0.1237134113907814
TEST_57032,0.11149163544178009
TEST_57036,0.1386798620223999
TEST_57039,0.08536286652088165
TEST_57044,0.0019033628050237894
TEST_57063,0.19069898128509521
TEST_57068,0.06303362548351288
TEST_57072,0.30271294713020325
TEST_57077,0.22540748119354248
TEST_57078,0.11663101613521576
TEST_57100,0.1524066925048828
TEST_57104,0.12285776436328888
TEST_57109,0.07369355857372284
TEST_57113,0.18377217650413513
TEST_57114,0.055743444710969925
TEST_57115,0.12327776849269867
TEST_57116,0.04986753687262535
TEST_57119,0.18936380743980408
TEST_57125,0.13141483068466187
TEST_57128,0.2153361588716507
TEST_57131,0.11753301322460175
TEST_57135,0.05549248307943344
TEST_57140,0.10911453515291214
TEST_57142,0.23315410315990448
TEST_57149,0.008263974450528622
TEST_57155,0.21253985166549683
TEST_57159,0.12441877275705338
TEST_57160,0.18505960702896118
TEST_57162,0.137496218085289
TEST_57164,0.1677536964416504
TEST_57165,0.18398870527744293
TEST_57166,0.12510333955287933
TEST_57178,0.27728599309921265
TEST_57180,0.14679987728595734
TEST_57184,0.10179232805967331
TEST_57189,0.10701450705528259
TEST_57195,0.16012325882911682
TEST_57202,0.0025264271534979343
TEST_57208,0.20577825605869293
TEST_57219,0.05311625823378563
TEST_57223,0.11042266339063644
TEST_57228,0.09912135452032089
TEST_57234,0.12207450717687607
TEST_57239,0.0024365645367652178
TEST_57256,0.07951140403747559
TEST_57261,0.26890286803245544
TEST_57264,0.23264320194721222
TEST_57269,0.25528576970100403
TEST_57274,0.17715348303318024
TEST_57282,0.029865028336644173
TEST_57291,0.12362024933099747
TEST_57292,0.13081499934196472
TEST_57295,0.11157016456127167
TEST_57303,0.18389686942100525
TEST_57304,0.03563956171274185
TEST_57307,0.12628479301929474
TEST_57315,0.13624387979507446
TEST_57325,0.2097308188676834
TEST_57329,0.0020210128277540207
TEST_57330,0.002868227194994688
TEST_57333,0.1309671550989151
TEST_57334,0.006362262647598982
TEST_57336,0.19027385115623474
TEST_57343,0.19983144104480743
TEST_57350,0.07147882133722305
TEST_57357,0.0029732200782746077
TEST_57362,0.18062812089920044
TEST_57363,0.2522302269935608
TEST_57380,0.007544781547039747
TEST_57390,0.15128257870674133
TEST_57394,0.06616200506687164
TEST_57395,0.1343793123960495
TEST_57396,0.17828620970249176
TEST_57410,0.05406701937317848
TEST_57418,0.10419707000255585
TEST_57425,0.11600597947835922
TEST_57442,0.03058217279613018
TEST_57446,0.003091837977990508
TEST_57450,0.13198724389076233
TEST_57451,0.00271442043595016
TEST_57463,0.15759573876857758
TEST_57469,0.24741758406162262
TEST_57472,0.004169246647506952
TEST_57473,0.04910548776388168
TEST_57481,0.3467973470687866
TEST_57505,0.07657218724489212
TEST_57508,0.11706721037626266
TEST_57523,0.12689019739627838
TEST_57528,0.16601109504699707
TEST_57530,0.14820274710655212
TEST_57545,0.150241881608963
TEST_57546,0.057372551411390305
TEST_57551,0.2063903510570526
TEST_57557,0.00242096115835011
TEST_57571,0.0024842212442308664
TEST_57574,0.14386893808841705
TEST_57581,0.19630098342895508
TEST_57590,0.18205371499061584
TEST_57600,0.11813603341579437
TEST_57606,0.1302509605884552
TEST_57611,0.09925811737775803
TEST_57612,0.18205779790878296
TEST_57614,0.1293981373310089
TEST_57619,0.06885920464992523
TEST_57620,0.10654047131538391
TEST_57621,0.01579137146472931
TEST_57635,0.08984406292438507
TEST_57638,0.21506202220916748
TEST_57639,0.23382960259914398
TEST_57640,0.059715233743190765
TEST_57648,0.18190157413482666
TEST_57653,0.002560142893344164
TEST_57659,0.0028733976650983095
TEST_57680,0.163802832365036
TEST_57681,0.1526603251695633
TEST_57688,0.02973834052681923
TEST_57689,0.18087813258171082
TEST_57694,0.2030961513519287
TEST_57699,0.17587226629257202
TEST_57700,0.1411329209804535
TEST_57702,0.0022547056432813406
TEST_57706,0.22085043787956238
TEST_57708,0.13772781193256378
TEST_57709,0.1718682050704956
TEST_57717,0.3229254186153412
TEST_57728,0.04875537008047104
TEST_57730,0.3000466227531433
TEST_57741,0.003638933878391981
TEST_57746,0.20453782379627228
TEST_57750,0.12221106886863708
TEST_57754,0.18869757652282715
TEST_57756,0.11242048442363739
TEST_57765,0.0024154388811439276
TEST_57786,0.1370677351951599
TEST_57788,0.0029176846146583557
TEST_57791,0.07667818665504456
TEST_57794,0.07052669674158096
TEST_57799,0.039556533098220825
TEST_57804,0.001982753863558173
TEST_57809,0.10024929791688919
TEST_57814,0.08497428148984909
TEST_57816,0.13926802575588226
TEST_57819,0.02137620933353901
TEST_57840,0.058234188705682755
TEST_57860,0.2786608338356018
TEST_57871,0.10513737052679062
TEST_57875,0.17105238139629364
TEST_57880,0.07800956070423126
TEST_57882,0.2095198631286621
TEST_57887,0.09920055419206619
TEST_57889,0.24464747309684753
TEST_57905,0.260966956615448
TEST_57920,0.09542781114578247
TEST_57927,0.16369310021400452
TEST_57933,0.16679677367210388
TEST_57940,0.1302603930234909
TEST_57950,0.12731137871742249
TEST_57967,0.10890698432922363
TEST_57971,0.182833731174469
TEST_57974,0.15731854736804962
TEST_57977,0.1972024291753769
TEST_57981,0.2511182129383087
TEST_57983,0.17635999619960785
TEST_57991,0.11706970632076263
TEST_57997,0.20480751991271973
TEST_58002,0.13829092681407928
TEST_58003,0.12094512581825256
TEST_58011,0.17846950888633728
TEST_58019,0.14136697351932526
TEST_58032,0.15515859425067902
TEST_58033,0.0023301513865590096
TEST_58035,0.129708930850029
TEST_58042,0.10125400125980377
TEST_58043,0.002157763810828328
TEST_58045,0.18418391048908234
TEST_58056,0.11442967504262924
TEST_58060,0.002078892197459936
TEST_58065,0.0018180476035922766
TEST_58077,0.0022645769640803337
TEST_58080,0.04861678183078766
TEST_58081,0.14782145619392395
TEST_58089,0.14777794480323792
TEST_58113,0.14854587614536285
TEST_58116,0.35573485493659973
TEST_58121,0.1517857015132904
TEST_58128,0.19855447113513947
TEST_58143,0.21500924229621887
TEST_58144,0.049461837857961655
TEST_58148,0.07728023082017899
TEST_58150,0.1027655079960823
TEST_58160,0.00485899718478322
TEST_58165,0.1725306510925293
TEST_58166,0.18761630356311798
TEST_58168,0.12277686595916748
TEST_58173,0.3134938180446625
TEST_58174,0.1643160730600357
TEST_58177,0.002962399972602725
TEST_58180,0.15994945168495178
TEST_58184,0.17084041237831116
TEST_58187,0.11555842310190201
TEST_58191,0.11761762201786041
TEST_58194,0.24967148900032043
TEST_58195,0.17463409900665283
TEST_58198,0.1394311934709549
TEST_58200,0.10396982729434967
TEST_58206,0.21731531620025635
TEST_58209,0.1281455159187317
TEST_58210,0.04185047745704651
TEST_58219,0.10286848247051239
TEST_58220,0.16924703121185303
TEST_58230,0.14671574532985687
TEST_58233,0.06811568886041641
TEST_58236,0.17858943343162537
TEST_58242,0.1245969608426094
TEST_58248,0.1323084682226181
TEST_58249,0.12882861495018005
TEST_58257,0.027482803910970688
TEST_58261,0.031155051663517952
TEST_58263,0.056366752833127975
TEST_58265,0.010743067599833012
TEST_58268,0.004162400029599667
TEST_58278,0.02683182805776596
TEST_58279,0.14570531249046326
TEST_58280,0.2116568684577942
TEST_58281,0.16646763682365417
TEST_58285,0.0688055157661438
TEST_58287,0.003065036376938224
TEST_58299,0.08412844687700272
TEST_58313,0.1664026379585266
TEST_58331,0.22306647896766663
TEST_58336,0.1563609093427658
TEST_58345,0.0034103174693882465
TEST_58369,0.005209764465689659
TEST_58372,0.1592109650373459
TEST_58377,0.3313548266887665
TEST_58390,0.15293703973293304
TEST_58392,0.004602811764925718
TEST_58405,0.005802592728286982
TEST_58421,0.15160121023654938
TEST_58425,0.11007101088762283
TEST_58427,0.1422145515680313
TEST_58430,0.16573494672775269
TEST_58445,0.015211102552711964
TEST_58447,0.09948305785655975
TEST_58472,0.18207406997680664
TEST_58476,0.09480028599500656
TEST_58484,0.12512190639972687
TEST_58489,0.19026720523834229
TEST_58493,0.09868030995130539
TEST_58495,0.1278105080127716
TEST_58499,0.002800466027110815
TEST_58505,0.09812895953655243
TEST_58506,0.0025211728643625975
TEST_58507,0.0022368403151631355
TEST_58508,0.12700019776821136
TEST_58511,0.1597292125225067
TEST_58523,0.1849546581506729
TEST_58528,0.06759396940469742
TEST_58532,0.1324688345193863
TEST_58534,0.20658153295516968
TEST_58537,0.1495436578989029
TEST_58538,0.04052269458770752
TEST_58539,0.0021182538475841284
TEST_58543,0.10644906759262085
TEST_58549,0.067914217710495
TEST_58550,0.006843349896371365
TEST_58555,0.2651625871658325
TEST_58559,0.054306596517562866
TEST_58568,0.0701204314827919
TEST_58575,0.002277206163853407
TEST_58586,0.06479001045227051
TEST_58587,0.18339619040489197
TEST_58594,0.0023851448204368353
TEST_58598,0.003773860866203904
TEST_58602,0.01576128602027893
TEST_58611,0.23985065519809723
TEST_58614,0.0567665658891201
TEST_58620,0.0893196165561676
TEST_58624,0.002991622779518366
TEST_58630,0.14066973328590393
TEST_58631,0.0019918675534427166
TEST_58634,0.21278002858161926
TEST_58635,0.22302336990833282
TEST_58641,0.10785683989524841
TEST_58655,0.02791527472436428
TEST_58679,0.003153763944283128
TEST_58683,0.011714644730091095
TEST_58685,0.2558419704437256
TEST_58688,0.09071271121501923
TEST_58696,0.1916721761226654
TEST_58706,0.002976287854835391
TEST_58708,0.0554778017103672
TEST_58710,0.18964780867099762
TEST_58712,0.14694300293922424
TEST_58714,0.2188549041748047
TEST_58716,0.2027660459280014
TEST_58717,0.04967078939080238
TEST_58718,0.1184694916009903
TEST_58736,0.002887634327635169
TEST_58737,0.3634607493877411
TEST_58744,0.14615516364574432
TEST_58756,0.23789063096046448
TEST_58758,0.0019520760979503393
TEST_58762,0.28162264823913574
TEST_58766,0.08661726862192154
TEST_58767,0.08527886122465134
TEST_58770,0.05787583813071251
TEST_58775,0.2004324495792389
TEST_58779,0.24519531428813934
TEST_58780,0.09660152345895767
TEST_58785,0.14781443774700165
TEST_58800,0.1992112696170807
TEST_58815,0.14121943712234497
TEST_58822,0.007216557860374451
TEST_58825,0.0032155821099877357
TEST_58832,0.2782984673976898
TEST_58838,0.058215558528900146
TEST_58846,0.0923716276884079
TEST_58857,0.26047366857528687
TEST_58861,0.07886141538619995
TEST_58864,0.14152011275291443
TEST_58868,0.13813820481300354
TEST_58871,0.11846857517957687
TEST_58875,0.12721595168113708
TEST_58877,0.1519613116979599
TEST_58881,0.04538734629750252
TEST_58883,0.27080246806144714
TEST_58885,0.02544466219842434
TEST_58892,0.22020277380943298
TEST_58904,0.2026481181383133
TEST_58912,0.18483960628509521
TEST_58916,0.003969901241362095
TEST_58923,0.0020742970518767834
TEST_58925,0.0033282884396612644
TEST_58931,0.143405944108963
TEST_58941,0.13427801430225372
TEST_58942,0.028463764116168022
TEST_58943,0.07839716225862503
TEST_58945,0.06239866837859154
TEST_58947,0.2081574946641922
TEST_58954,0.07667503505945206
TEST_58959,0.21352627873420715
TEST_58964,0.1372290849685669
TEST_58971,0.12540927529335022
TEST_58992,0.09464962780475616
TEST_58996,0.07636118680238724
TEST_59005,0.07299572229385376
TEST_59007,0.16653984785079956
TEST_59029,0.1580154150724411
TEST_59037,0.010878551751375198
TEST_59039,0.002415260300040245
TEST_59041,0.13543662428855896
TEST_59043,0.002648949855938554
TEST_59054,0.1334778368473053
TEST_59056,0.0016069338889792562
TEST_59057,0.24774183332920074
TEST_59061,0.36239245533943176
TEST_59062,0.18818213045597076
TEST_59067,0.002256319159641862
TEST_59073,0.12814666330814362
TEST_59079,0.003398824715986848
TEST_59085,0.39175063371658325
TEST_59105,0.05462783947587013
TEST_59106,0.08712343126535416
TEST_59109,0.00286771054379642
TEST_59111,0.09790169447660446
TEST_59119,0.16057518124580383
TEST_59122,0.22265464067459106
TEST_59144,0.12484952062368393
TEST_59151,0.1583852469921112
TEST_59154,0.058742012828588486
TEST_59157,0.1635987013578415
TEST_59158,0.240659698843956
TEST_59160,0.18878592550754547
TEST_59161,0.21895308792591095
TEST_59164,0.1715288758277893
TEST_59168,0.003707027295604348
TEST_59170,0.05214536935091019
TEST_59171,0.2291797697544098
TEST_59181,0.18522676825523376
TEST_59183,0.272492915391922
TEST_59188,0.0018217292381450534
TEST_59191,0.1569860279560089
TEST_59195,0.19977521896362305
TEST_59199,0.002830675570294261
TEST_59200,0.19536258280277252
TEST_59226,0.13944566249847412
TEST_59227,0.15054410696029663
TEST_59231,0.18893826007843018
TEST_59232,0.19422757625579834
TEST_59238,0.20401176810264587
TEST_59246,0.1319204568862915
TEST_59247,0.07309781759977341
TEST_59250,0.13603046536445618
TEST_59251,0.026979122310876846
TEST_59256,0.21786503493785858
TEST_59258,0.0026095279026776552
TEST_59259,0.17375603318214417
TEST_59264,0.1602405458688736
TEST_59271,0.14012034237384796
TEST_59273,0.15512442588806152
TEST_59274,0.21351167559623718
TEST_59286,0.15746304392814636
TEST_59293,0.1513795405626297
TEST_59299,0.12630772590637207
TEST_59302,0.2802885174751282
TEST_59303,0.19758300483226776
TEST_59308,0.26046857237815857
TEST_59309,0.0021370563190430403
TEST_59314,0.06749475747346878
TEST_59321,0.11303437501192093
TEST_59326,0.002031572861596942
TEST_59329,0.07052967697381973
TEST_59338,0.1382894665002823
TEST_59341,0.17048560082912445
TEST_59345,0.0032417934853583574
TEST_59356,0.3067510724067688
TEST_59358,0.2500511705875397
TEST_59363,0.10677143186330795
TEST_59365,0.31512072682380676
TEST_59369,0.11375962197780609
TEST_59372,0.19067123532295227
TEST_59375,0.17149867117404938
TEST_59381,0.13719449937343597
TEST_59385,0.0017771202838048339
TEST_59388,0.028986874967813492
TEST_59389,0.13059331476688385
TEST_59393,0.12005336582660675
TEST_59401,0.04533747211098671
TEST_59402,0.17821961641311646
TEST_59407,0.05375882610678673
TEST_59410,0.047464367002248764
TEST_59419,0.046793144196271896
TEST_59420,0.007168642710894346
TEST_59423,0.0747082456946373
TEST_59427,0.0996435284614563
TEST_59433,0.17623768746852875
TEST_59443,0.11351825296878815
TEST_59446,0.00605850899592042
TEST_59448,0.07365921884775162
TEST_59449,0.03427083417773247
TEST_59465,0.32601261138916016
TEST_59483,0.03348959982395172
TEST_59484,0.12458822876214981
TEST_59487,0.12986348569393158
TEST_59492,0.18193978071212769
TEST_59493,0.28417184948921204
TEST_59500,0.10655643790960312
TEST_59506,0.23294809460639954
TEST_59510,0.24433928728103638
TEST_59516,0.14926020801067352
TEST_59518,0.17500457167625427
TEST_59521,0.002888656919822097
TEST_59528,0.2798025906085968
TEST_59530,0.2579777240753174
TEST_59532,0.07996812462806702
TEST_59535,0.10262032598257065
TEST_59538,0.07919035106897354
TEST_59540,0.2291412353515625
TEST_59547,0.15777553617954254
TEST_59551,0.14577363431453705
TEST_59555,0.17220960557460785
TEST_59556,0.19288285076618195
TEST_59568,0.0019004913046956062
TEST_59570,0.04294510558247566
TEST_59572,0.11897435039281845
TEST_59578,0.20011764764785767
TEST_59595,0.08853799104690552
TEST_59602,0.007284585386514664
TEST_59610,0.049754586070775986
TEST_59619,0.0029303403571248055
TEST_59622,0.010786621831357479
TEST_59626,0.07485689222812653
TEST_59629,0.32354551553726196
TEST_59631,0.11356716603040695
TEST_59645,0.06548041105270386
TEST_59646,0.08271408826112747
TEST_59652,0.052192747592926025
TEST_59658,0.1450481116771698
TEST_59662,0.18219423294067383
TEST_59664,0.019749999046325684
TEST_59666,0.11451920866966248
TEST_59668,0.1398693174123764
TEST_59672,0.4172196388244629
TEST_59674,0.18216712772846222
TEST_59676,0.32148677110671997
TEST_59685,0.0525040440261364
TEST_59693,0.0037741740234196186
TEST_59694,0.12484009563922882
TEST_59697,0.00314120901748538
TEST_59701,0.22617363929748535
TEST_59704,0.05672794580459595
TEST_59706,0.14463461935520172
TEST_59708,0.10681714862585068
TEST_59716,0.12729641795158386
TEST_59731,0.002227979712188244
TEST_59732,0.1440851092338562
TEST_59754,0.127409428358078
TEST_59769,0.1148165836930275
TEST_59770,0.0030507727060467005
TEST_59785,0.11638350039720535
TEST_59790,0.15129593014717102
TEST_59791,0.19726072251796722
TEST_59792,0.11661054193973541
TEST_59800,0.15673372149467468
TEST_59801,0.22783596813678741
TEST_59819,0.002612242242321372
TEST_59833,0.0867614895105362
TEST_59835,0.2971978485584259
TEST_59839,0.11454439163208008
TEST_59846,0.0023117992095649242
TEST_59850,0.00323361624032259
TEST_59853,0.18740369379520416
TEST_59858,0.13896504044532776
TEST_59863,0.0017567190807312727
TEST_59864,0.12494085729122162
TEST_59871,0.1085958406329155
TEST_59881,0.13957343995571136
TEST_59883,0.08087466657161713
TEST_59884,0.16325095295906067
TEST_59889,0.10781154036521912
TEST_59890,0.216807022690773
TEST_59897,0.2542192339897156
TEST_59898,0.17468217015266418
TEST_59902,0.003369437763467431
TEST_59907,0.08089801669120789
TEST_59908,0.006945514585822821
TEST_59909,0.09911169856786728
TEST_59910,0.19993537664413452
TEST_59918,0.04789992794394493
TEST_59921,0.002316076774150133
TEST_59923,0.19664055109024048
TEST_59927,0.1367010921239853
TEST_59929,0.07874757796525955
TEST_59932,0.0030756813939660788
TEST_59936,0.15641558170318604
TEST_59939,0.07584898173809052
TEST_59940,0.09281598031520844
TEST_59948,0.12796317040920258
TEST_59949,0.08456689864397049
TEST_59950,0.10363510251045227
TEST_59953,0.09888800978660583
TEST_59955,0.005030443426221609
TEST_59961,0.07362153381109238
TEST_59969,0.0807124674320221
TEST_59974,0.05146355181932449
TEST_59975,0.23359766602516174
TEST_59985,0.1856095939874649
TEST_59988,0.18997663259506226
TEST_59990,0.14249710738658905
TEST_60001,0.19444125890731812
TEST_60010,0.1483202874660492
TEST_60024,0.46570977568626404
TEST_60030,0.05443490296602249
TEST_60045,0.0025938060134649277
TEST_60050,0.0024130011443048716
TEST_60053,0.11017678678035736
TEST_60056,0.12658622860908508
TEST_60057,0.232364222407341
TEST_60063,0.2015639990568161
TEST_60069,0.32791465520858765
TEST_60070,0.15006059408187866
TEST_60072,0.11280934512615204
TEST_60077,0.23425599932670593
TEST_60080,0.034141525626182556
TEST_60081,0.15186089277267456
TEST_60089,0.19641469419002533
TEST_60098,0.12703962624073029
TEST_60102,0.003922552801668644
TEST_60103,0.10092393308877945
TEST_60104,0.39421021938323975
TEST_60108,0.15108199417591095
TEST_60114,0.05632166191935539
TEST_60115,0.14357733726501465
TEST_60131,0.13760070502758026
TEST_60134,0.21225421130657196
TEST_60136,0.005636665970087051
TEST_60140,0.11526110023260117
TEST_60142,0.09337744116783142
TEST_60153,0.03331699222326279
TEST_60156,0.0029300700407475233
TEST_60178,0.18199627101421356
TEST_60182,0.13820846378803253
TEST_60187,0.12183035910129547
TEST_60189,0.12497469782829285
TEST_60195,0.1124957948923111
TEST_60206,0.08139211684465408
TEST_60209,0.16545014083385468
TEST_60211,0.005970333237200975
TEST_60216,0.1025908887386322
TEST_60220,0.0065592145547270775
TEST_60226,0.0030225031077861786
TEST_60259,0.06965165585279465
TEST_60272,0.12391157448291779
TEST_60283,0.10628943145275116
TEST_60289,0.05253374204039574
TEST_60295,0.12464182078838348
TEST_60298,0.16052046418190002
TEST_60303,0.06962443888187408
TEST_60312,0.18845660984516144
TEST_60320,0.14498548209667206
TEST_60322,0.0024312955792993307
TEST_60325,0.1381205916404724
TEST_60327,0.14217716455459595
TEST_60339,0.060143064707517624
TEST_60344,0.06728813797235489
TEST_60350,0.15545350313186646
TEST_60364,0.12823718786239624
TEST_60367,0.17780376970767975
TEST_60370,0.16521762311458588
TEST_60375,0.25341710448265076
TEST_60392,0.00258785136975348
TEST_60402,0.006081785075366497
TEST_60406,0.21689532697200775
TEST_60411,0.05183349549770355
TEST_60417,0.21124260127544403
TEST_60427,0.15112799406051636
TEST_60428,0.07366602122783661
TEST_60432,0.0027178009040653706
TEST_60441,0.14617791771888733
TEST_60449,0.10344835370779037
TEST_60451,0.09515319764614105
TEST_60453,0.15795131027698517
TEST_60457,0.1876586526632309
TEST_60475,0.0020699845626950264
TEST_60477,0.07876606285572052
TEST_60480,0.0033738291822373867
TEST_60482,0.018940020352602005
TEST_60483,0.13842828571796417
TEST_60485,0.24855570495128632
TEST_60487,0.003004211001098156
TEST_60496,0.004828565753996372
TEST_60504,0.08546203374862671
TEST_60522,0.04515848681330681
TEST_60526,0.19838081300258636
TEST_60529,0.047886110842227936
TEST_60534,0.1237904280424118
TEST_60543,0.13674478232860565
TEST_60548,0.002738873241469264
TEST_60571,0.15108183026313782
TEST_60582,0.269083708524704
TEST_60585,0.07626485824584961
TEST_60590,0.1377977579832077
TEST_60591,0.11960014700889587
TEST_60597,0.00210427213460207
TEST_60599,0.1715148389339447
TEST_60605,0.0032142370473593473
TEST_60607,0.08367393910884857
TEST_60619,0.1278083473443985
TEST_60624,0.2010761797428131
TEST_60627,0.04758346825838089
TEST_60629,0.2779073119163513
TEST_60634,0.09360651671886444
TEST_60641,0.18275576829910278
TEST_60644,0.002825905801728368
TEST_60650,0.16017501056194305
TEST_60656,0.19209645688533783
TEST_60659,0.13046374917030334
TEST_60660,0.003706500632688403
TEST_60663,0.17631570994853973
TEST_60668,0.09380893409252167
TEST_60672,0.07405058294534683
TEST_60692,0.055731453001499176
TEST_60699,0.05408231168985367
TEST_60707,0.18907998502254486
TEST_60709,0.22119134664535522
TEST_60712,0.006888716947287321
TEST_60721,0.04542967304587364
TEST_60725,0.18772120773792267
TEST_60730,0.32705843448638916
TEST_60732,0.16691534221172333
TEST_60743,0.08259843289852142
TEST_60755,0.07652847468852997
TEST_60756,0.09263277053833008
TEST_60763,0.0022801405284553766
TEST_60784,0.07936058193445206
TEST_60787,0.07340255379676819
TEST_60790,0.0028960302006453276
TEST_60799,0.008701817132532597
TEST_60802,0.1445990949869156
TEST_60803,0.11407971382141113
TEST_60806,0.341317743062973
TEST_60808,0.002734543289989233
TEST_60822,0.1253046691417694
TEST_60827,0.0030157805886119604
TEST_60829,0.1869588941335678
TEST_60831,0.15049129724502563
TEST_60833,0.19412139058113098
TEST_60839,0.11736373603343964
TEST_60840,0.09685956686735153
TEST_60842,0.174081951379776
TEST_60844,0.2509390115737915
TEST_60848,0.025001004338264465
TEST_60850,0.13281074166297913
TEST_60851,0.25427260994911194
TEST_60852,0.07883749157190323
TEST_60859,0.18085001409053802
TEST_60866,0.14419415593147278
TEST_60867,0.10187744349241257
TEST_60895,0.04895466938614845
TEST_60896,0.17077317833900452
TEST_60912,0.175763338804245
TEST_60915,0.11280845105648041
TEST_60919,0.042690545320510864
TEST_60922,0.16002926230430603
TEST_60926,0.08577697724103928
TEST_60928,0.0631752610206604
TEST_60939,0.10853144526481628
TEST_60940,0.053938381373882294
TEST_60941,0.10596060752868652
TEST_60948,0.14340098202228546
TEST_60953,0.08043108880519867
TEST_60954,0.12043022364377975
TEST_60955,0.1529693454504013
TEST_60957,0.005335329100489616
TEST_60960,0.12197711318731308
TEST_60966,0.1305326521396637
TEST_60970,0.004677915945649147
TEST_60972,0.2815771698951721
TEST_60974,0.2930803894996643
TEST_60977,0.08013643324375153
TEST_60982,0.11286003887653351
TEST_60996,0.20154432952404022
TEST_61002,0.048093512654304504
TEST_61010,0.10873887687921524
TEST_61013,0.18002499639987946
TEST_61015,0.29739853739738464
TEST_61017,0.00421132193878293
TEST_61024,0.1826867014169693
TEST_61032,0.0021415390074253082
TEST_61034,0.04785441234707832
TEST_61037,0.11444419622421265
TEST_61038,0.08412310481071472
TEST_61044,0.15222258865833282
TEST_61055,0.16722916066646576
TEST_61066,0.004505234770476818
TEST_61068,0.13073033094406128
TEST_61070,0.13519299030303955
TEST_61072,0.09567606449127197
TEST_61075,0.04889969527721405
TEST_61082,0.051920704543590546
TEST_61085,0.10974393784999847
TEST_61091,0.1705564558506012
TEST_61103,0.12372271716594696
TEST_61110,0.10201914608478546
TEST_61116,0.0045119090937078
TEST_61135,0.004188680090010166
TEST_61143,0.13000743091106415
TEST_61145,0.2267541140317917
TEST_61151,0.2833905816078186
TEST_61153,0.0961257815361023
TEST_61158,0.07777425646781921
TEST_61163,0.0034114536829292774
TEST_61167,0.09978450834751129
TEST_61182,0.035627398639917374
TEST_61183,0.13320593535900116
TEST_61184,0.003631321946159005
TEST_61189,0.06154729798436165
TEST_61200,0.04996681958436966
TEST_61203,0.07847301661968231
TEST_61205,0.002845573239028454
TEST_61206,0.21580782532691956
TEST_61210,0.13056142628192902
TEST_61212,0.002576237078756094
TEST_61213,0.22306731343269348
TEST_61214,0.03435394912958145
TEST_61218,0.1464371383190155
TEST_61219,0.13275592029094696
TEST_61222,0.16774678230285645
TEST_61227,0.21251767873764038
TEST_61231,0.0027903246227651834
TEST_61239,0.03171108663082123
TEST_61244,0.06375457346439362
TEST_61247,0.07115212827920914
TEST_61249,0.12225774675607681
TEST_61256,0.04712185636162758
TEST_61260,0.12960971891880035
TEST_61261,0.2288549244403839
TEST_61269,0.10741069167852402
TEST_61270,0.08456527441740036
TEST_61274,0.09236481785774231
TEST_61289,0.0639558881521225
TEST_61294,0.15211467444896698
TEST_61300,0.1521230787038803
TEST_61302,0.05576387420296669
TEST_61305,0.003414156613871455
TEST_61313,0.18813970685005188
TEST_61316,0.0029327585361897945
TEST_61319,0.07340255379676819
TEST_61322,0.07925297319889069
TEST_61334,0.25003284215927124
TEST_61344,0.3801577687263489
TEST_61364,0.08056190609931946
TEST_61365,0.0019947108812630177
TEST_61377,0.0025748496409505606
TEST_61380,0.051095493137836456
TEST_61386,0.3457804322242737
TEST_61396,0.09842608869075775
TEST_61397,0.0028311708010733128
TEST_61404,0.09284728765487671
TEST_61407,0.040692057460546494
TEST_61413,0.12957647442817688
TEST_61415,0.13398396968841553
TEST_61434,0.04513213410973549
TEST_61438,0.0023597583640366793
TEST_61443,0.35253340005874634
TEST_61444,0.12134791910648346
TEST_61449,0.14994224905967712
TEST_61450,0.1310954988002777
TEST_61453,0.0025336509570479393
TEST_61460,0.12802615761756897
TEST_61461,0.16523104906082153
TEST_61465,0.050500236451625824
TEST_61478,0.033251889050006866
TEST_61481,0.12601850926876068
TEST_61483,0.07613685727119446
TEST_61490,0.14074157178401947
TEST_61491,0.2687032222747803
TEST_61492,0.01202438399195671
TEST_61497,0.12777088582515717
TEST_61507,0.201072096824646
TEST_61515,0.3022614121437073
TEST_61523,0.14388197660446167
TEST_61527,0.24010752141475677
TEST_61529,0.2768486440181732
TEST_61537,0.13642491400241852
TEST_61540,0.004524198826402426
TEST_61546,0.006950329057872295
TEST_61549,0.049376554787158966
TEST_61551,0.1946619749069214
TEST_61552,0.001966674579307437
TEST_61557,0.08989129960536957
TEST_61565,0.045009613037109375
TEST_61566,0.0719590112566948
TEST_61567,0.1659907102584839
TEST_61571,0.002032801741734147
TEST_61577,0.0025312425568699837
TEST_61578,0.16021721065044403
TEST_61580,0.11248693615198135
TEST_61585,0.047317638993263245
TEST_61593,0.002599454950541258
TEST_61596,0.2130100578069687
TEST_61611,0.18066704273223877
TEST_61612,0.32220518589019775
TEST_61622,0.22834214568138123
TEST_61623,0.0022079169284552336
TEST_61625,0.07341200113296509
TEST_61628,0.10641880333423615
TEST_61629,0.11688058823347092
TEST_61633,0.12724588811397552
TEST_61637,0.32571136951446533
TEST_61640,0.1886155605316162
TEST_61641,0.21252651512622833
TEST_61645,0.18316133320331573
TEST_61646,0.15147221088409424
TEST_61649,0.20618537068367004
TEST_61655,0.05979121848940849
TEST_61660,0.11658479273319244
TEST_61668,0.1297629326581955
TEST_61672,0.08282940089702606
TEST_61679,0.18776950240135193
TEST_61685,0.08202482014894485
TEST_61692,0.0031537343747913837
TEST_61693,0.004245622083544731
TEST_61694,0.003468812210485339
TEST_61701,0.20945389568805695
TEST_61718,0.0602780357003212
TEST_61726,0.05210725963115692
TEST_61733,0.07781071960926056
TEST_61735,0.14261725544929504
TEST_61739,0.11672908067703247
TEST_61742,0.08734765648841858
TEST_61744,0.19641749560832977
TEST_61745,0.17055627703666687
TEST_61748,0.23835837841033936
TEST_61752,0.23733849823474884
TEST_61753,0.046770185232162476
TEST_61760,0.06196131929755211
TEST_61762,0.0018264643149450421
TEST_61770,0.1291361004114151
TEST_61781,0.11299420148134232
TEST_61783,0.11080758273601532
TEST_61788,0.21469777822494507
TEST_61795,0.15865640342235565
TEST_61796,0.27312809228897095
TEST_61803,0.13940586149692535
TEST_61804,0.049493275582790375
TEST_61805,0.08029134571552277
TEST_61807,0.21768589317798615
TEST_61808,0.19824784994125366
TEST_61809,0.0027217864990234375
TEST_61815,0.1980172097682953
TEST_61817,0.0021870143245905638
TEST_61818,0.17433013021945953
TEST_61821,0.0028927470557391644
TEST_61822,0.21783700585365295
TEST_61837,0.0029163698200136423
TEST_61851,0.10004428029060364
TEST_61854,0.11101903021335602
TEST_61855,0.24115702509880066
TEST_61870,0.14115294814109802
TEST_61886,0.11610768735408783
TEST_61887,0.08683713525533676
TEST_61890,0.17514772713184357
TEST_61891,0.12141818553209305
TEST_61899,0.11068777740001678
TEST_61906,0.170582577586174
TEST_61908,0.1970313936471939
TEST_61917,0.037169720977544785
TEST_61921,0.23432570695877075
TEST_61929,0.07556373625993729
TEST_61932,0.0067296018823981285
TEST_61943,0.11329402774572372
TEST_61945,0.13526713848114014
TEST_61947,0.04025915637612343
TEST_61952,0.003947834949940443
TEST_61962,0.10586181282997131
TEST_61975,0.0027600168250501156
TEST_61977,0.23056773841381073
TEST_61979,0.12168058753013611
TEST_61984,0.11819278448820114
TEST_61986,0.2744738757610321
TEST_61990,0.1901722103357315
TEST_61998,0.08853968977928162
TEST_62001,0.05481194704771042
TEST_62004,0.003934216219931841
TEST_62009,0.001760220853611827
TEST_62019,0.28538021445274353
TEST_62022,0.2831856310367584
TEST_62028,0.23546245694160461
TEST_62029,0.002620500046759844
TEST_62032,0.12064345180988312
TEST_62038,0.15493528544902802
TEST_62041,0.09879373759031296
TEST_62054,0.0794726014137268
TEST_62058,0.14920538663864136
TEST_62063,0.3962589502334595
TEST_62085,0.07791592180728912
TEST_62086,0.1105780377984047
TEST_62091,0.12603886425495148
TEST_62097,0.0029081092216074467
TEST_62101,0.08498045802116394
TEST_62106,0.10816378146409988
TEST_62107,0.13383562862873077
TEST_62108,0.22438549995422363
TEST_62113,0.20809818804264069
TEST_62116,0.09359104931354523
TEST_62123,0.0025459169410169125
TEST_62124,0.00280985189601779
TEST_62126,0.18268534541130066
TEST_62130,0.12059898674488068
TEST_62132,0.15623021125793457
TEST_62135,0.22688385844230652
TEST_62142,0.04633409157395363
TEST_62158,0.04811256378889084
TEST_62165,0.09688452631235123
TEST_62169,0.18154823780059814
TEST_62188,0.05277223512530327
TEST_62194,0.3228444755077362
TEST_62199,0.3133503198623657
TEST_62204,0.062159277498722076
TEST_62208,0.0646582692861557
TEST_62211,0.15251415967941284
TEST_62216,0.20532001554965973
TEST_62222,0.18116529285907745
TEST_62224,0.2936875820159912
TEST_62226,0.002223776886239648
TEST_62237,0.11792623996734619
TEST_62242,0.24051690101623535
TEST_62243,0.0025724414736032486
TEST_62245,0.004363991320133209
TEST_62247,0.1545286327600479
TEST_62253,0.19052544236183167
TEST_62259,0.003247769083827734
TEST_62272,0.1178329586982727
TEST_62280,0.19566529989242554
TEST_62281,0.207408607006073
TEST_62284,0.20044156908988953
TEST_62288,0.08819761872291565
TEST_62291,0.0775618627667427
TEST_62295,0.17777597904205322
TEST_62311,0.05063742399215698
TEST_62324,0.14123623073101044
TEST_62326,0.15213683247566223
TEST_62345,0.1429237425327301
TEST_62346,0.13618525862693787
TEST_62353,0.32205256819725037
TEST_62355,0.1476847529411316
TEST_62356,0.09496144950389862
TEST_62362,0.19882087409496307
TEST_62365,0.5240216255187988
TEST_62367,0.07912085205316544
TEST_62370,0.0021512843668460846
TEST_62380,0.0023670296650379896
TEST_62382,0.005991660058498383
TEST_62387,0.07410832494497299
TEST_62388,0.19539867341518402
TEST_62393,0.004484651144593954
TEST_62418,0.15841656923294067
TEST_62423,0.04087508097290993
TEST_62434,0.06665835529565811
TEST_62438,0.1550883650779724
TEST_62441,0.10904527455568314
TEST_62448,0.19419261813163757
TEST_62454,0.29251378774642944
TEST_62457,0.12404310703277588
TEST_62467,0.007472440600395203
TEST_62471,0.15062619745731354
TEST_62474,0.2911547124385834
TEST_62475,0.07812097668647766
TEST_62496,0.2050858736038208
TEST_62501,0.1572505682706833
TEST_62518,0.22428953647613525
TEST_62519,0.2266930639743805
TEST_62524,0.20346583425998688
TEST_62525,0.003720787586644292
TEST_62541,0.1458996683359146
TEST_62546,0.0486573688685894
TEST_62558,0.16202616691589355
TEST_62561,0.10266214609146118
TEST_62563,0.42236244678497314
TEST_62567,0.1737290471792221
TEST_62571,0.2482372373342514
TEST_62574,0.0022828318178653717
TEST_62575,0.20300550758838654
TEST_62581,0.36969178915023804
TEST_62582,0.18994812667369843
TEST_62584,0.2078843116760254
TEST_62589,0.027071360498666763
TEST_62591,0.21428042650222778
TEST_62596,0.12829701602458954
TEST_62602,0.00532509945333004
TEST_62603,0.19365981221199036
TEST_62608,0.14805175364017487
TEST_62609,0.0029836734756827354
TEST_62612,0.11331026256084442
TEST_62613,0.0581318661570549
TEST_62614,0.1879521757364273
TEST_62619,0.313867449760437
TEST_62624,0.0025669012684375048
TEST_62625,0.2033955603837967
TEST_62631,0.12702412903308868
TEST_62634,0.15909500420093536
TEST_62638,0.09578500688076019
TEST_62649,0.00248516071587801
TEST_62650,0.16114458441734314
TEST_62652,0.15594838559627533
TEST_62666,0.3179079294204712
TEST_62667,0.0031554086599498987
TEST_62672,0.11262347549200058
TEST_62675,0.16764463484287262
TEST_62686,0.320357084274292
TEST_62687,0.111252561211586
TEST_62692,0.10183033347129822
TEST_62695,0.2171812653541565
TEST_62709,0.15936444699764252
TEST_62710,0.1648167371749878
TEST_62717,0.08719517290592194
TEST_62721,0.21508587896823883
TEST_62733,0.19390742480754852
TEST_62735,0.270486056804657
TEST_62737,0.14618422091007233
TEST_62738,0.17598435282707214
TEST_62743,0.0018183805514127016
TEST_62753,0.053985029458999634
TEST_62754,0.0033329071011394262
TEST_62762,0.175706684589386
TEST_62764,0.002384382765740156
TEST_62768,0.10228299349546432
TEST_62776,0.12494327127933502
TEST_62789,0.04264015331864357
TEST_62791,0.1316125988960266
TEST_62800,0.0530368909239769
TEST_62808,0.31041088700294495
TEST_62811,0.11072304844856262
TEST_62814,0.05563485994935036
TEST_62821,0.047777917236089706
TEST_62824,0.22167442739009857
TEST_62841,0.26528581976890564
TEST_62842,0.11625589430332184
TEST_62843,0.19188809394836426
TEST_62844,0.4246715009212494
TEST_62845,0.156219944357872
TEST_62850,0.004079154692590237
TEST_62855,0.0027987875510007143
TEST_62857,0.11107662320137024
TEST_62859,0.05981900170445442
TEST_62871,0.06776770204305649
TEST_62873,0.13816393911838531
TEST_62874,0.2101552039384842
TEST_62878,0.059617020189762115
TEST_62890,0.18227079510688782
TEST_62899,0.12300709635019302
TEST_62901,0.0032095282804220915
TEST_62902,0.13148169219493866
TEST_62919,0.40945038199424744
TEST_62925,0.22159159183502197
TEST_62935,0.09058074653148651
TEST_62944,0.11405788362026215
TEST_62954,0.0019281990826129913
TEST_62975,0.21397222578525543
TEST_62976,0.13571244478225708
TEST_62977,0.22534769773483276
TEST_62978,0.2763512134552002
TEST_62981,0.02135956659913063
TEST_62982,0.13092589378356934
TEST_62984,0.25300464034080505
TEST_62985,0.22238267958164215
TEST_62986,0.16563668847084045
TEST_62993,0.002850501099601388
TEST_62998,0.0019805384799838066
TEST_63007,0.14426960051059723
TEST_63009,0.14859187602996826
TEST_63018,0.0017872455064207315
TEST_63020,0.20112839341163635
TEST_63022,0.014137796126306057
TEST_63028,0.013922849670052528
TEST_63032,0.12183041125535965
TEST_63038,0.04708734154701233
TEST_63044,0.23775120079517365
TEST_63045,0.16637712717056274
TEST_63049,0.04897376522421837
TEST_63052,0.02246973291039467
TEST_63055,0.0435790978372097
TEST_63060,0.04898783564567566
TEST_63062,0.2684902548789978
TEST_63063,0.11907901614904404
TEST_63065,0.21619747579097748
TEST_63069,0.21321070194244385
TEST_63071,0.002282602246850729
TEST_63077,0.1558564156293869
TEST_63081,0.25414472818374634
TEST_63083,0.15382617712020874
TEST_63088,0.14736193418502808
TEST_63093,0.14080710709095
TEST_63094,0.14053142070770264
TEST_63098,0.04969187453389168
TEST_63100,0.14062952995300293
TEST_63106,0.20398887991905212
TEST_63107,0.1596246212720871
TEST_63108,0.2610412836074829
TEST_63109,0.1334722936153412
TEST_63120,0.03548908978700638
TEST_63123,0.20734408497810364
TEST_63127,0.0025530681014060974
TEST_63132,0.14534074068069458
TEST_63139,0.11017593741416931
TEST_63140,0.0018570737447589636
TEST_63163,0.23384244740009308
TEST_63166,0.0026493766345083714
TEST_63168,0.03221534565091133
TEST_63169,0.2748560309410095
TEST_63177,0.19202645123004913
TEST_63178,0.22838550806045532
TEST_63183,0.254868745803833
TEST_63184,0.13415832817554474
TEST_63186,0.28615668416023254
TEST_63198,0.15504199266433716
TEST_63205,0.09025566279888153
TEST_63206,0.10523024201393127
TEST_63207,0.20104661583900452
TEST_63212,0.04518000781536102
TEST_63232,0.18133831024169922
TEST_63233,0.0029718000441789627
TEST_63241,0.05633176863193512
TEST_63250,0.005527947098016739
TEST_63259,0.12791144847869873
TEST_63264,0.09959281980991364
TEST_63266,0.13499242067337036
TEST_63275,0.11709387600421906
TEST_63277,0.31560537219047546
TEST_63279,0.09023213386535645
TEST_63285,0.08364119380712509
TEST_63286,0.22737577557563782
TEST_63288,0.034013886004686356
TEST_63291,0.08691972494125366
TEST_63299,0.47718140482902527
TEST_63304,0.05059071630239487
TEST_63313,0.006861729547381401
TEST_63315,0.05680517107248306
TEST_63318,0.09637144953012466
TEST_63325,0.13577736914157867
TEST_63326,0.0018423793371766806
TEST_63327,0.221998929977417
TEST_63329,0.05413862317800522
TEST_63334,0.13182365894317627
TEST_63339,0.23201888799667358
TEST_63341,0.1261717826128006
TEST_63342,0.0035266669001430273
TEST_63343,0.05746517702937126
TEST_63346,0.11267269402742386
TEST_63349,0.02383514866232872
TEST_63350,0.1683715283870697
TEST_63355,0.07388026267290115
TEST_63387,0.13259661197662354
TEST_63399,0.07446165382862091
TEST_63406,0.18630996346473694
TEST_63409,0.253881573677063
TEST_63410,0.1935787796974182
TEST_63417,0.16251829266548157
TEST_63428,0.08848154544830322
TEST_63434,0.0040749250911176205
TEST_63439,0.07753737270832062
TEST_63442,0.23724204301834106
TEST_63454,0.285143107175827
TEST_63455,0.19137266278266907
TEST_63456,0.11250569671392441
TEST_63462,0.0027525366749614477
TEST_63470,0.06927575170993805
TEST_63475,0.0053239259868860245
TEST_63478,0.06278018653392792
TEST_63483,0.26666128635406494
TEST_63489,0.35812607407569885
TEST_63492,0.14285908639431
TEST_63495,0.19126145541667938
TEST_63496,0.22823263704776764
TEST_63499,0.06653949618339539
TEST_63506,0.14505375921726227
TEST_63513,0.293174147605896
TEST_63514,0.06936793029308319
TEST_63530,0.18044696748256683
TEST_63531,0.26608192920684814
TEST_63537,0.10131566226482391
TEST_63541,0.0482383631169796
TEST_63542,0.14598247408866882
TEST_63544,0.13880889117717743
TEST_63546,0.14955684542655945
TEST_63552,0.1367267519235611
TEST_63554,0.15182870626449585
TEST_63557,0.132968932390213
TEST_63565,0.17743486166000366
TEST_63566,0.1360643059015274
TEST_63568,0.04169277101755142
TEST_63573,0.003238801611587405
TEST_63582,0.0018394084181636572
TEST_63583,0.004771823529154062
TEST_63584,0.0016911020502448082
TEST_63589,0.0019211951876059175
TEST_63591,0.078950896859169
TEST_63601,0.1589483618736267
TEST_63602,0.06441013514995575
TEST_63625,0.07839677482843399
TEST_63627,0.048236001282930374
TEST_63643,0.11979334056377411
TEST_63644,0.06130387634038925
TEST_63655,0.002639079699292779
TEST_63662,0.0026465975679457188
TEST_63663,0.1595788151025772
TEST_63679,0.19489146769046783
TEST_63685,0.09086652845144272
TEST_63692,0.0022493938449770212
TEST_63699,0.004655785392969847
TEST_63703,0.12393902987241745
TEST_63707,0.12621179223060608
TEST_63721,0.15397027134895325
TEST_63726,0.15185941755771637
TEST_63745,0.23896923661231995
TEST_63747,0.09264878928661346
TEST_63749,0.34785422682762146
TEST_63757,0.09240182489156723
TEST_63760,0.002185943303629756
TEST_63762,0.0022132874000817537
TEST_63763,0.0034512861166149378
TEST_63771,0.09610207378864288
TEST_63773,0.19524943828582764
TEST_63777,0.2773866653442383
TEST_63783,0.11314800381660461
TEST_63801,0.0061358315870165825
TEST_63809,0.22296828031539917
TEST_63813,0.05310136824846268
TEST_63819,0.04339144751429558
TEST_63830,0.13962548971176147
TEST_63834,0.062049709260463715
TEST_63839,0.11142028868198395
TEST_63840,0.16807568073272705
TEST_63844,0.005341891665011644
TEST_63847,0.008920487947762012
TEST_63853,0.2997894287109375
TEST_63854,0.1325703114271164
TEST_63863,0.14999890327453613
TEST_63867,0.13258029520511627
TEST_63873,0.056927211582660675
TEST_63874,0.0031745200976729393
TEST_63876,0.2485293745994568
TEST_63878,0.03977994620800018
TEST_63882,0.1671178638935089
TEST_63883,0.12053733319044113
TEST_63886,0.14461685717105865
TEST_63889,0.14775291085243225
TEST_63893,0.21257251501083374
TEST_63895,0.1962418556213379
TEST_63901,0.060428034514188766
TEST_63902,0.17724661529064178
TEST_63903,0.11148777604103088
TEST_63905,0.17089496552944183
TEST_63937,0.08489549160003662
TEST_63942,0.0026076047215610743
TEST_63943,0.17895084619522095
TEST_63955,0.08292259275913239
TEST_63956,0.2590622901916504
TEST_63960,0.11720612645149231
TEST_63968,0.09988129138946533
TEST_63970,0.07485736906528473
TEST_63972,0.1269926130771637
TEST_63978,0.09976912289857864
TEST_63984,0.13981419801712036
TEST_63985,0.09891967475414276
TEST_63988,0.13660603761672974
TEST_63989,0.19656527042388916
TEST_64002,0.07652847468852997
TEST_64005,0.14461517333984375
TEST_64016,0.1939164400100708
TEST_64040,0.21441426873207092
TEST_64043,0.17329367995262146
TEST_64044,0.04199589416384697
TEST_64048,0.186982661485672
TEST_64060,0.11818008124828339
TEST_64071,0.0028852690011262894
TEST_64076,0.0826592668890953
TEST_64079,0.15302269160747528
TEST_64088,0.07994089275598526
TEST_64091,0.14834605157375336
TEST_64092,0.19008734822273254
TEST_64094,0.0022563403472304344
TEST_64101,0.1156662106513977
TEST_64106,0.1721477210521698
TEST_64114,0.14754998683929443
TEST_64115,0.201928973197937
TEST_64118,0.00492030568420887
TEST_64119,0.002075907774269581
TEST_64121,0.014710323885083199
TEST_64128,0.07329335808753967
TEST_64131,0.05304422602057457
TEST_64147,0.09517163038253784
TEST_64152,0.003024293342605233
TEST_64161,0.21554793417453766
TEST_64168,0.13850799202919006
TEST_64180,0.14169436693191528
TEST_64194,0.1365794539451599
TEST_64202,0.05524354428052902
TEST_64213,0.07949353754520416
TEST_64216,0.1039038747549057
TEST_64218,0.3175979554653168
TEST_64221,0.1792987883090973
TEST_64227,0.11155271530151367
TEST_64232,0.11766194552183151
TEST_64236,0.14844785630702972
TEST_64243,0.16017863154411316
TEST_64249,0.09041164070367813
TEST_64250,0.12879277765750885
TEST_64258,0.03867096081376076
TEST_64259,0.10985379666090012
TEST_64260,0.1826450377702713
TEST_64266,0.0028430556412786245
TEST_64270,0.03450746089220047
TEST_64271,0.15266035497188568
TEST_64275,0.18598218262195587
TEST_64278,0.09912270307540894
TEST_64280,0.18106061220169067
TEST_64293,0.0023529950994998217
TEST_64295,0.0031340981367975473
TEST_64297,0.157260924577713
TEST_64301,0.0019524177769199014
TEST_64306,0.04299921542406082
TEST_64308,0.21577918529510498
TEST_64314,0.13904868066310883
TEST_64317,0.15095357596874237
TEST_64322,0.10852157324552536
TEST_64329,0.13674244284629822
TEST_64338,0.1452462524175644
TEST_64339,0.046523597091436386
TEST_64340,0.09496929496526718
TEST_64341,0.004014983773231506
TEST_64344,0.07209739834070206
TEST_64350,0.0897054523229599
TEST_64363,0.12953461706638336
TEST_64369,0.003794445190578699
TEST_64376,0.1415746659040451
TEST_64385,0.1397935152053833
TEST_64391,0.11351748555898666
TEST_64394,0.21992027759552002
TEST_64400,0.13150537014007568
TEST_64402,0.0807965099811554
TEST_64405,0.13303552567958832
TEST_64412,0.0077046677470207214
TEST_64420,0.14720618724822998
TEST_64421,0.07937605679035187
TEST_64425,0.11214803904294968
TEST_64427,0.07367899268865585
TEST_64429,0.0017751202685758471
TEST_64438,0.1891244351863861
TEST_64439,0.12066089361906052
TEST_64442,0.14379921555519104
TEST_64443,0.0860021784901619
TEST_64446,0.1808960735797882
TEST_64453,0.16605675220489502
TEST_64457,0.09466005861759186
TEST_64458,0.00616905651986599
TEST_64460,0.3221267759799957
TEST_64461,0.04923088103532791
TEST_64462,0.12663990259170532
TEST_64465,0.08452463895082474
TEST_64466,0.04973388463258743
TEST_64469,0.17761625349521637
TEST_64476,0.11957801878452301
TEST_64479,0.005639394745230675
TEST_64486,0.10526717454195023
TEST_64499,0.08151353895664215
TEST_64502,0.15327608585357666
TEST_64503,0.0022252362687140703
TEST_64515,0.037131913006305695
TEST_64520,0.12471888959407806
TEST_64528,0.11328240483999252
TEST_64533,0.054612867534160614
TEST_64537,0.10438436269760132
TEST_64539,0.10153357684612274
TEST_64542,0.0018116312567144632
TEST_64545,0.3999870717525482
TEST_64553,0.1479174792766571
TEST_64586,0.1867493987083435
TEST_64597,0.04617224261164665
TEST_64601,0.005505743436515331
TEST_64603,0.011283649131655693
TEST_64606,0.004307913593947887
TEST_64609,0.20263788104057312
TEST_64610,0.0575983002781868
TEST_64625,0.24081829190254211
TEST_64637,0.10829614847898483
TEST_64650,0.10651849955320358
TEST_64654,0.20249885320663452
TEST_64656,0.1273173689842224
TEST_64659,0.22784638404846191
TEST_64665,0.0031539390329271555
TEST_64666,0.07739356905221939
TEST_64668,0.08167744427919388
TEST_64674,0.0495096854865551
TEST_64675,0.13053402304649353
TEST_64690,0.311830073595047
TEST_64697,0.13435736298561096
TEST_64699,0.21841053664684296
TEST_64702,0.001976205501705408
TEST_64703,0.07647748291492462
TEST_64718,0.00236339820548892
TEST_64719,0.3927883803844452
TEST_64720,0.17448690533638
TEST_64721,0.10981226712465286
TEST_64722,0.16091765463352203
TEST_64731,0.10889708250761032
TEST_64734,0.04684930294752121
TEST_64738,0.06058810278773308
TEST_64749,0.10465322434902191
TEST_64751,0.007636439520865679
TEST_64757,0.13121317327022552
TEST_64764,0.0025452866684645414
TEST_64773,0.06652085483074188
TEST_64782,0.1564001739025116
TEST_64784,0.41200685501098633
TEST_64788,0.3158271610736847
TEST_64797,0.05375882610678673
TEST_64800,0.09398946166038513
TEST_64810,0.19833438098430634
TEST_64817,0.08458271622657776
TEST_64818,0.1488964706659317
TEST_64819,0.26030299067497253
TEST_64820,0.1655881255865097
TEST_64829,0.019610848277807236
TEST_64834,0.21100078523159027
TEST_64835,0.008876670151948929
TEST_64838,0.19584152102470398
TEST_64839,0.21736173331737518
TEST_64840,0.16508057713508606
TEST_64843,0.1549140363931656
TEST_64847,0.11226578056812286
TEST_64852,0.0761832520365715
TEST_64855,0.17782850563526154
TEST_64861,0.1113104447722435
TEST_64865,0.054981108754873276
TEST_64868,0.09854758530855179
TEST_64870,0.1698227822780609
TEST_64872,0.05192064866423607
TEST_64873,0.20942944288253784
TEST_64884,0.049855608493089676
TEST_64895,0.21604183316230774
TEST_64897,0.0029479938093572855
TEST_64915,0.1475275307893753
TEST_64917,0.11497010290622711
TEST_64919,0.0029655813705176115
TEST_64932,0.13377022743225098
TEST_64941,0.17312148213386536
TEST_64959,0.17899870872497559
TEST_64965,0.09683922678232193
TEST_64970,0.0023675982374697924
TEST_64977,0.3343689739704132
TEST_64978,0.1343778669834137
TEST_64981,0.07162928581237793
TEST_64984,0.17965750396251678
TEST_64987,0.18275335431098938
TEST_64989,0.15273772180080414
TEST_64990,0.3204183280467987
TEST_64994,0.28175538778305054
TEST_64997,0.008600730448961258
TEST_65026,0.15057584643363953
TEST_65027,0.0032753851264715195
TEST_65030,0.09691224992275238
TEST_65040,0.002995222108438611
TEST_65050,0.18582117557525635
TEST_65056,0.2497134804725647
TEST_65062,0.0026504136621952057
TEST_65065,0.13872219622135162
TEST_65069,0.195207417011261
TEST_65071,0.22922708094120026
TEST_65072,0.11835658550262451
TEST_65073,0.1722331941127777
TEST_65079,0.002432625275105238
TEST_65080,0.1498035192489624
TEST_65082,0.021781209856271744
TEST_65083,0.15374986827373505
TEST_65084,0.13140855729579926
TEST_65085,0.14485570788383484
TEST_65086,0.03530875965952873
TEST_65090,0.22930185496807098
TEST_65102,0.0926700234413147
TEST_65104,0.17064009606838226
TEST_65106,0.25599905848503113
TEST_65109,0.08913431316614151
TEST_65110,0.18511253595352173
TEST_65113,0.002803115639835596
TEST_65122,0.16804635524749756
TEST_65124,0.1918696165084839
TEST_65125,0.03313162550330162
TEST_65126,0.054266177117824554
TEST_65127,0.049512606114149094
TEST_65140,0.3619137406349182
TEST_65143,0.11413826048374176
TEST_65158,0.115265853703022
TEST_65169,0.06747503578662872
TEST_65173,0.008101754821836948
TEST_65182,0.002605214947834611
TEST_65206,0.07639898359775543
TEST_65212,0.1881202906370163
TEST_65218,0.14616528153419495
TEST_65221,0.06912165135145187
TEST_65226,0.09447856992483139
TEST_65237,0.3565322160720825
TEST_65241,0.004896809346973896
TEST_65243,0.15429311990737915
TEST_65244,0.005052090622484684
TEST_65245,0.008962930180132389
TEST_65246,0.05669693648815155
TEST_65252,0.008999187499284744
TEST_65264,0.22410859167575836
TEST_65266,0.10836078226566315
TEST_65267,0.2000492811203003
TEST_65276,0.0035616583190858364
TEST_65277,0.10961437225341797
TEST_65289,0.045637473464012146
TEST_65296,0.05855141952633858
TEST_65298,0.09312283247709274
TEST_65301,0.13679388165473938
TEST_65303,0.14727355539798737
TEST_65305,0.10792656242847443
TEST_65314,0.21079832315444946
TEST_65315,0.019676217809319496
TEST_65321,0.028785230591893196
TEST_65322,0.1628226488828659
TEST_65323,0.22680442035198212
TEST_65339,0.2921575903892517
TEST_65340,0.1869426667690277
TEST_65343,0.13550369441509247
TEST_65356,0.1704145222902298
TEST_65357,0.12162316590547562
TEST_65364,0.12326225638389587
TEST_65370,0.11094360798597336
TEST_65379,0.11855653673410416
TEST_65390,0.1878773272037506
TEST_65393,0.22512465715408325
TEST_65396,0.22291764616966248
TEST_65399,0.003841573605313897
TEST_65403,0.12292442470788956
TEST_65408,0.002736636670306325
TEST_65409,0.08018386363983154
TEST_65411,0.08197056502103806
TEST_65414,0.05173659697175026
TEST_65424,0.06025905907154083
TEST_65425,0.22664672136306763
TEST_65430,0.04316216707229614
TEST_65434,0.2155175805091858
TEST_65443,0.16583038866519928
TEST_65447,0.11711675673723221
TEST_65448,0.013460529036819935
TEST_65449,0.1416272222995758
TEST_65452,0.11769707500934601
TEST_65454,0.0485127791762352
TEST_65456,0.050040289759635925
TEST_65469,0.08233258128166199
TEST_65478,0.010619874112308025
TEST_65481,0.09666310250759125
TEST_65485,0.2001274824142456
TEST_65493,0.14392313361167908
TEST_65499,0.04383714497089386
TEST_65506,0.19950832426548004
TEST_65512,0.26758092641830444
TEST_65515,0.20665618777275085
TEST_65521,0.0032462377566844225
TEST_65522,0.08374956995248795
TEST_65528,0.05695602670311928
TEST_65540,0.14871013164520264
TEST_65543,0.23051267862319946
TEST_65545,0.40711650252342224
TEST_65556,0.11804060637950897
TEST_65557,0.0027553706895560026
TEST_65566,0.11063943803310394
TEST_65569,0.1573963165283203
TEST_65570,0.1307593286037445
TEST_65579,0.11547385156154633
TEST_65582,0.37940743565559387
TEST_65583,0.004871416371315718
TEST_65590,0.037476155906915665
TEST_65592,0.050421398133039474
TEST_65598,0.10229715704917908
TEST_65602,0.006839027162641287
TEST_65604,0.0026081332471221685
TEST_65612,0.11783560365438461
TEST_65616,0.18788781762123108
TEST_65619,0.011683985590934753
TEST_65623,0.0036448922473937273
TEST_65634,0.13078564405441284
TEST_65635,0.03125309199094772
TEST_65642,0.0023776469752192497
TEST_65646,0.002223328687250614
TEST_65658,0.09583355486392975
TEST_65666,0.11431732028722763
TEST_65677,0.06411747634410858
TEST_65686,0.05641748011112213
TEST_65687,0.14817103743553162
TEST_65692,0.16899067163467407
TEST_65696,0.25879034399986267
TEST_65701,0.10197688639163971
TEST_65702,0.046969715505838394
TEST_65704,0.003875935450196266
TEST_65707,0.12261305749416351
TEST_65710,0.19616200029850006
TEST_65722,0.0347098782658577
TEST_65725,0.003468812210485339
TEST_65731,0.13020257651805878
TEST_65734,0.04269060865044594
TEST_65740,0.20910513401031494
TEST_65741,0.007466087117791176
TEST_65750,0.09076040238142014
TEST_65755,0.12353327870368958
TEST_65757,0.2024073302745819
TEST_65758,0.0022981734946370125
TEST_65773,0.046787213534116745
TEST_65776,0.1999226212501526
TEST_65780,0.1237684115767479
TEST_65781,0.030978113412857056
TEST_65783,0.19804099202156067
TEST_65785,0.10441450774669647
TEST_65800,0.0325641855597496
TEST_65806,0.0026654968969523907
TEST_65807,0.2884048521518707
TEST_65808,0.17983652651309967
TEST_65813,0.13179446756839752
TEST_65814,0.04747851938009262
TEST_65815,0.0030166844371706247
TEST_65816,0.0544583722949028
TEST_65817,0.2429317682981491
TEST_65820,0.24243095517158508
TEST_65830,0.09474558383226395
TEST_65832,0.16185235977172852
TEST_65851,0.19912758469581604
TEST_65858,0.2293688803911209
TEST_65860,0.0027823271229863167
TEST_65865,0.0019641665276139975
TEST_65866,0.19232702255249023
TEST_65875,0.17236244678497314
TEST_65877,0.1133938804268837
TEST_65880,0.07607340067625046
TEST_65883,0.21288664638996124
TEST_65885,0.31199967861175537
TEST_65888,0.11446186900138855
TEST_65892,0.15971103310585022
TEST_65898,0.22740131616592407
TEST_65899,0.2153335064649582
TEST_65900,0.31716036796569824
TEST_65906,0.1980271339416504
TEST_65912,0.10632345825433731
TEST_65917,0.11284065991640091
TEST_65927,0.020628560334444046
TEST_65928,0.10593356192111969
TEST_65938,0.0037181612569838762
TEST_65940,0.005147889722138643
TEST_65949,0.16540050506591797
TEST_65951,0.15546169877052307
TEST_65956,0.20676052570343018
TEST_65959,0.1086735650897026
TEST_65966,0.11898203194141388
TEST_65967,0.18293650448322296
TEST_65970,0.16364818811416626
TEST_65974,0.0061783622950315475
TEST_65975,0.14598828554153442
TEST_65977,0.03803465887904167
TEST_65979,0.08394413441419601
TEST_65980,0.11296392977237701
TEST_65990,0.04317194223403931
TEST_65993,0.10563290119171143
TEST_65994,0.002823315793648362
TEST_66005,0.18490701913833618
TEST_66006,0.11716517806053162
TEST_66011,0.0022002882324159145
TEST_66012,0.21300598978996277
TEST_66013,0.11428475379943848
TEST_66015,0.004574696067720652
TEST_66019,0.17195534706115723
TEST_66027,0.002013827906921506
TEST_66039,0.00205517141148448
TEST_66043,0.0020789923146367073
TEST_66045,0.21937762200832367
TEST_66052,0.13738064467906952
TEST_66054,0.16471922397613525
TEST_66056,0.10545855015516281
TEST_66059,0.231636643409729
TEST_66064,0.005280572921037674
TEST_66065,0.002345789922401309
TEST_66068,0.021715885028243065
TEST_66070,0.0019303709268569946
TEST_66073,0.004100397229194641
TEST_66076,0.20550544559955597
TEST_66101,0.09268850833177567
TEST_66108,0.20592106878757477
TEST_66124,0.15153086185455322
TEST_66125,0.10776188969612122
TEST_66129,0.1846456080675125
TEST_66131,0.0023599688429385424
TEST_66136,0.2076447457075119
TEST_66144,0.13070401549339294
TEST_66145,0.11848846077919006
TEST_66148,0.0910969004034996
TEST_66149,0.002043721731752157
TEST_66154,0.0027472078800201416
TEST_66155,0.0264281015843153
TEST_66157,0.054648272693157196
TEST_66159,0.014345953240990639
TEST_66161,0.005000464618206024
TEST_66162,0.32644122838974
TEST_66168,0.07231226563453674
TEST_66169,0.03624921292066574
TEST_66172,0.0024663035292178392
TEST_66187,0.19001241028308868
TEST_66199,0.19390326738357544
TEST_66200,0.0021479218266904354
TEST_66204,0.1946326196193695
TEST_66207,0.13326327502727509
TEST_66212,0.005526857916265726
TEST_66218,0.0036416505463421345
TEST_66223,0.10568984597921371
TEST_66230,0.17740504443645477
TEST_66234,0.1439826488494873
TEST_66238,0.1725902557373047
TEST_66243,0.06592588871717453
TEST_66256,0.002922304905951023
TEST_66260,0.15785051882266998
TEST_66262,0.1329416036605835
TEST_66283,0.08577363938093185
TEST_66303,0.12314458191394806
TEST_66305,0.05311073362827301
TEST_66319,0.002586910966783762
TEST_66329,0.0020135478116571903
TEST_66338,0.08319907635450363
TEST_66347,0.16133250296115875
TEST_66349,0.06306356191635132
TEST_66351,0.002976305317133665
TEST_66361,0.15474960207939148
TEST_66363,0.2221830040216446
TEST_66365,0.15889720618724823
TEST_66369,0.28793758153915405
TEST_66373,0.275124192237854
TEST_66379,0.0023574118968099356
TEST_66381,0.19303934276103973
TEST_66385,0.007066735997796059
TEST_66386,0.17299485206604004
TEST_66389,0.0021320630330592394
TEST_66390,0.0019511597929522395
TEST_66392,0.002026219153776765
TEST_66395,0.004324544686824083
TEST_66399,0.340462863445282
TEST_66405,0.13257546722888947
TEST_66407,0.1963474005460739
TEST_66409,0.11010174453258514
TEST_66437,0.015970729291439056
TEST_66443,0.15442481637001038
TEST_66454,0.08962174504995346
TEST_66459,0.08070406317710876
TEST_66466,0.16183149814605713
TEST_66467,0.052313659340143204
TEST_66469,0.10519307851791382
TEST_66473,0.07854300737380981
TEST_66474,0.10107683390378952
TEST_66476,0.10252261161804199
TEST_66484,0.16813154518604279
TEST_66485,0.15405204892158508
TEST_66486,0.14259862899780273
TEST_66491,0.056420400738716125
TEST_66500,0.08743059635162354
TEST_66503,0.18915793299674988
TEST_66514,0.12080147862434387
TEST_66517,0.12295003235340118
TEST_66526,0.002801228314638138
TEST_66527,0.007902958430349827
TEST_66528,0.2254616767168045
TEST_66532,0.09025618433952332
TEST_66552,0.13910938799381256
TEST_66558,0.11864573508501053
TEST_66561,0.18601715564727783
TEST_66568,0.15641365945339203
TEST_66570,0.2047070562839508
TEST_66583,0.05204803869128227
TEST_66590,0.12623091042041779
TEST_66593,0.002145288046449423
TEST_66600,0.13771536946296692
TEST_66601,0.1949605643749237
TEST_66606,0.12342135608196259
TEST_66609,0.09563957154750824
TEST_66632,0.377839058637619
TEST_66637,0.15222755074501038
TEST_66648,0.06419938057661057
TEST_66649,0.1698353886604309
TEST_66663,0.05973867326974869
TEST_66680,0.0032433103770017624
TEST_66682,0.12863971292972565
TEST_66711,0.07189394533634186
TEST_66715,0.2630680203437805
TEST_66728,0.04435747489333153
TEST_66731,0.1485879272222519
TEST_66732,0.1054125651717186
TEST_66735,0.002815810265019536
TEST_66737,0.002461015246808529
TEST_66739,0.05143582820892334
TEST_66746,0.15999943017959595
TEST_66751,0.2850938141345978
TEST_66752,0.1273617446422577
TEST_66754,0.09409421682357788
TEST_66758,0.0029652093071490526
TEST_66760,0.002980936551466584
TEST_66767,0.04290129244327545
TEST_66768,0.08418488502502441
TEST_66786,0.052656739950180054
TEST_66787,0.18970176577568054
TEST_66801,0.1714816838502884
TEST_66802,0.28493574261665344
TEST_66812,0.0037497300654649734
TEST_66814,0.10224214196205139
TEST_66817,0.21055631339550018
TEST_66818,0.2025187909603119
TEST_66819,0.16565169394016266
TEST_66822,0.08177878707647324
TEST_66828,0.20069482922554016
TEST_66829,0.13138361275196075
TEST_66839,0.08172055333852768
TEST_66842,0.18962162733078003
TEST_66845,0.13942226767539978
TEST_66854,0.19701755046844482
TEST_66855,0.14486126601696014
TEST_66858,0.3540787696838379
TEST_66862,0.11745688319206238
TEST_66865,0.1970221996307373
TEST_66866,0.20067228376865387
TEST_66869,0.029931414872407913
TEST_66876,0.16133196651935577
TEST_66877,0.002867409959435463
TEST_66878,0.05395115539431572
TEST_66883,0.19095951318740845
TEST_66891,0.1809345781803131
TEST_66900,0.16627973318099976
TEST_66901,0.07921929657459259
TEST_66905,0.07138359546661377
TEST_66906,0.002052771393209696
TEST_66910,0.34311607480049133
TEST_66914,0.13427454233169556
TEST_66915,0.0842183381319046
TEST_66917,0.12882664799690247
TEST_66919,0.0028987228870391846
TEST_66920,0.21019822359085083
TEST_66934,0.13359621167182922
TEST_66946,0.14574214816093445
TEST_66948,0.1943904161453247
TEST_66950,0.17407014966011047
TEST_66953,0.27925485372543335
TEST_66955,0.2938591241836548
TEST_66958,0.06881477683782578
TEST_66959,0.14568866789340973
TEST_66961,0.0034700382966548204
TEST_66970,0.002719301963225007
TEST_66974,0.04866278916597366
TEST_66982,0.002847845433279872
TEST_66983,0.001862282631918788
TEST_66984,0.33290785551071167
TEST_66994,0.0023936359211802483
TEST_66997,0.0768033117055893
TEST_67000,0.057670678943395615
TEST_67004,0.07587727904319763
TEST_67006,0.13786351680755615
TEST_67016,0.3066175580024719
TEST_67017,0.2291368842124939
TEST_67031,0.2972792088985443
TEST_67032,0.05257095396518707
TEST_67043,0.07975552976131439
TEST_67058,0.1834629476070404
TEST_67061,0.1024775430560112
TEST_67067,0.16579309105873108
TEST_67079,0.0027342692483216524
TEST_67082,0.07425405085086823
TEST_67087,0.17207755148410797
TEST_67090,0.15714409947395325
TEST_67095,0.218604177236557
TEST_67098,0.056212302297353745
TEST_67101,0.17918778955936432
TEST_67108,0.010757993906736374
TEST_67110,0.1004796102643013
TEST_67113,0.1640627384185791
TEST_67114,0.1277405023574829
TEST_67128,0.0027195566799491644
TEST_67131,0.247574582695961
TEST_67138,0.2804722487926483
TEST_67139,0.1992793083190918
TEST_67141,0.0021651131100952625
TEST_67149,0.19679835438728333
TEST_67159,0.004370667971670628
TEST_67165,0.18946979939937592
TEST_67174,0.44506141543388367
TEST_67178,0.05064104497432709
TEST_67187,0.4949124753475189
TEST_67194,0.13484619557857513
TEST_67209,0.19433264434337616
TEST_67213,0.09981320798397064
TEST_67222,0.07144813239574432
TEST_67233,0.08077996969223022
TEST_67234,0.15224573016166687
TEST_67237,0.0022286567836999893
TEST_67241,0.1645783632993698
TEST_67242,0.12821660935878754
TEST_67258,0.0024464759044349194
TEST_67269,0.0028732402715831995
TEST_67271,0.07888379693031311
TEST_67276,0.1813136488199234
TEST_67280,0.11402305215597153
TEST_67281,0.0957317054271698
TEST_67284,0.006288251373916864
TEST_67291,0.15743565559387207
TEST_67293,0.10538651794195175
TEST_67295,0.0798778161406517
TEST_67297,0.19525843858718872
TEST_67299,0.00246359477750957
TEST_67306,0.23699520528316498
TEST_67314,0.29861587285995483
TEST_67315,0.09403982758522034
TEST_67322,0.1825312227010727
TEST_67325,0.08120599389076233
TEST_67326,0.0032025156542658806
TEST_67328,0.002821107627823949
TEST_67331,0.05610539764165878
TEST_67335,0.17959077656269073
TEST_67343,0.04532374069094658
TEST_67345,0.048442259430885315
TEST_67348,0.16629832983016968
TEST_67352,0.1848832070827484
TEST_67366,0.23727567493915558
TEST_67383,0.0037654766347259283
TEST_67387,0.0026638477575033903
TEST_67394,0.16838288307189941
TEST_67396,0.015330683439970016
TEST_67400,0.10238370299339294
TEST_67407,0.2133052945137024
TEST_67421,0.19864173233509064
TEST_67424,0.1623891144990921
TEST_67437,0.003366342280060053
TEST_67447,0.056142181158065796
TEST_67456,0.007147123571485281
TEST_67459,0.14256158471107483
TEST_67466,0.14768078923225403
TEST_67467,0.11552378535270691
TEST_67485,0.12086190283298492
TEST_67488,0.14816811680793762
TEST_67494,0.1203966811299324
TEST_67495,0.0027116232085973024
TEST_67499,0.003926984034478664
TEST_67500,0.14292310178279877
TEST_67508,0.08485622704029083
TEST_67513,0.09784790873527527
TEST_67521,0.11354561150074005
TEST_67526,0.3023391366004944
TEST_67527,0.12074615806341171
TEST_67535,0.0024352644104510546
TEST_67537,0.0027160518802702427
TEST_67540,0.07401585578918457
TEST_67550,0.11257139593362808
TEST_67554,0.21349242329597473
TEST_67555,0.0022713046055287123
TEST_67557,0.1685010939836502
TEST_67559,0.1226811483502388
TEST_67565,0.001903770724311471
TEST_67569,0.11142005026340485
TEST_67570,0.07490421831607819
TEST_67576,0.11542317271232605
TEST_67579,0.114486925303936
TEST_67588,0.0030395726207643747
TEST_67592,0.04555472359061241
TEST_67594,0.003525562584400177
TEST_67595,0.11901324987411499
TEST_67597,0.1050182580947876
TEST_67600,0.31133419275283813
TEST_67603,0.12853042781352997
TEST_67610,0.17146408557891846
TEST_67630,0.10598234832286835
TEST_67631,0.3454146981239319
TEST_67642,0.2273768037557602
TEST_67651,0.0025992151349782944
TEST_67671,0.21780787408351898
TEST_67676,0.003526736982166767
TEST_67682,0.0021992737893015146
TEST_67685,0.19138087332248688
TEST_67692,0.2559075355529785
TEST_67695,0.10356629639863968
TEST_67696,0.07533766329288483
TEST_67704,0.17320536077022552
TEST_67710,0.09751614928245544
TEST_67730,0.13039793074131012
TEST_67732,0.0018555850256234407
TEST_67733,0.10853005945682526
TEST_67734,0.1908922791481018
TEST_67735,0.08101550489664078
TEST_67738,0.17683576047420502
TEST_67755,0.22024747729301453
TEST_67764,0.1407778412103653
TEST_67771,0.03875991329550743
TEST_67784,0.2104800045490265
TEST_67787,0.0017998975235968828
TEST_67789,0.1429433822631836
TEST_67795,0.22040681540966034
TEST_67799,0.07493853569030762
TEST_67802,0.1766689568758011
TEST_67805,0.15552550554275513
TEST_67809,0.40595677495002747
TEST_67819,0.22495387494564056
TEST_67821,0.13495923578739166
TEST_67840,0.0863833799958229
TEST_67843,0.18529675900936127
TEST_67844,0.09609286487102509
TEST_67845,0.10031655430793762
TEST_67846,0.13977444171905518
TEST_67849,0.13349373638629913
TEST_67858,0.13293494284152985
TEST_67861,0.07652405649423599
TEST_67863,0.1220765933394432
TEST_67865,0.07415906339883804
TEST_67876,0.2561444044113159
TEST_67882,0.20965547859668732
TEST_67883,0.0023498551454395056
TEST_67890,0.003846560837700963
TEST_67895,0.18580767512321472
TEST_67904,0.09846234321594238
TEST_67911,0.052590951323509216
TEST_67915,0.07625887542963028
TEST_67918,0.278585821390152
TEST_67919,0.04910916090011597
TEST_67920,0.19352200627326965
TEST_67922,0.10989899933338165
TEST_67926,0.006120556965470314
TEST_67944,0.13213379681110382
TEST_67961,0.14403507113456726
TEST_67963,0.0024526608176529408
TEST_67964,0.166323721408844
TEST_67966,0.19694221019744873
TEST_67968,0.0468977652490139
TEST_67969,0.05667753517627716
TEST_67979,0.03487773612141609
TEST_67981,0.10100608319044113
TEST_67984,0.07754535973072052
TEST_67991,0.18461667001247406
TEST_68002,0.09463822841644287
TEST_68005,0.0027269073761999607
TEST_68010,0.10318482667207718
TEST_68011,0.003009471809491515
TEST_68044,0.15062306821346283
TEST_68045,0.003949680831283331
TEST_68047,0.2728773355484009
TEST_68049,0.12835092842578888
TEST_68064,0.1126336082816124
TEST_68066,0.007092115003615618
TEST_68072,0.05222086235880852
TEST_68073,0.14356309175491333
TEST_68075,0.0020828077103942633
TEST_68086,0.00420722458511591
TEST_68092,0.173581063747406
TEST_68100,0.007061678916215897
TEST_68102,0.33460691571235657
TEST_68104,0.15771734714508057
TEST_68109,0.14003430306911469
TEST_68110,0.04922058433294296
TEST_68114,0.11325424164533615
TEST_68116,0.050890710204839706
TEST_68120,0.10815112292766571
TEST_68122,0.0017424994148314
TEST_68124,0.04598290100693703
TEST_68129,0.2039755880832672
TEST_68136,0.0051095434464514256
TEST_68143,0.14306607842445374
TEST_68144,0.07502976804971695
TEST_68145,0.16407062113285065
TEST_68147,0.12378140538930893
TEST_68150,0.12142281234264374
TEST_68160,0.00280433869920671
TEST_68162,0.10691431164741516
TEST_68163,0.006929664872586727
TEST_68168,0.3585454225540161
TEST_68172,0.08479637652635574
TEST_68176,0.1074773371219635
TEST_68177,0.11519196629524231
TEST_68184,0.003568445099517703
TEST_68185,0.004425248596817255
TEST_68192,0.07757225632667542
TEST_68196,0.1117764562368393
TEST_68201,0.18944206833839417
TEST_68205,0.003254407551139593
TEST_68208,0.2174464464187622
TEST_68226,0.18129362165927887
TEST_68230,0.2314625233411789
TEST_68237,0.13774284720420837
TEST_68246,0.03023182414472103
TEST_68254,0.18300966918468475
TEST_68262,0.2900814116001129
TEST_68268,0.2648393511772156
TEST_68269,0.12949971854686737
TEST_68276,0.1757773458957672
TEST_68277,0.06469117105007172
TEST_68281,0.15806540846824646
TEST_68286,0.12198805809020996
TEST_68288,0.0025887377560138702
TEST_68301,0.0196812953799963
TEST_68303,0.29028406739234924
TEST_68305,0.3498486280441284
TEST_68307,0.2904014587402344
TEST_68314,0.2812057137489319
TEST_68317,0.08602958917617798
TEST_68326,0.06437767297029495
TEST_68329,0.06296498328447342
TEST_68344,0.0028271873015910387
TEST_68350,0.024875570088624954
TEST_68355,0.11846064776182175
TEST_68356,0.2076757848262787
TEST_68358,0.07696635276079178
TEST_68363,0.0022343683522194624
TEST_68369,0.22385475039482117
TEST_68372,0.12256363779306412
TEST_68373,0.19547593593597412
TEST_68374,0.22022946178913116
TEST_68393,0.07490016520023346
TEST_68394,0.06366953253746033
TEST_68396,0.10768068581819534
TEST_68419,0.24141758680343628
TEST_68424,0.05241239815950394
TEST_68425,0.05125024914741516
TEST_68438,0.1045522540807724
TEST_68441,0.08488177508115768
TEST_68445,0.09956181049346924
TEST_68446,0.09856782108545303
TEST_68450,0.002871745964512229
TEST_68454,0.049671851098537445
TEST_68457,0.20191404223442078
TEST_68458,0.030011536553502083
TEST_68459,0.0019463971257209778
TEST_68462,0.0054185702465474606
TEST_68465,0.13293515145778656
TEST_68478,0.04543628171086311
TEST_68486,0.18911999464035034
TEST_68490,0.00524582015350461
TEST_68492,0.4942901134490967
TEST_68497,0.13190293312072754
TEST_68499,0.028179597109556198
TEST_68500,0.06610096991062164
TEST_68511,0.12627290189266205
TEST_68526,0.004704615101218224
TEST_68528,0.050879381597042084
TEST_68532,0.23762238025665283
TEST_68536,0.16604195535182953
TEST_68538,0.188815638422966
TEST_68546,0.15225253999233246
TEST_68556,0.0021238273475319147
TEST_68560,0.08337994664907455
TEST_68561,0.13976360857486725
TEST_68567,0.28363296389579773
TEST_68569,0.003890070365741849
TEST_68573,0.14193041622638702
TEST_68579,0.003992175683379173
TEST_68582,0.11069495975971222
TEST_68592,0.087718665599823
TEST_68595,0.13091035187244415
TEST_68602,0.0016696141101419926
TEST_68615,0.037535957992076874
TEST_68619,0.19785119593143463
TEST_68620,0.12579141557216644
TEST_68622,0.19698219001293182
TEST_68625,0.15712366998195648
TEST_68637,0.18838295340538025
TEST_68639,0.1587350070476532
TEST_68640,0.06867877393960953
TEST_68643,0.0465627983212471
TEST_68651,0.10987868905067444
TEST_68652,0.27498531341552734
TEST_68657,0.20026637613773346
TEST_68662,0.07769887149333954
TEST_68671,0.004446986131370068
TEST_68675,0.11697268486022949
TEST_68688,0.1021532192826271
TEST_68705,0.15410545468330383
TEST_68727,0.00262057245709002
TEST_68733,0.08809106051921844
TEST_68735,0.21274232864379883
TEST_68736,0.16252508759498596
TEST_68737,0.18507564067840576
TEST_68739,0.003426925977692008
TEST_68741,0.0060963197611272335
TEST_68763,0.0032221865840256214
TEST_68766,0.06784594058990479
TEST_68767,0.15299539268016815
TEST_68783,0.08170228451490402
TEST_68784,0.003629400162026286
TEST_68785,0.21346095204353333
TEST_68794,0.03966749832034111
TEST_68810,0.03582156449556351
TEST_68812,0.0026439689099788666
TEST_68816,0.17586864531040192
TEST_68818,0.24375738203525543
TEST_68822,0.1704954355955124
TEST_68826,0.1972237229347229
TEST_68831,0.1694348156452179
TEST_68836,0.25002795457839966
TEST_68837,0.006145227234810591
TEST_68842,0.0435868501663208
TEST_68845,0.006771812681108713
TEST_68848,0.08744682371616364
TEST_68849,0.11180929839611053
TEST_68852,0.1739383190870285
TEST_68853,0.23674315214157104
TEST_68858,0.04788309335708618
TEST_68860,0.1927156150341034
TEST_68862,0.11660070717334747
TEST_68882,0.047224801033735275
TEST_68883,0.19918625056743622
TEST_68889,0.0025804301258176565
TEST_68897,0.002652653492987156
TEST_68906,0.11339275538921356
TEST_68916,0.1309758871793747
TEST_68921,0.13475987315177917
TEST_68928,0.10867449641227722
TEST_68935,0.20224560797214508
TEST_68943,0.07218199968338013
TEST_68946,0.07255842536687851
TEST_68950,0.2263469249010086
TEST_68952,0.1853393167257309
TEST_68955,0.07956644892692566
TEST_68956,0.14230428636074066
TEST_68968,0.2722145915031433
TEST_68970,0.19221153855323792
TEST_68973,0.03497043997049332
TEST_68977,0.06323134899139404
TEST_68981,0.23685911297798157
TEST_68988,0.0035297067370265722
TEST_68989,0.11665661633014679
TEST_68991,0.1196090579032898
TEST_68995,0.08413960039615631
TEST_69001,0.3015540540218353
TEST_69004,0.1466769576072693
TEST_69005,0.003023468889296055
TEST_69009,0.07379259914159775
TEST_69011,0.026469897478818893
TEST_69014,0.004999530501663685
TEST_69017,0.0426548533141613
TEST_69018,0.004092500079423189
TEST_69019,0.12928569316864014
TEST_69025,0.22355711460113525
TEST_69031,0.018520081415772438
TEST_69052,0.02416013367474079
TEST_69056,0.04841401055455208
TEST_69061,0.31004542112350464
TEST_69065,0.12429125607013702
TEST_69067,0.002399649005383253
TEST_69068,0.23714002966880798
TEST_69080,0.07908687740564346
TEST_69081,0.18923033773899078
TEST_69083,0.1658402979373932
TEST_69089,0.20618140697479248
TEST_69115,0.05408231168985367
TEST_69122,0.15808220207691193
TEST_69123,0.32685548067092896
TEST_69134,0.002547815442085266
TEST_69136,0.1428486853837967
TEST_69137,0.39717671275138855
TEST_69139,0.21304041147232056
TEST_69140,0.12969695031642914
TEST_69141,0.13877522945404053
TEST_69147,0.13519811630249023
TEST_69150,0.29363954067230225
TEST_69152,0.05249730870127678
TEST_69155,0.11373117566108704
TEST_69163,0.002619666513055563
TEST_69166,0.08390636742115021
TEST_69173,0.0028538901824504137
TEST_69184,0.22241468727588654
TEST_69188,0.08077619224786758
TEST_69196,0.07397544384002686
TEST_69198,0.20863142609596252
TEST_69204,0.09571276605129242
TEST_69209,0.07150983065366745
TEST_69214,0.0038309877272695303
TEST_69222,0.006631600670516491
TEST_69223,0.08344142138957977
TEST_69228,0.16021180152893066
TEST_69231,0.10952717065811157
TEST_69233,0.13714644312858582
TEST_69235,0.13350145518779755
TEST_69242,0.1272335648536682
TEST_69259,0.1190987303853035
TEST_69266,0.22385194897651672
TEST_69268,0.10817277431488037
TEST_69270,0.002018099883571267
TEST_69273,0.10424976050853729
TEST_69278,0.005171585828065872
TEST_69292,0.12186786532402039
TEST_69296,0.21888484060764313
TEST_69298,0.13024848699569702
TEST_69304,0.0019829284865409136
TEST_69314,0.16334983706474304
TEST_69334,0.005087504629045725
TEST_69335,0.14493966102600098
TEST_69342,0.13744430243968964
TEST_69348,0.1654677540063858
TEST_69354,0.22024013102054596
TEST_69363,0.15006229281425476
TEST_69371,0.0025881645269691944
TEST_69373,0.0026032377500087023
TEST_69375,0.191579207777977
TEST_69391,0.05968474969267845
TEST_69403,0.1597135215997696
TEST_69404,0.002731693210080266
TEST_69406,0.33241137862205505
TEST_69409,0.14938867092132568
TEST_69411,0.09902922809123993
TEST_69418,0.045350585132837296
TEST_69429,0.13120681047439575
TEST_69437,0.12249118089675903
TEST_69441,0.203046977519989
TEST_69444,0.002075907774269581
TEST_69448,0.19009099900722504
TEST_69456,0.12701356410980225
TEST_69460,0.08306010812520981
TEST_69463,0.13220643997192383
TEST_69475,0.08174219727516174
TEST_69476,0.2022559940814972
TEST_69479,0.0021612492855638266
TEST_69486,0.2057235687971115
TEST_69492,0.002814847743138671
TEST_69502,0.08007361739873886
TEST_69503,0.0032839926425367594
TEST_69505,0.0646582692861557
TEST_69507,0.13358074426651
TEST_69508,0.2335686981678009
TEST_69522,0.1678488701581955
TEST_69528,0.18989680707454681
TEST_69531,0.07465147972106934
TEST_69540,0.00199719681404531
TEST_69543,0.00613514706492424
TEST_69549,0.14011646807193756
TEST_69555,0.13731972873210907
TEST_69558,0.06245722994208336
TEST_69561,0.13851110637187958
TEST_69563,0.27190473675727844
TEST_69580,0.0769893154501915
TEST_69589,0.2526325285434723
TEST_69593,0.10166649520397186
TEST_69596,0.19409210979938507
TEST_69601,0.03486737236380577
TEST_69614,0.0017717190785333514
TEST_69631,0.05184442549943924
TEST_69635,0.12944751977920532
TEST_69645,0.004641328938305378
TEST_69651,0.2254677712917328
TEST_69654,0.12016148865222931
TEST_69657,0.0021784785203635693
TEST_69661,0.002450913656502962
TEST_69666,0.1480090320110321
TEST_69675,0.20912978053092957
TEST_69679,0.058400798588991165
TEST_69683,0.2149786353111267
TEST_69684,0.16250833868980408
TEST_69685,0.49361804127693176
TEST_69689,0.10282091796398163
TEST_69696,0.19591186940670013
TEST_69705,0.002770438324660063
TEST_69711,0.09876706451177597
TEST_69712,0.11259889602661133
TEST_69715,0.07834262400865555
TEST_69716,0.10579538345336914
TEST_69717,0.0020047472789883614
TEST_69726,0.046776361763477325
TEST_69730,0.07614701241254807
TEST_69750,0.2069208174943924
TEST_69752,0.08052852749824524
TEST_69761,0.12445566803216934
TEST_69765,0.0031340981367975473
TEST_69774,0.21049121022224426
TEST_69775,0.16825270652770996
TEST_69791,0.0029396151658147573
TEST_69792,0.0026164317969232798
TEST_69794,0.1902942955493927
TEST_69796,0.13804857432842255
TEST_69800,0.07810001075267792
TEST_69809,0.0023075221106410027
TEST_69819,0.14111697673797607
TEST_69820,0.0022024172358214855
TEST_69842,0.11314784735441208
TEST_69845,0.1723634898662567
TEST_69847,0.004526684992015362
TEST_69851,0.09837538748979568
TEST_69871,0.0888950526714325
TEST_69875,0.15274366736412048
TEST_69877,0.04512137547135353
TEST_69878,0.048051368445158005
TEST_69883,0.006628707982599735
TEST_69894,0.11608067899942398
TEST_69897,0.04733060672879219
TEST_69898,0.06356647610664368
TEST_69899,0.0027244281955063343
TEST_69901,0.0019142191158607602
TEST_69903,0.07942676544189453
TEST_69905,0.0719834715127945
TEST_69909,0.3111678659915924
TEST_69917,0.004515739623457193
TEST_69923,0.19393862783908844
TEST_69924,0.14737112820148468
TEST_69928,0.37676241993904114
TEST_69935,0.0545344352722168
TEST_69946,0.1415528506040573
TEST_69951,0.24956583976745605
TEST_69955,0.15336284041404724
TEST_69966,0.14456605911254883
TEST_69967,0.039751894772052765
TEST_69971,0.1182747334241867
TEST_69976,0.13887667655944824
TEST_69977,0.19932515919208527
TEST_69981,0.1426650732755661
TEST_69987,0.09162458777427673
TEST_69996,0.41766685247421265
TEST_70013,0.009742437861859798
TEST_70021,0.20976769924163818
TEST_70023,0.11000785231590271
TEST_70025,0.1765846461057663
TEST_70027,0.019742291420698166
TEST_70031,0.11526275426149368
TEST_70032,0.003457056125625968
TEST_70033,0.07796815037727356
TEST_70034,0.12039479613304138
TEST_70054,0.1719193309545517
TEST_70056,0.20245331525802612
TEST_70065,0.04513775557279587
TEST_70074,0.19250629842281342
TEST_70076,0.038752272725105286
TEST_70080,0.10352670401334763
TEST_70082,0.26535508036613464
TEST_70085,0.1621444970369339
TEST_70099,0.0031180449295789003
TEST_70119,0.23668219149112701
TEST_70123,0.15797433257102966
TEST_70139,0.0030967218335717916
TEST_70142,0.07880353927612305
TEST_70146,0.0049567376263439655
TEST_70154,0.04548699036240578
TEST_70168,0.002152291825041175
TEST_70169,0.0023370576091110706
TEST_70172,0.002536732004955411
TEST_70177,0.17333205044269562
TEST_70180,0.2023949921131134
TEST_70187,0.11422018706798553
TEST_70189,0.17271023988723755
TEST_70198,0.0033685334492474794
TEST_70201,0.23624880611896515
TEST_70206,0.004062599502503872
TEST_70211,0.1043657511472702
TEST_70215,0.0024451129138469696
TEST_70228,0.003608155297115445
TEST_70231,0.27155688405036926
TEST_70240,0.06818529218435287
TEST_70242,0.18646086752414703
TEST_70246,0.10831990092992783
TEST_70248,0.12875276803970337
TEST_70250,0.008775231428444386
TEST_70263,0.15639817714691162
TEST_70267,0.06553155183792114
TEST_70268,0.038947395980358124
TEST_70269,0.1718255579471588
TEST_70273,0.04301324859261513
TEST_70274,0.14626620709896088
TEST_70275,0.11953550577163696
TEST_70284,0.05864226445555687
TEST_70286,0.2155524045228958
TEST_70301,0.1542356312274933
TEST_70305,0.1024354100227356
TEST_70321,0.19100457429885864
TEST_70326,0.2095591425895691
TEST_70327,0.14973510801792145
TEST_70340,0.11073627322912216
TEST_70351,0.17739249765872955
TEST_70358,0.13760286569595337
TEST_70361,0.07237697392702103
TEST_70363,0.10235729813575745
TEST_70371,0.21616117656230927
TEST_70385,0.13168781995773315
TEST_70387,0.13120822608470917
TEST_70395,0.11533722281455994
TEST_70406,0.085926353931427
TEST_70407,0.2699930667877197
TEST_70415,0.14424285292625427
TEST_70424,0.05288159102201462
TEST_70426,0.09264368563890457
TEST_70430,0.10958607494831085
TEST_70447,0.05377490818500519
TEST_70449,0.23882243037223816
TEST_70451,0.1368807554244995
TEST_70457,0.13713890314102173
TEST_70458,0.13778407871723175
TEST_70459,0.1492692530155182
TEST_70463,0.0026323359925299883
TEST_70472,0.21443352103233337
TEST_70477,0.18175026774406433
TEST_70491,0.2542749047279358
TEST_70528,0.05669746920466423
TEST_70539,0.003924289718270302
TEST_70549,0.003384423442184925
TEST_70551,0.1153048425912857
TEST_70555,0.002565008122473955
TEST_70563,0.0060868337750434875
TEST_70564,0.15354497730731964
TEST_70565,0.18296724557876587
TEST_70566,0.1657002717256546
TEST_70568,0.1861930787563324
TEST_70571,0.00412687286734581
TEST_70582,0.09647609293460846
TEST_70587,0.11625959724187851
TEST_70591,0.12689271569252014
TEST_70596,0.002523025730624795
TEST_70606,0.20003169775009155
TEST_70610,0.11728649586439133
TEST_70615,0.16409233212471008
TEST_70617,0.002652114722877741
TEST_70621,0.0028358353301882744
TEST_70623,0.08882004022598267
TEST_70627,0.04835459962487221
TEST_70628,0.05953161418437958
TEST_70634,0.12945687770843506
TEST_70646,0.1418154537677765
TEST_70647,0.10243338346481323
TEST_70656,0.1654023379087448
TEST_70660,0.007269874680787325
TEST_70666,0.21936547756195068
TEST_70681,0.011005992069840431
TEST_70683,0.17902962863445282
TEST_70687,0.1472383439540863
TEST_70688,0.1702161580324173
TEST_70698,0.00563239399343729
TEST_70703,0.004836232867091894
TEST_70708,0.045432355254888535
TEST_70718,0.001934385159984231
TEST_70722,0.08907975256443024
TEST_70727,0.16583450138568878
TEST_70732,0.18095722794532776
TEST_70736,0.11963997036218643
TEST_70737,0.04996627941727638
TEST_70740,0.24951119720935822
TEST_70754,0.13579924404621124
TEST_70755,0.044059839099645615
TEST_70758,0.1622474193572998
TEST_70759,0.1396976113319397
TEST_70763,0.042720891535282135
TEST_70764,0.0036045219749212265
TEST_70771,0.1544780433177948
TEST_70773,0.19748356938362122
TEST_70790,0.08040305972099304
TEST_70792,0.07393109798431396
TEST_70810,0.0039457352831959724
TEST_70820,0.12831781804561615
TEST_70825,0.1432003229856491
TEST_70826,0.17944864928722382
TEST_70827,0.14214298129081726
TEST_70832,0.08325120806694031
TEST_70849,0.41344571113586426
TEST_70861,0.14964739978313446
TEST_70862,0.030195044353604317
TEST_70869,0.08646364510059357
TEST_70871,0.26619911193847656
TEST_70874,0.14393645524978638
TEST_70896,0.002829945180565119
TEST_70897,0.16839797794818878
TEST_70901,0.005425264127552509
TEST_70903,0.11680035293102264
TEST_70907,0.15654708445072174
TEST_70916,0.05530159920454025
TEST_70920,0.1329820156097412
TEST_70932,0.1118335872888565
TEST_70934,0.042929716408252716
TEST_70938,0.09718587249517441
TEST_70943,0.00746055506169796
TEST_70949,0.10527176409959793
TEST_70952,0.11537500470876694
TEST_70956,0.18024180829524994
TEST_70958,0.1014668196439743
TEST_70969,0.004258448723703623
TEST_70980,0.08066194504499435
TEST_70990,0.20869284868240356
TEST_70991,0.04866237938404083
TEST_70993,0.06870049238204956
TEST_71000,0.4495187997817993
TEST_71010,0.21283993124961853
TEST_71014,0.2135525643825531
TEST_71019,0.1739712655544281
TEST_71022,0.04591270536184311
TEST_71025,0.0028188673313707113
TEST_71027,0.10923682153224945
TEST_71046,0.0580027773976326
TEST_71057,0.13023951649665833
TEST_71059,0.21451695263385773
TEST_71061,0.1304587423801422
TEST_71064,0.19539837539196014
TEST_71066,0.32323333621025085
TEST_71075,0.2964266240596771
TEST_71076,0.16950121521949768
TEST_71078,0.1433665007352829
TEST_71084,0.002796814776957035
TEST_71091,0.10852766036987305
TEST_71093,0.0025977131444960833
TEST_71097,0.0022251056507229805
TEST_71098,0.10986988246440887
TEST_71103,0.0028034308925271034
TEST_71104,0.08242838829755783
TEST_71107,0.23711492121219635
TEST_71111,0.001753787393681705
TEST_71113,0.16578111052513123
TEST_71114,0.1358749270439148
TEST_71115,0.3799903988838196
TEST_71116,0.23567955195903778
TEST_71119,0.0017567441100254655
TEST_71122,0.38456305861473083
TEST_71126,0.0275020319968462
TEST_71138,0.1358790248632431
TEST_71147,0.1961628645658493
TEST_71150,0.12358798831701279
TEST_71153,0.12043975293636322
TEST_71157,0.003096431726589799
TEST_71162,0.28769534826278687
TEST_71166,0.1239166334271431
TEST_71168,0.09485746920108795
TEST_71174,0.10959973931312561
TEST_71177,0.1874047815799713
TEST_71179,0.1293349266052246
TEST_71181,0.18974579870700836
TEST_71191,0.12998385727405548
TEST_71205,0.24575290083885193
TEST_71218,0.054198261350393295
TEST_71221,0.0033545633777976036
TEST_71228,0.06018127128481865
TEST_71252,0.186885267496109
TEST_71254,0.14804911613464355
TEST_71267,0.18506458401679993
TEST_71268,0.1327492892742157
TEST_71276,0.23249252140522003
TEST_71277,0.025699330493807793
TEST_71281,0.19475878775119781
TEST_71287,0.06422777473926544
TEST_71294,0.07441562414169312
TEST_71296,0.1348770260810852
TEST_71310,0.25759080052375793
TEST_71325,0.14345033466815948
TEST_71344,0.017280597239732742
TEST_71349,0.0925929993391037
TEST_71354,0.11036544293165207
TEST_71357,0.1833479106426239
TEST_71360,0.007375407498329878
TEST_71365,0.20416328310966492
TEST_71371,0.3703819811344147
TEST_71378,0.054292358458042145
TEST_71384,0.0033673481084406376
TEST_71399,0.18488451838493347
TEST_71401,0.04965453967452049
TEST_71410,0.2204766869544983
TEST_71412,0.25913459062576294
TEST_71416,0.22143873572349548
TEST_71423,0.150482177734375
TEST_71424,0.13570229709148407
TEST_71434,0.16470099985599518
TEST_71437,0.002925329376012087
TEST_71439,0.2302965223789215
TEST_71445,0.03132442384958267
TEST_71446,0.00280167069286108
TEST_71448,0.0029725884087383747
TEST_71449,0.17234063148498535
TEST_71451,0.1683570295572281
TEST_71452,0.23571424186229706
TEST_71453,0.04583554342389107
TEST_71454,0.10117913037538528
TEST_71462,0.08028782159090042
TEST_71464,0.1839965432882309
TEST_71466,0.0028510778211057186
TEST_71468,0.03411310911178589
TEST_71471,0.06331387162208557
TEST_71476,0.011799762956798077
TEST_71477,0.13175484538078308
TEST_71483,0.13808897137641907
TEST_71501,0.5944994688034058
TEST_71503,0.11223933100700378
TEST_71528,0.22160786390304565
TEST_71530,0.08524712175130844
TEST_71532,0.16860394179821014
TEST_71538,0.050838831812143326
TEST_71539,0.007421401329338551
TEST_71540,0.12576036155223846
TEST_71542,0.2067151814699173
TEST_71546,0.2730172276496887
TEST_71549,0.15163865685462952
TEST_71553,0.20812809467315674
TEST_71568,0.23252364993095398
TEST_71569,0.003042811993509531
TEST_71570,0.22083672881126404
TEST_71573,0.002497658831998706
TEST_71579,0.09741754829883575
TEST_71584,0.2775481045246124
TEST_71586,0.04335915297269821
TEST_71592,0.07712264358997345
TEST_71595,0.18671837449073792
TEST_71597,0.19899773597717285
TEST_71609,0.14319047331809998
TEST_71612,0.1825001835823059
TEST_71615,0.0030325253028422594
TEST_71620,0.12130982428789139
TEST_71621,0.1654779314994812
TEST_71624,0.0039038541726768017
TEST_71627,0.0023449633736163378
TEST_71630,0.12172023206949234
TEST_71640,0.12990930676460266
TEST_71645,0.1894160509109497
TEST_71647,0.25816065073013306
TEST_71651,0.22648242115974426
TEST_71660,0.1434716433286667
TEST_71662,0.11714799702167511
TEST_71677,0.19910821318626404
TEST_71682,0.11293886601924896
TEST_71703,0.03476909175515175
TEST_71706,0.1018068864941597
TEST_71710,0.0066045853309333324
TEST_71719,0.26162946224212646
TEST_71738,0.12168003618717194
TEST_71749,0.2081814557313919
TEST_71771,0.26041027903556824
TEST_71772,0.07555856555700302
TEST_71774,0.0028235684148967266
TEST_71781,0.005333225708454847
TEST_71783,0.05928921699523926
TEST_71788,0.10131873190402985
TEST_71794,0.18525303900241852
TEST_71798,0.12468184530735016
TEST_71799,0.18994811177253723
TEST_71804,0.19002540409564972
TEST_71809,0.11086444556713104
TEST_71811,0.0029625932220369577
TEST_71813,0.12165235728025436
TEST_71824,0.2273058295249939
TEST_71836,0.2219105362892151
TEST_71841,0.002018354833126068
TEST_71842,0.14426377415657043
TEST_71843,0.40408292412757874
TEST_71845,0.12958072125911713
TEST_71852,0.08172351866960526
TEST_71862,0.6036670207977295
TEST_71864,0.10983175784349442
TEST_71866,0.18145468831062317
TEST_71875,0.16728945076465607
TEST_71880,0.2039438635110855
TEST_71883,0.005283374805003405
TEST_71887,0.11799614876508713
TEST_71908,0.04824930801987648
TEST_71911,0.13548998534679413
TEST_71914,0.2661448121070862
TEST_71916,0.14581382274627686
TEST_71921,0.13913409411907196
TEST_71932,0.33186203241348267
TEST_71935,0.2817155420780182
TEST_71937,0.1768263429403305
TEST_71938,0.18713226914405823
TEST_71942,0.0026882959064096212
TEST_71944,0.15765509009361267
TEST_71946,0.06142380088567734
TEST_71949,0.0025147951673716307
TEST_71955,0.2079847753047943
TEST_71958,0.0833701491355896
TEST_71961,0.16862723231315613
TEST_71976,0.10739187896251678
TEST_71979,0.08073420822620392
TEST_71983,0.08559373766183853
TEST_71984,0.0027133759576827288
TEST_71985,0.09958837926387787
TEST_71988,0.16008472442626953
TEST_72002,0.0030380815733224154
TEST_72010,0.14951835572719574
TEST_72011,0.2684321701526642
TEST_72014,0.4111495018005371
TEST_72019,0.10985719412565231
TEST_72021,0.07391973584890366
TEST_72028,0.19495004415512085
TEST_72032,0.11323442310094833
TEST_72038,0.0025977131444960833
TEST_72048,0.3309381604194641
TEST_72049,0.002743469551205635
TEST_72060,0.07940216362476349
TEST_72066,0.11014540493488312
TEST_72074,0.09904150664806366
TEST_72078,0.04740095138549805
TEST_72086,0.04100245237350464
TEST_72092,0.05740407109260559
TEST_72093,0.18724417686462402
TEST_72097,0.08700485527515411
TEST_72106,0.033592063933610916
TEST_72110,0.3063226342201233
TEST_72118,0.06405734270811081
TEST_72126,0.09946495294570923
TEST_72133,0.16540613770484924
TEST_72138,0.0016665563452988863
TEST_72143,0.027433881536126137
TEST_72154,0.0023895057383924723
TEST_72161,0.003315978217869997
TEST_72171,0.04516974091529846
TEST_72176,0.0037121071945875883
TEST_72178,0.1826418936252594
TEST_72179,0.17567068338394165
TEST_72181,0.23269157111644745
TEST_72189,0.13899534940719604
TEST_72190,0.04662514477968216
TEST_72191,0.2145238071680069
TEST_72193,0.003817155258730054
TEST_72198,0.20511075854301453
TEST_72199,0.002538996981456876
TEST_72206,0.12467938661575317
TEST_72207,0.26277559995651245
TEST_72213,0.18243132531642914
TEST_72216,0.05233196169137955
TEST_72218,0.21861203014850616
TEST_72219,0.16848203539848328
TEST_72221,0.1387871652841568
TEST_72224,0.23723959922790527
TEST_72230,0.0034951658453792334
TEST_72236,0.17783650755882263
TEST_72239,0.0025040102191269398
TEST_72240,0.030304325744509697
TEST_72241,0.21124234795570374
TEST_72252,0.0029393790755420923
TEST_72263,0.055853404104709625
TEST_72269,0.1393519639968872
TEST_72270,0.23142781853675842
TEST_72272,0.2465757131576538
TEST_72277,0.15245851874351501
TEST_72284,0.1489894539117813
TEST_72291,0.17300789058208466
TEST_72306,0.08003699034452438
TEST_72311,0.09257820248603821
TEST_72313,0.14517700672149658
TEST_72320,0.004469438921660185
TEST_72323,0.32462307810783386
TEST_72333,0.055216290056705475
TEST_72354,0.203277587890625
TEST_72359,0.002217290922999382
TEST_72365,0.04713153839111328
TEST_72369,0.07840986549854279
TEST_72391,0.05055707320570946
TEST_72392,0.08482898771762848
TEST_72395,0.2128283679485321
TEST_72396,0.1556616723537445
TEST_72400,0.015380612574517727
TEST_72409,0.0023855760227888823
TEST_72412,0.04466303810477257
TEST_72430,0.18935948610305786
TEST_72439,0.23145906627178192
TEST_72442,0.22154411673545837
TEST_72445,0.211250901222229
TEST_72452,0.0746304914355278
TEST_72461,0.12170146405696869
TEST_72469,0.19124621152877808
TEST_72476,0.015177406370639801
TEST_72477,0.07686133682727814
TEST_72490,0.14746198058128357
TEST_72491,0.1584092378616333
TEST_72493,0.009344842284917831
TEST_72495,0.15981267392635345
TEST_72501,0.21961835026741028
TEST_72504,0.076326385140419
TEST_72510,0.19208280742168427
TEST_72511,0.14831338822841644
TEST_72516,0.19421733915805817
TEST_72522,0.07520559430122375
TEST_72529,0.04540339112281799
TEST_72530,0.00496867997571826
TEST_72531,0.13802403211593628
TEST_72535,0.12618422508239746
TEST_72540,0.13964024186134338
TEST_72553,0.3355816602706909
TEST_72567,0.16632510721683502
TEST_72571,0.054901786148548126
TEST_72572,0.11720608174800873
TEST_72580,0.09876298159360886
TEST_72586,0.09474223852157593
TEST_72588,0.1629425287246704
TEST_72593,0.10730909556150436
TEST_72594,0.26302650570869446
TEST_72607,0.18649572134017944
TEST_72613,0.1047251895070076
TEST_72617,0.12556378543376923
TEST_72618,0.0354345440864563
TEST_72621,0.14129942655563354
TEST_72634,0.09350711107254028
TEST_72635,0.07589374482631683
TEST_72637,0.10750968754291534
TEST_72648,0.003278360003605485
TEST_72650,0.21995636820793152
TEST_72653,0.16533511877059937
TEST_72656,0.2214481681585312
TEST_72660,0.1129855066537857
TEST_72665,0.08078951388597488
TEST_72679,0.16911102831363678
TEST_72681,0.05111641064286232
TEST_72686,0.05358655005693436
TEST_72688,0.24883276224136353
TEST_72689,0.06502615660429001
TEST_72690,0.20088064670562744
TEST_72691,0.04578353464603424
TEST_72699,0.10149095207452774
TEST_72704,0.2323899269104004
TEST_72713,0.004254719242453575
TEST_72714,0.10279019176959991
TEST_72721,0.08516722917556763
TEST_72729,0.002786703873425722
TEST_72730,0.25546038150787354
TEST_72733,0.07666634768247604
TEST_72734,0.005276067182421684
TEST_72739,0.19728827476501465
TEST_72740,0.055958766490221024
TEST_72752,0.16205698251724243
TEST_72760,0.12317433953285217
TEST_72765,0.05856706202030182
TEST_72779,0.006592441350221634
TEST_72781,0.06805844604969025
TEST_72785,0.002989270957186818
TEST_72787,0.00289198593236506
TEST_72790,0.1701575666666031
TEST_72793,0.09917090088129044
TEST_72805,0.1622280329465866
TEST_72808,0.052758559584617615
TEST_72820,0.03418329358100891
TEST_72830,0.055676061660051346
TEST_72837,0.21940694749355316
TEST_72844,0.06223135069012642
TEST_72852,0.19281065464019775
TEST_72853,0.1328108012676239
TEST_72864,0.21576541662216187
TEST_72868,0.16158373653888702
TEST_72869,0.1048426628112793
TEST_72894,0.0793766900897026
TEST_72899,0.11853013932704926
TEST_72901,0.09004228562116623
TEST_72903,0.16866245865821838
TEST_72914,0.13306079804897308
TEST_72915,0.13643871247768402
TEST_72916,0.004189951810985804
TEST_72917,0.0052431863732635975
TEST_72920,0.005390948615968227
TEST_72927,0.1253882497549057
TEST_72928,0.15462569892406464
TEST_72929,0.3145865499973297
TEST_72938,0.14877605438232422
TEST_72940,0.14138875901699066
TEST_72945,0.002115358132869005
TEST_72953,0.1322246789932251
TEST_72962,0.16229242086410522
TEST_72975,0.006068075075745583
TEST_72976,0.2396056354045868
TEST_72981,0.12588030099868774
TEST_72990,0.024385768920183182
TEST_72999,0.006998035125434399
TEST_73000,0.0796743705868721
TEST_73009,0.22876383364200592
TEST_73010,0.137406125664711
TEST_73011,0.11881878972053528
TEST_73026,0.07708989083766937
TEST_73028,0.14657017588615417
TEST_73031,0.39695703983306885
TEST_73036,0.0048912339843809605
TEST_73044,0.0018894575769081712
TEST_73045,0.17510351538658142
TEST_73046,0.12962400913238525
TEST_73051,0.006879718508571386
TEST_73062,0.05116957426071167
TEST_73069,0.2542054355144501
TEST_73071,0.19276635348796844
TEST_73079,0.0041588302701711655
TEST_73086,0.003581525757908821
TEST_73106,0.0027726194821298122
TEST_73107,0.13724124431610107
TEST_73108,0.2160293310880661
TEST_73109,0.18546068668365479
TEST_73120,0.05762377008795738
TEST_73122,0.04669555649161339
TEST_73131,0.004488897509872913
TEST_73132,0.14217714965343475
TEST_73133,0.004758896771818399
TEST_73149,0.09174417704343796
TEST_73151,0.1053602322936058
TEST_73156,0.0048344796523451805
TEST_73159,0.12874053418636322
TEST_73162,0.09574614465236664
TEST_73163,0.0020124393049627542
TEST_73169,0.15220926702022552
TEST_73176,0.07400327920913696
TEST_73180,0.10643530637025833
TEST_73181,0.14713644981384277
TEST_73182,0.047743234783411026
TEST_73183,0.1566520631313324
TEST_73185,0.13442444801330566
TEST_73200,0.21205343306064606
TEST_73202,0.0025055897422134876
TEST_73207,0.12752437591552734
TEST_73216,0.1811290681362152
TEST_73218,0.002324330387637019
TEST_73220,0.19202479720115662
TEST_73222,0.11878108978271484
TEST_73242,0.01049218699336052
TEST_73250,0.11653053760528564
TEST_73251,0.10866359621286392
TEST_73253,0.17026366293430328
TEST_73254,0.10443951934576035
TEST_73255,0.13468165695667267
TEST_73260,0.13738998770713806
TEST_73261,0.002290647244080901
TEST_73274,0.17462167143821716
TEST_73276,0.20289960503578186
TEST_73281,0.11965577304363251
TEST_73283,0.13495591282844543
TEST_73285,0.11130806803703308
TEST_73287,0.14573779702186584
TEST_73289,0.24331000447273254
TEST_73293,0.1794579029083252
TEST_73294,0.16649726033210754
TEST_73308,0.002511907834559679
TEST_73314,0.11424917727708817
TEST_73328,0.1642615795135498
TEST_73329,0.1495884656906128
TEST_73338,0.17945370078086853
TEST_73348,0.002278523985296488
TEST_73352,0.3106936514377594
TEST_73357,0.07362153381109238
TEST_73359,0.15501894056797028
TEST_73362,0.033583007752895355
TEST_73365,0.08471183478832245
TEST_73366,0.1791180521249771
TEST_73372,0.13320748507976532
TEST_73375,0.0028508391696959734
TEST_73378,0.1353047788143158
TEST_73381,0.27235814929008484
TEST_73382,0.11933599412441254
TEST_73388,0.24507328867912292
TEST_73391,0.2298106849193573
TEST_73392,0.051482491195201874
TEST_73400,0.2867550253868103
TEST_73402,0.1588195264339447
TEST_73411,0.00560762919485569
TEST_73412,0.14389605820178986
TEST_73419,0.14061306416988373
TEST_73423,0.14053325355052948
TEST_73424,0.03527717664837837
TEST_73435,0.003232498886063695
TEST_73436,0.1017521470785141
TEST_73445,0.16650475561618805
TEST_73447,0.165119469165802
TEST_73456,0.1370937079191208
TEST_73457,0.0034136511385440826
TEST_73458,0.27782297134399414
TEST_73468,0.17826838791370392
TEST_73469,0.1318012773990631
TEST_73476,0.08500029891729355
TEST_73479,0.045144278556108475
TEST_73480,0.05076143890619278
TEST_73482,0.15743282437324524
TEST_73495,0.1756032407283783
TEST_73496,0.2036360651254654
TEST_73500,0.2912400960922241
TEST_73502,0.20951016247272491
TEST_73503,0.313551127910614
TEST_73510,0.00323667423799634
TEST_73520,0.04832296073436737
TEST_73538,0.20285961031913757
TEST_73546,0.14088070392608643
TEST_73549,0.1497449278831482
TEST_73554,0.19254669547080994
TEST_73560,0.027126356959342957
TEST_73567,0.17284905910491943
TEST_73571,0.01033082790672779
TEST_73580,0.1310025304555893
TEST_73591,0.18162065744400024
TEST_73596,0.24565261602401733
TEST_73597,0.004265422932803631
TEST_73598,0.005656023509800434
TEST_73599,0.0028076102025806904
TEST_73609,0.2125416398048401
TEST_73612,0.1848112791776657
TEST_73625,0.002052003750577569
TEST_73631,0.0025736368261277676
TEST_73641,0.002976287854835391
TEST_73648,0.21082016825675964
TEST_73651,0.2669604420661926
TEST_73656,0.0032212629448622465
TEST_73665,0.3653779625892639
TEST_73669,0.048628486692905426
TEST_73676,0.10812556743621826
TEST_73679,0.17032484710216522
TEST_73688,0.10568203777074814
TEST_73700,0.12834635376930237
TEST_73702,0.05457024276256561
TEST_73709,0.04850035905838013
TEST_73715,0.1353774070739746
TEST_73719,0.005028667859733105
TEST_73736,0.21406948566436768
TEST_73739,0.0066055115312337875
TEST_73748,0.2086591124534607
TEST_73755,0.0023348373360931873
TEST_73761,0.10509490966796875
TEST_73765,0.044153135269880295
TEST_73774,0.24107396602630615
TEST_73778,0.14227735996246338
TEST_73785,0.18959398567676544
TEST_73789,0.008975792676210403
TEST_73806,0.04791872575879097
TEST_73814,0.0023483061231672764
TEST_73817,0.12402366101741791
TEST_73821,0.0026613883674144745
TEST_73825,0.16504719853401184
TEST_73831,0.12477721273899078
TEST_73835,0.005241198465228081
TEST_73840,0.19074848294258118
TEST_73848,0.18966327607631683
TEST_73853,0.005199367180466652
TEST_73856,0.003150615841150284
TEST_73861,0.21448871493339539
TEST_73866,0.1039564460515976
TEST_73869,0.15638995170593262
TEST_73874,0.0026385639794170856
TEST_73875,0.0021092304959893227
TEST_73876,0.0023616403341293335
TEST_73878,0.2411794364452362
TEST_73881,0.046727556735277176
TEST_73883,0.1793554276227951
TEST_73902,0.007489029783755541
TEST_73908,0.14172175526618958
TEST_73919,0.15911191701889038
TEST_73920,0.1066954955458641
TEST_73921,0.1544291079044342
TEST_73926,0.0018341315444558859
TEST_73928,0.1395867019891739
TEST_73930,0.21309292316436768
TEST_73937,0.1255420744419098
TEST_73940,0.0026781668420881033
TEST_73941,0.2490248680114746
TEST_73945,0.001923313015140593
TEST_73946,0.07783960551023483
TEST_73959,0.07313192635774612
TEST_73965,0.004185991827398539
TEST_73968,0.1430014967918396
TEST_73974,0.13375777006149292
TEST_73986,0.10570865869522095
TEST_73999,0.17331615090370178
TEST_74009,0.2745562195777893
TEST_74023,0.1505473107099533
TEST_74046,0.10518074780702591
TEST_74048,0.08892273902893066
TEST_74070,0.17778563499450684
TEST_74074,0.1884547472000122
TEST_74075,0.32908278703689575
TEST_74079,0.08330890536308289
TEST_74082,0.18358120322227478
TEST_74083,0.19749179482460022
TEST_74092,0.1041676327586174
TEST_74096,0.1756196767091751
TEST_74097,0.17193713784217834
TEST_74098,0.1493777334690094
TEST_74102,0.14488832652568817
TEST_74106,0.26449084281921387
TEST_74107,0.00395830487832427
TEST_74119,0.21012096107006073
TEST_74121,0.23900029063224792
TEST_74125,0.08020241558551788
TEST_74131,0.13297368586063385
TEST_74138,0.19587543606758118
TEST_74143,0.2593981921672821
TEST_74144,0.18550588190555573
TEST_74153,0.004154765512794256
TEST_74154,0.1257622390985489
TEST_74163,0.05861011892557144
TEST_74168,0.19272960722446442
TEST_74174,0.16012975573539734
TEST_74178,0.03473541513085365
TEST_74183,0.004245622083544731
TEST_74187,0.004696340300142765
TEST_74192,0.14339588582515717
TEST_74202,0.0503067746758461
TEST_74203,0.001698977081105113
TEST_74214,0.05409521982073784
TEST_74219,0.2649295926094055
TEST_74221,0.10872809588909149
TEST_74230,0.0028479176107794046
TEST_74233,0.12206406891345978
TEST_74235,0.2286687195301056
TEST_74239,0.14232543110847473
TEST_74244,0.18099375069141388
TEST_74247,0.09944172948598862
TEST_74248,0.1069445088505745
TEST_74249,0.17021679878234863
TEST_74255,0.0027632389683276415
TEST_74264,0.04492536187171936
TEST_74280,0.24864596128463745
TEST_74284,0.20175646245479584
TEST_74288,0.18612198531627655
TEST_74294,0.0077367983758449554
TEST_74295,0.1970158815383911
TEST_74299,0.0816183090209961
TEST_74300,0.1248968094587326
TEST_74302,0.09576001018285751
TEST_74303,0.01776503212749958
TEST_74312,0.07500208914279938
TEST_74319,0.3396337926387787
TEST_74321,0.0019138205097988248
TEST_74325,0.20210164785385132
TEST_74332,0.003494864096865058
TEST_74344,0.11704814434051514
TEST_74347,0.1603027731180191
TEST_74349,0.039638739079236984
TEST_74354,0.1208452582359314
TEST_74355,0.18620362877845764
TEST_74356,0.16282351315021515
TEST_74363,0.043751344084739685
TEST_74372,0.00409238925203681
TEST_74383,0.07767776399850845
TEST_74384,0.1787506341934204
TEST_74385,0.1845996081829071
TEST_74388,0.2697798013687134
TEST_74389,0.1808960735797882
TEST_74405,0.11047244817018509
TEST_74407,0.19606894254684448
TEST_74408,0.10880132764577866
TEST_74413,0.2156371921300888
TEST_74414,0.13061177730560303
TEST_74438,0.04174124449491501
TEST_74439,0.16647395491600037
TEST_74440,0.3079397678375244
TEST_74441,0.16010832786560059
TEST_74443,0.046910569071769714
TEST_74444,0.15785183012485504
TEST_74452,0.14882366359233856
TEST_74453,0.2957177460193634
TEST_74454,0.003408880205824971
TEST_74457,0.1929442435503006
TEST_74461,0.18447832763195038
TEST_74463,0.002247558208182454
TEST_74466,0.09774956852197647
TEST_74468,0.09362675249576569
TEST_74470,0.34348201751708984
TEST_74474,0.16180817782878876
TEST_74485,0.16756896674633026
TEST_74486,0.228565976023674
TEST_74487,0.046495966613292694
TEST_74488,0.10834313929080963
TEST_74509,0.31517618894577026
TEST_74511,0.24553200602531433
TEST_74519,0.16408424079418182
TEST_74524,0.0027228505350649357
TEST_74527,0.003213097807019949
TEST_74529,0.11235681176185608
TEST_74540,0.005590204149484634
TEST_74541,0.004727763123810291
TEST_74542,0.16509829461574554
TEST_74547,0.015700846910476685
TEST_74549,0.005144809372723103
TEST_74552,0.17132383584976196
TEST_74553,0.11245714128017426
TEST_74558,0.18687817454338074
TEST_74559,0.35369688272476196
TEST_74562,0.0686601921916008
TEST_74563,0.18730488419532776
TEST_74574,0.004799738526344299
TEST_74578,0.12281541526317596
TEST_74588,0.001996197272092104
TEST_74593,0.08423876762390137
TEST_74602,0.16792623698711395
TEST_74613,0.13763567805290222
TEST_74614,0.0948517918586731
TEST_74616,0.13426923751831055
TEST_74636,0.04956625774502754
TEST_74647,0.07161567360162735
TEST_74649,0.04822288081049919
TEST_74653,0.27816227078437805
TEST_74655,0.19707295298576355
TEST_74656,0.21250414848327637
TEST_74664,0.03425591439008713
TEST_74665,0.2059560865163803
TEST_74668,0.09027333557605743
TEST_74684,0.17013013362884521
TEST_74686,0.08151604235172272
TEST_74698,0.18916688859462738
TEST_74700,0.19476723670959473
TEST_74701,0.13515546917915344
TEST_74705,0.10127104073762894
TEST_74711,0.19377276301383972
TEST_74722,0.14966981112957
TEST_74733,0.12067923694849014
TEST_74735,0.2478853166103363
TEST_74736,0.08362392336130142
TEST_74741,0.2088313102722168
TEST_74745,0.14931990206241608
TEST_74752,0.1813337355852127
TEST_74754,0.004328420851379633
TEST_74759,0.12332621961832047
TEST_74765,0.18510983884334564
TEST_74772,0.0028516037855297327
TEST_74775,0.2313917875289917
TEST_74778,0.04075181111693382
TEST_74796,0.2046661227941513
TEST_74803,0.054878637194633484
TEST_74821,0.20994707942008972
TEST_74831,0.15129075944423676
TEST_74836,0.0025609717704355717
TEST_74838,0.15468567609786987
TEST_74840,0.1390431970357895
TEST_74847,0.1389196813106537
TEST_74848,0.17207898199558258
TEST_74852,0.08426139503717422
TEST_74853,0.10912381857633591
TEST_74856,0.36584946513175964
TEST_74857,0.11503075063228607
TEST_74858,0.18356205523014069
TEST_74862,0.40785032510757446
TEST_74879,0.14089816808700562
TEST_74885,0.005091168452054262
TEST_74889,0.24165946245193481
TEST_74891,0.001961905276402831
TEST_74896,0.08213186264038086
TEST_74904,0.12218371033668518
TEST_74910,0.24081331491470337
TEST_74913,0.34706223011016846
TEST_74927,0.10491226613521576
TEST_74930,0.12950877845287323
TEST_74944,0.18023428320884705
TEST_74948,0.16355198621749878
TEST_74950,0.29898330569267273
TEST_74959,0.11119233071804047
TEST_74960,0.16755729913711548
TEST_74964,0.004841069225221872
TEST_74967,0.05797800421714783
TEST_74969,0.03361055627465248
TEST_74973,0.11034058779478073
TEST_74977,0.1885964423418045
TEST_74979,0.1318652629852295
TEST_74980,0.00199898355640471
TEST_74994,0.19334499537944794
TEST_74997,0.17659525573253632
TEST_74998,0.005144455935806036
TEST_74999,0.0027836684603244066
TEST_75000,0.17562629282474518
TEST_75015,0.006158492062240839
TEST_75019,0.05154665559530258
TEST_75025,0.10207293927669525
TEST_75026,0.16788412630558014
TEST_75027,0.005484848283231258
TEST_75036,0.11995979398488998
TEST_75049,0.003616138594225049
TEST_75058,0.002076762495562434
TEST_75062,0.2615477442741394
TEST_75070,0.03960847854614258
TEST_75073,0.07116436958312988
TEST_75075,0.002271170960739255
TEST_75076,0.049768999218940735
TEST_75078,0.09276547282934189
TEST_75082,0.13380633294582367
TEST_75083,0.13225780427455902
TEST_75085,0.1970561146736145
TEST_75111,0.125823512673378
TEST_75113,0.0016325183678418398
TEST_75117,0.0030413668137043715
TEST_75128,0.1724364459514618
TEST_75142,0.1548386514186859
TEST_75150,0.2054041624069214
TEST_75161,0.15730322897434235
TEST_75163,0.1666056215763092
TEST_75166,0.3580576479434967
TEST_75169,0.05073994770646095
TEST_75179,0.17671622335910797
TEST_75182,0.07372505217790604
TEST_75184,0.08047416806221008
TEST_75188,0.1322615146636963
TEST_75203,0.22125667333602905
TEST_75210,0.148053377866745
TEST_75213,0.3391949534416199
TEST_75217,0.20071524381637573
TEST_75218,0.16972839832305908
TEST_75226,0.15194229781627655
TEST_75228,0.09910725802183151
TEST_75232,0.15071573853492737
TEST_75234,0.11194537580013275
TEST_75245,0.07502556592226028
TEST_75247,0.13446341454982758
TEST_75255,0.00445713521912694
TEST_75260,0.11906841397285461
TEST_75264,0.13393932580947876
TEST_75265,0.21310114860534668
TEST_75266,0.20208750665187836
TEST_75270,0.0027259045746177435
TEST_75274,0.00548099260777235
TEST_75275,0.006242754403501749
TEST_75279,0.1391606330871582
TEST_75280,0.11959435045719147
TEST_75281,0.1331201046705246
TEST_75283,0.27774548530578613
TEST_75288,0.11109200865030289
TEST_75289,0.1396561861038208
TEST_75293,0.0030765626579523087
TEST_75295,0.07974823564291
TEST_75296,0.22105197608470917
TEST_75303,0.17801544070243835
TEST_75316,0.18988849222660065
TEST_75320,0.18414273858070374
TEST_75322,0.0023850116413086653
TEST_75325,0.0021419543772935867
TEST_75326,0.0034513515420258045
TEST_75327,0.023113977164030075
TEST_75328,0.08546973764896393
TEST_75331,0.2383253574371338
TEST_75344,0.15697093307971954
TEST_75345,0.1139717847108841
TEST_75348,0.13924521207809448
TEST_75358,0.06434942781925201
TEST_75364,0.14565549790859222
TEST_75377,0.1709757149219513
TEST_75379,0.00966850109398365
TEST_75382,0.5008094310760498
TEST_75386,0.09502376616001129
TEST_75391,0.003838077886030078
TEST_75393,0.0023848176933825016
TEST_75395,0.006914990954101086
TEST_75397,0.0021513865794986486
TEST_75400,0.1443536877632141
TEST_75402,0.005756384693086147
TEST_75407,0.198902428150177
TEST_75412,0.3508441746234894
TEST_75416,0.07426914572715759
TEST_75421,0.3346312642097473
TEST_75423,0.006265528500080109
TEST_75425,0.002854470629245043
TEST_75431,0.0025982591323554516
TEST_75438,0.03362130746245384
TEST_75439,0.16478987038135529
TEST_75441,0.126894012093544
TEST_75453,0.004334223922342062
TEST_75457,0.17849057912826538
TEST_75458,0.0029302320908755064
TEST_75463,0.16798891127109528
TEST_75465,0.002511849394068122
TEST_75471,0.17912206053733826
TEST_75483,0.41490331292152405
TEST_75487,0.2358287125825882
TEST_75488,0.18365851044654846
TEST_75498,0.004522127099335194
TEST_75501,0.5203502774238586
TEST_75511,0.10425432026386261
TEST_75512,0.1359829604625702
TEST_75515,0.13443194329738617
TEST_75516,0.10722339898347855
TEST_75520,0.16981033980846405
TEST_75521,0.09815259277820587
TEST_75527,0.05277694761753082
TEST_75529,0.11940910667181015
TEST_75531,0.1392364799976349
TEST_75532,0.0028247032314538956
TEST_75533,0.0030048894695937634
TEST_75548,0.04480111226439476
TEST_75551,0.18345138430595398
TEST_75552,0.0017141702119261026
TEST_75553,0.12466059625148773
TEST_75555,0.2389705926179886
TEST_75560,0.08304872363805771
TEST_75567,0.1366049200296402
TEST_75571,0.20532678067684174
TEST_75573,0.20332646369934082
TEST_75579,0.0031536452006548643
TEST_75581,0.17026272416114807
TEST_75584,0.0029187609907239676
TEST_75591,0.3628135919570923
TEST_75604,0.2187090665102005
TEST_75611,0.007508920039981604
TEST_75614,0.2033781111240387
TEST_75618,0.002378016011789441
TEST_75622,0.20337092876434326
TEST_75626,0.14558833837509155
TEST_75628,0.004222439136356115
TEST_75642,0.002814908279106021
TEST_75645,0.22366178035736084
TEST_75651,0.11617957800626755
TEST_75655,0.002056883880868554
TEST_75663,0.08721467852592468
TEST_75670,0.1086944192647934
TEST_75671,0.1558910310268402
TEST_75676,0.1492263823747635
TEST_75690,0.004970577545464039
TEST_75692,0.12833836674690247
TEST_75704,0.12864091992378235
TEST_75710,0.19227710366249084
TEST_75711,0.14778031408786774
TEST_75713,0.230418860912323
TEST_75728,0.10031666606664658
TEST_75741,0.14972597360610962
TEST_75743,0.19137108325958252
TEST_75747,0.1819171905517578
TEST_75748,0.15499866008758545
TEST_75750,0.12291216850280762
TEST_75755,0.0030737253837287426
TEST_75760,0.3046433627605438
TEST_75769,0.08065482974052429
TEST_75773,0.23820213973522186
TEST_75785,0.0026893459726125
TEST_75796,0.13008761405944824
TEST_75801,0.040303122252225876
TEST_75803,0.04224857687950134
TEST_75807,0.2271033525466919
TEST_75810,0.4008635878562927
TEST_75820,0.17243365943431854
TEST_75821,0.06640634685754776
TEST_75825,0.09499349445104599
TEST_75832,0.0037322661373764277
TEST_75839,0.2830725312232971
TEST_75841,0.04330632835626602
TEST_75850,0.002955599222332239
TEST_75857,0.19191305339336395
TEST_75868,0.1830693632364273
TEST_75877,0.06823946535587311
TEST_75881,0.046763624995946884
TEST_75883,0.05564292520284653
TEST_75892,0.21506895124912262
TEST_75896,0.11318916082382202
TEST_75897,0.13718408346176147
TEST_75902,0.43634873628616333
TEST_75906,0.10884909331798553
TEST_75918,0.15827158093452454
TEST_75922,0.34628745913505554
TEST_75923,0.03127732127904892
TEST_75924,0.25480514764785767
TEST_75928,0.01344098150730133
TEST_75938,0.007290932349860668
TEST_75945,0.011983213946223259
TEST_75960,0.0024846773594617844
TEST_75969,0.18598897755146027
TEST_75990,0.19403167068958282
TEST_75996,0.12019272893667221
TEST_75998,0.10881225764751434
TEST_76000,0.14456775784492493
TEST_76002,0.19926726818084717
TEST_76004,0.14905913174152374
TEST_76012,0.12945981323719025
TEST_76018,0.1578243374824524
TEST_76023,0.055821068584918976
TEST_76034,0.011616590432822704
TEST_76039,0.1229967474937439
TEST_76045,0.12146414071321487
TEST_76058,0.1733919233083725
TEST_76061,0.05446518957614899
TEST_76073,0.10492591559886932
TEST_76075,0.004896632861346006
TEST_76081,0.06764482706785202
TEST_76094,0.09483743458986282
TEST_76108,0.15443067252635956
TEST_76117,0.09609731286764145
TEST_76120,0.057733289897441864
TEST_76123,0.0024694236926734447
TEST_76131,0.09421863406896591
TEST_76139,0.20651938021183014
TEST_76145,0.01776503212749958
TEST_76147,0.1575646847486496
TEST_76158,0.18115809559822083
TEST_76172,0.1564599573612213
TEST_76176,0.17689873278141022
TEST_76185,0.10442698001861572
TEST_76186,0.16769975423812866
TEST_76190,0.10107950121164322
TEST_76194,0.1587805300951004
TEST_76203,0.09212913364171982
TEST_76204,0.24402426183223724
TEST_76205,0.0022600104566663504
TEST_76209,0.002575313439592719
TEST_76232,0.1882961392402649
TEST_76233,0.004918703343719244
TEST_76242,0.11075134575366974
TEST_76248,0.18742549419403076
TEST_76250,0.0019402182660996914
TEST_76256,0.018806055188179016
TEST_76261,0.12678036093711853
TEST_76262,0.002469604602083564
TEST_76265,0.18478864431381226
TEST_76268,0.015711447224020958
TEST_76271,0.1562695950269699
TEST_76273,0.11522592604160309
TEST_76276,0.12863034009933472
TEST_76278,0.05726822465658188
TEST_76320,0.0018308701692149043
TEST_76331,0.16048291325569153
TEST_76336,0.12021273374557495
TEST_76340,0.03926096484065056
TEST_76346,0.0023108043242245913
TEST_76350,0.11204507946968079
TEST_76354,0.19724634289741516
TEST_76355,0.1941826045513153
TEST_76357,0.22161328792572021
TEST_76362,0.20120829343795776
TEST_76363,0.012978515587747097
TEST_76372,0.045176565647125244
TEST_76378,0.22728389501571655
TEST_76379,0.00224457704462111
TEST_76389,0.20857378840446472
TEST_76390,0.004200357012450695
TEST_76392,0.047687090933322906
TEST_76406,0.17645017802715302
TEST_76407,0.00773976743221283
TEST_76411,0.1477610468864441
TEST_76418,0.1741420030593872
TEST_76422,0.024654559791088104
TEST_76430,0.1286267340183258
TEST_76445,0.10759676992893219
TEST_76446,0.13857217133045197
TEST_76447,0.12083791196346283
TEST_76449,0.1753941923379898
TEST_76451,0.18094271421432495
TEST_76453,0.10817940533161163
TEST_76463,0.0027857935056090355
TEST_76470,0.23480309545993805
TEST_76475,0.13738064467906952
TEST_76483,0.13848599791526794
TEST_76487,0.26970893144607544
TEST_76509,0.13925467431545258
TEST_76517,0.14503321051597595
TEST_76521,0.08000680804252625
TEST_76538,0.1347130537033081
TEST_76539,0.11545019596815109
TEST_76540,0.11544666439294815
TEST_76542,0.19137515127658844
TEST_76545,0.11777831614017487
TEST_76562,0.04444992542266846
TEST_76563,0.18879371881484985
TEST_76568,0.05212780460715294
TEST_76573,0.0024789359886199236
TEST_76574,0.22136327624320984
TEST_76576,0.001987013965845108
TEST_76583,0.13386280834674835
TEST_76585,0.14582236111164093
TEST_76594,0.004350324161350727
TEST_76598,0.1933753788471222
TEST_76603,0.08995816856622696
TEST_76604,0.18744996190071106
TEST_76614,0.0019210540922358632
TEST_76619,0.14471201598644257
TEST_76626,0.07530809938907623
TEST_76631,0.10159529745578766
TEST_76634,0.0030885585583746433
TEST_76635,0.020025119185447693
TEST_76639,0.19730252027511597
TEST_76644,0.20107978582382202
TEST_76647,0.4893459975719452
TEST_76653,0.08608537167310715
TEST_76655,0.15066036581993103
TEST_76657,0.11894216388463974
TEST_76665,0.1751762330532074
TEST_76670,0.14870864152908325
TEST_76687,0.09480125457048416
TEST_76689,0.0030029357876628637
TEST_76700,0.1587933748960495
TEST_76705,0.09757543355226517
TEST_76720,0.023096974939107895
TEST_76722,0.2111479789018631
TEST_76727,0.05818628892302513
TEST_76729,0.17506586015224457
TEST_76730,0.36486199498176575
TEST_76731,0.12721887230873108
TEST_76734,0.09425660222768784
TEST_76739,0.003994463477283716
TEST_76745,0.11442934721708298
TEST_76756,0.0026928484439849854
TEST_76764,0.10358993709087372
TEST_76772,0.005091162398457527
TEST_76775,0.20384247601032257
TEST_76783,0.05174332857131958
TEST_76787,0.08786212652921677
TEST_76792,0.21204593777656555
TEST_76807,0.0918559730052948
TEST_76811,0.29135897755622864
TEST_76815,0.14240358769893646
TEST_76819,0.0363779179751873
TEST_76824,0.10237687826156616
TEST_76833,0.1278662234544754
TEST_76840,0.10368336737155914
TEST_76841,0.27249523997306824
TEST_76844,0.17214272916316986
TEST_76845,0.08582550287246704
TEST_76853,0.25177550315856934
TEST_76855,0.07296595722436905
TEST_76857,0.04771806672215462
TEST_76872,0.0031655284110456705
TEST_76879,0.002501968527212739
TEST_76886,0.053052861243486404
TEST_76901,0.0031099608168005943
TEST_76904,0.12443076819181442
TEST_76905,0.15464383363723755
TEST_76906,0.45566320419311523
TEST_76910,0.08163023740053177
TEST_76926,0.06738904118537903
TEST_76932,0.17820671200752258
TEST_76936,0.17854322493076324
TEST_76941,0.245918408036232
TEST_76942,0.07883000373840332
TEST_76946,0.13250815868377686
TEST_76955,0.19043664634227753
TEST_76957,0.05787691846489906
TEST_76965,0.14355826377868652
TEST_76968,0.12031104415655136
TEST_76978,0.11809074133634567
TEST_76980,0.16528597474098206
TEST_76982,0.14387090504169464
TEST_76987,0.00388372247107327
TEST_76995,0.04582417011260986
TEST_76998,0.0829864963889122
TEST_77006,0.0070094577968120575
TEST_77015,0.07354270666837692
TEST_77019,0.29844483733177185
TEST_77020,0.12588901817798615
TEST_77028,0.09101206064224243
TEST_77031,0.034897856414318085
TEST_77033,0.047427814453840256
TEST_77044,0.08171186596155167
TEST_77062,0.0026145519223064184
TEST_77077,0.09077678620815277
TEST_77092,0.008383743464946747
TEST_77097,0.0026544833090156317
TEST_77098,0.08075779676437378
TEST_77106,0.09736267477273941
TEST_77124,0.14340420067310333
TEST_77135,0.1308280974626541
TEST_77136,0.14209657907485962
TEST_77140,0.002516027307137847
TEST_77142,0.007048236206173897
TEST_77144,0.1740311086177826
TEST_77146,0.1257265955209732
TEST_77152,0.05931690335273743
TEST_77159,0.2259443700313568
TEST_77172,0.028191499412059784
TEST_77173,0.16049949824810028
TEST_77177,0.05979286506772041
TEST_77180,0.0032841810025274754
TEST_77181,0.4621787965297699
TEST_77185,0.1612902283668518
TEST_77188,0.21902909874916077
TEST_77192,0.14442189037799835
TEST_77193,0.10595984756946564
TEST_77198,0.4000619947910309
TEST_77214,0.1980213224887848
TEST_77216,0.20088203251361847
TEST_77217,0.2410220503807068
TEST_77218,0.00315442425198853
TEST_77219,0.20470768213272095
TEST_77227,0.04543325677514076
TEST_77232,0.0024992995895445347
TEST_77234,0.0951174944639206
TEST_77241,0.2078193575143814
TEST_77245,0.24431344866752625
TEST_77249,0.040218427777290344
TEST_77250,0.39553144574165344
TEST_77251,0.004575794562697411
TEST_77254,0.13678434491157532
TEST_77259,0.17487971484661102
TEST_77266,0.0015730099985376
TEST_77269,0.20409631729125977
TEST_77278,0.33365294337272644
TEST_77290,0.45330846309661865
TEST_77306,0.028264490887522697
TEST_77310,0.002142273588106036
TEST_77314,0.2108357548713684
TEST_77322,0.05415448546409607
TEST_77325,0.1950663924217224
TEST_77326,0.19133391976356506
TEST_77331,0.14522391557693481
TEST_77340,0.0030046121682971716
TEST_77350,0.2446417361497879
TEST_77356,0.3296573758125305
TEST_77361,0.1600111871957779
TEST_77367,0.0029493742622435093
TEST_77376,0.2097017765045166
TEST_77384,0.12994851171970367
TEST_77386,0.051561832427978516
TEST_77392,0.06511938571929932
TEST_77396,0.13736648857593536
TEST_77401,0.34711015224456787
TEST_77402,0.09189475327730179
TEST_77408,0.2036106288433075
TEST_77410,0.0034268000163137913
TEST_77421,0.19714538753032684
TEST_77422,0.11326498538255692
TEST_77424,0.009159544482827187
TEST_77426,0.13252244889736176
TEST_77431,0.13274672627449036
TEST_77434,0.12839564681053162
TEST_77440,0.17582473158836365
TEST_77452,0.11856362968683243
TEST_77456,0.05578502640128136
TEST_77457,0.007848508656024933
TEST_77461,0.19780446588993073
TEST_77473,0.0020176602993160486
TEST_77474,0.09022223204374313
TEST_77482,0.08282377570867538
TEST_77486,0.2645295262336731
TEST_77492,0.16284942626953125
TEST_77496,0.002571716206148267
TEST_77499,0.12423297017812729
TEST_77522,0.13471226394176483
TEST_77526,0.006869893055409193
TEST_77531,0.0650821179151535
TEST_77532,0.16172581911087036
TEST_77540,0.13038261234760284
TEST_77546,0.11713268607854843
TEST_77556,0.10091175138950348
TEST_77557,0.0029192613437771797
TEST_77562,0.08748753368854523
TEST_77565,0.1205391138792038
TEST_77570,0.11013956367969513
TEST_77573,0.23663383722305298
TEST_77579,0.12330728024244308
TEST_77582,0.08136958628892899
TEST_77586,0.3403509855270386
TEST_77589,0.1687297224998474
TEST_77590,0.2376098334789276
TEST_77601,0.10657195001840591
TEST_77610,0.004278143402189016
TEST_77621,0.15622922778129578
TEST_77623,0.11699732393026352
TEST_77630,0.0023724776692688465
TEST_77633,0.20666295289993286
TEST_77639,0.11605439335107803
TEST_77641,0.10828998684883118
TEST_77648,0.09558387845754623
TEST_77656,0.18453094363212585
TEST_77663,0.0025452072732150555
TEST_77665,0.09022830426692963
TEST_77667,0.13393361866474152
TEST_77671,0.0670207217335701
TEST_77675,0.38598331809043884
TEST_77677,0.17136313021183014
TEST_77680,0.16240105032920837
TEST_77685,0.09393204003572464
TEST_77692,0.2105262279510498
TEST_77695,0.09684041887521744
TEST_77699,0.12779179215431213
TEST_77700,0.002267119474709034
TEST_77719,0.06647985428571701
TEST_77724,0.14460696280002594
TEST_77728,0.21255263686180115
TEST_77742,0.006600276101380587
TEST_77746,0.10809320211410522
TEST_77752,0.24750757217407227
TEST_77764,0.26229310035705566
TEST_77767,0.19938315451145172
TEST_77772,0.17302337288856506
TEST_77776,0.21315672993659973
TEST_77780,0.2697058618068695
TEST_77783,0.05650690943002701
TEST_77785,0.14122122526168823
TEST_77789,0.007654591463506222
TEST_77792,0.06641274690628052
TEST_77800,0.16176477074623108
TEST_77806,0.16769197583198547
TEST_77807,0.14782686531543732
TEST_77815,0.020500676706433296
TEST_77822,0.22056974470615387
TEST_77825,0.2645338773727417
TEST_77827,0.10175049304962158
TEST_77836,0.055189669132232666
TEST_77843,0.18467535078525543
TEST_77845,0.06204358488321304
TEST_77846,0.1186182051897049
TEST_77848,0.25626277923583984
TEST_77850,0.11460017412900925
TEST_77857,0.12001500278711319
TEST_77858,0.25404754281044006
TEST_77859,0.10786217451095581
TEST_77860,0.12143423408269882
TEST_77863,0.07908397167921066
TEST_77866,0.05348443239927292
TEST_77871,0.2079373002052307
TEST_77874,0.1663612723350525
TEST_77883,0.06263814121484756
TEST_77893,0.07770980149507523
TEST_77899,0.09878275543451309
TEST_77903,0.09370048344135284
TEST_77913,0.11343352496623993
TEST_77922,0.14910732209682465
TEST_77932,0.056279703974723816
TEST_77941,0.11012709885835648
TEST_77945,0.07879118621349335
TEST_77947,0.002362858736887574
TEST_77948,0.002935604425147176
TEST_77954,0.0675661563873291
TEST_77955,0.23982203006744385
TEST_77956,0.18553750216960907
TEST_77957,0.0029697378631681204
TEST_77962,0.032941967248916626
TEST_77963,0.007733476348221302
TEST_77984,0.14862492680549622
TEST_77986,0.30515146255493164
TEST_77988,0.15934021770954132
TEST_77994,0.12985177338123322
TEST_78002,0.16633985936641693
TEST_78007,0.17441630363464355
TEST_78023,0.0035822109784930944
TEST_78033,0.18313774466514587
TEST_78049,0.2622899115085602
TEST_78066,0.09733353555202484
TEST_78085,0.19412566721439362
TEST_78086,0.15392106771469116
TEST_78095,0.13700494170188904
TEST_78109,0.11094808578491211
TEST_78110,0.12682874500751495
TEST_78112,0.002342988969758153
TEST_78114,0.2020801454782486
TEST_78121,0.054255273193120956
TEST_78126,0.1358443796634674
TEST_78128,0.0033062861766666174
TEST_78133,0.003035022411495447
TEST_78134,0.1205688863992691
TEST_78135,0.00265991291962564
TEST_78136,0.15594884753227234
TEST_78137,0.1800197809934616
TEST_78140,0.29164808988571167
TEST_78142,0.04640531167387962
TEST_78148,0.05762958526611328
TEST_78158,0.07582510262727737
TEST_78171,0.15980824828147888
TEST_78172,0.20701180398464203
TEST_78178,0.0039041326381266117
TEST_78186,0.05343862250447273
TEST_78190,0.1342800408601761
TEST_78192,0.10278473794460297
TEST_78194,0.1983974575996399
TEST_78203,0.19431473314762115
TEST_78210,0.19338993728160858
TEST_78213,0.11032421141862869
TEST_78214,0.12792208790779114
TEST_78216,0.19649574160575867
TEST_78217,0.003318603616207838
TEST_78222,0.24812276661396027
TEST_78226,0.002861163578927517
TEST_78229,0.010571976192295551
TEST_78233,0.15630024671554565
TEST_78234,0.0850660651922226
TEST_78237,0.06202710419893265
TEST_78238,0.02325475588440895
TEST_78250,0.06763032078742981
TEST_78260,0.0029143686406314373
TEST_78269,0.21520587801933289
TEST_78271,0.18805266916751862
TEST_78276,0.077694833278656
TEST_78291,0.1580626517534256
TEST_78298,0.16217480599880219
TEST_78299,0.1792108416557312
TEST_78307,0.17632627487182617
TEST_78324,0.004763415083289146
TEST_78339,0.19873696565628052
TEST_78340,0.19245633482933044
TEST_78342,0.0018299221992492676
TEST_78350,0.13318899273872375
TEST_78357,0.08136670291423798
TEST_78361,0.002215007785707712
TEST_78367,0.17513585090637207
TEST_78370,0.11634781211614609
TEST_78372,0.14560091495513916
TEST_78384,0.2511099576950073
TEST_78389,0.10461854189634323
TEST_78393,0.1829805076122284
TEST_78395,0.10007059574127197
TEST_78398,0.17910932004451752
TEST_78410,0.14526331424713135
TEST_78419,0.23412910103797913
TEST_78426,0.09801328182220459
TEST_78428,0.010429113171994686
TEST_78431,0.2109169214963913
TEST_78434,0.1088128536939621
TEST_78435,0.01776503212749958
TEST_78436,0.1355801373720169
TEST_78453,0.09446191787719727
TEST_78468,0.1936202049255371
TEST_78470,0.03700929135084152
TEST_78476,0.2239917814731598
TEST_78488,0.0029451879672706127
TEST_78494,0.19152091443538666
TEST_78500,0.3663807511329651
TEST_78504,0.10641424357891083
TEST_78505,0.1263624131679535
TEST_78512,0.1328381896018982
TEST_78528,0.21610333025455475
TEST_78530,0.05478057637810707
TEST_78533,0.21176692843437195
TEST_78534,0.1636294275522232
TEST_78541,0.04394659772515297
TEST_78544,0.19892504811286926
TEST_78561,0.15618379414081573
TEST_78581,0.03929657116532326
TEST_78582,0.10992127656936646
TEST_78583,0.08753031492233276
TEST_78589,0.2112186998128891
TEST_78591,0.046642836183309555
TEST_78593,0.13896740972995758
TEST_78602,0.18139952421188354
TEST_78605,0.1674998253583908
TEST_78609,0.003263794118538499
TEST_78610,0.11866829544305801
TEST_78613,0.10639707744121552
TEST_78617,0.14195577800273895
TEST_78618,0.22269383072853088
TEST_78633,0.1677609384059906
TEST_78635,0.028780069202184677
TEST_78637,0.19003841280937195
TEST_78641,0.13642698526382446
TEST_78650,0.07609260827302933
TEST_78657,0.12537921965122223
TEST_78664,0.17327716946601868
TEST_78676,0.39658376574516296
TEST_78684,0.05926758795976639
TEST_78687,0.15458598732948303
TEST_78689,0.15708811581134796
TEST_78696,0.19159621000289917
TEST_78709,0.10623789578676224
TEST_78713,0.08995483815670013
TEST_78716,0.002751612337306142
TEST_78720,0.18117959797382355
TEST_78724,0.1127452701330185
TEST_78728,0.12909844517707825
TEST_78745,0.15776701271533966
TEST_78748,0.06068951636552811
TEST_78753,0.23563897609710693
TEST_78761,0.1790779083967209
TEST_78773,0.0030105719342827797
TEST_78779,0.17372149229049683
TEST_78794,0.1066216379404068
TEST_78797,0.11412274092435837
TEST_78799,0.18944051861763
TEST_78801,0.15582242608070374
TEST_78803,0.3290366530418396
TEST_78805,0.18501634895801544
TEST_78819,0.0036817025393247604
TEST_78821,0.2734881639480591
TEST_78823,0.10160832107067108
TEST_78825,0.18360461294651031
TEST_78828,0.05265307053923607
TEST_78837,0.028695542365312576
TEST_78838,0.2010417878627777
TEST_78842,0.1737525314092636
TEST_78850,0.003181798616424203
TEST_78857,0.1525496542453766
TEST_78858,0.11273873597383499
TEST_78882,0.18878594040870667
TEST_78883,0.0045265634544193745
TEST_78885,0.1132354885339737
TEST_78887,0.07781162858009338
TEST_78888,0.1191248744726181
TEST_78899,0.03700929135084152
TEST_78902,0.29279935359954834
TEST_78914,0.1031174585223198
TEST_78919,0.04829118773341179
TEST_78920,0.23982641100883484
TEST_78921,0.2085483968257904
TEST_78927,0.2132776975631714
TEST_78933,0.002360499696806073
TEST_78940,0.10018201917409897
TEST_78944,0.2922281324863434
TEST_78945,0.07987772673368454
TEST_78946,0.14977534115314484
TEST_78952,0.166266068816185
TEST_78965,0.13225491344928741
TEST_78967,0.5115185976028442
TEST_78971,0.14664728939533234
TEST_78982,0.25434744358062744
TEST_78992,0.04878486320376396
TEST_78996,0.03501078858971596
TEST_79010,0.06761210411787033
TEST_79011,0.0028588532004505396
TEST_79013,0.19532142579555511
TEST_79014,0.17482209205627441
TEST_79016,0.05492318794131279
TEST_79017,0.006946035660803318
TEST_79026,0.001819856814108789
TEST_79032,0.25299376249313354
TEST_79033,0.0018924720352515578
TEST_79041,0.06382258981466293
TEST_79048,0.002931423019617796
TEST_79058,0.13651758432388306
TEST_79062,0.1327991783618927
TEST_79065,0.08164940029382706
TEST_79066,0.11030220985412598
TEST_79072,0.002144630067050457
TEST_79080,0.0031925770454108715
TEST_79100,0.40891385078430176
TEST_79111,0.12125738710165024
TEST_79131,0.002709159627556801
TEST_79133,0.06438621133565903
TEST_79135,0.052227601408958435
TEST_79137,0.00257589272223413
TEST_79144,0.10022327303886414
TEST_79161,0.11166790127754211
TEST_79167,0.0020304813515394926
TEST_79175,0.08827489614486694
TEST_79178,0.05455347150564194
TEST_79180,0.003253607079386711
TEST_79187,0.18759116530418396
TEST_79188,0.11038821935653687
TEST_79189,0.17049413919448853
TEST_79191,0.1509132981300354
TEST_79193,0.20335842669010162
TEST_79197,0.09548287093639374
TEST_79204,0.13340610265731812
TEST_79211,0.27897804975509644
TEST_79214,0.08965931832790375
TEST_79218,0.050655096769332886
TEST_79243,0.26581162214279175
TEST_79248,0.05662301927804947
TEST_79249,0.11395800858736038
TEST_79253,0.07997041940689087
TEST_79254,0.22071434557437897
TEST_79257,0.1598227620124817
TEST_79260,0.14179950952529907
TEST_79261,0.04873692989349365
TEST_79266,0.0030737253837287426
TEST_79268,0.28352320194244385
TEST_79272,0.0032500026281923056
TEST_79280,0.09619943797588348
TEST_79289,0.18327784538269043
TEST_79292,0.13333217799663544
TEST_79302,0.14695364236831665
TEST_79303,0.12099768221378326
TEST_79315,0.3321671783924103
TEST_79317,0.0070999059826135635
TEST_79326,0.06409598886966705
TEST_79333,0.10351429879665375
TEST_79339,0.12217042595148087
TEST_79356,0.32372450828552246
TEST_79358,0.04684467613697052
TEST_79359,0.05202627182006836
TEST_79364,0.21754984557628632
TEST_79376,0.18351173400878906
TEST_79389,0.32551583647727966
TEST_79391,0.0018123156623914838
TEST_79392,0.1504383683204651
TEST_79417,0.19627824425697327
TEST_79418,0.19127489626407623
TEST_79419,0.05332178249955177
TEST_79424,0.11745692789554596
TEST_79433,0.014523282647132874
TEST_79434,0.2541620433330536
TEST_79437,0.1440245658159256
TEST_79439,0.16508729755878448
TEST_79454,0.0034569574054330587
TEST_79455,0.05864860862493515
TEST_79466,0.14399005472660065
TEST_79473,0.13469940423965454
TEST_79476,0.0789685770869255
TEST_79483,0.0917138084769249
TEST_79488,0.08899541944265366
TEST_79489,0.14741088449954987
TEST_79498,0.16943401098251343
TEST_79501,0.20178575813770294
TEST_79505,0.04386761412024498
TEST_79509,0.1626064032316208
TEST_79510,0.04624189808964729
TEST_79511,0.04986055940389633
TEST_79515,0.0025375746190547943
TEST_79518,0.1882934868335724
TEST_79533,0.15267567336559296
TEST_79543,0.19822897017002106
TEST_79544,0.0443134680390358
TEST_79546,0.15673522651195526
TEST_79551,0.03861748427152634
TEST_79553,0.003443464171141386
TEST_79554,0.33538883924484253
TEST_79558,0.23930051922798157
TEST_79574,0.1171003133058548
TEST_79585,0.06367743760347366
TEST_79596,0.15896116197109222
TEST_79598,0.00487825321033597
TEST_79603,0.08451321721076965
TEST_79605,0.22241602838039398
TEST_79606,0.1995968520641327
TEST_79612,0.05040428414940834
TEST_79616,0.17014789581298828
TEST_79622,0.0516478531062603
TEST_79623,0.13169313967227936
TEST_79630,0.16142523288726807
TEST_79635,0.2178850919008255
TEST_79636,0.10001319646835327
TEST_79649,0.15245887637138367
TEST_79655,0.18287396430969238
TEST_79667,0.20256350934505463
TEST_79672,0.1897207498550415
TEST_79674,0.047840267419815063
TEST_79676,0.08706016093492508
TEST_79678,0.19853854179382324
TEST_79679,0.10557331144809723
TEST_79704,0.1425362080335617
TEST_79705,0.12165499478578568
TEST_79714,0.12105630338191986
TEST_79720,0.13609395921230316
TEST_79724,0.002066917484626174
TEST_79726,0.17357730865478516
TEST_79727,0.06786031275987625
TEST_79740,0.11030898988246918
TEST_79741,0.15251338481903076
TEST_79743,0.05256475880742073
TEST_79747,0.15617714822292328
TEST_79750,0.05890309438109398
TEST_79752,0.02328205108642578
TEST_79758,0.17568093538284302
TEST_79764,0.0022781675215810537
TEST_79767,0.1350538283586502
TEST_79768,0.12570366263389587
TEST_79771,0.03828515112400055
TEST_79776,0.10515537858009338
TEST_79780,0.19926072657108307
TEST_79787,0.0029006910044699907
TEST_79796,0.0019660694524645805
TEST_79800,0.21262308955192566
TEST_79805,0.08574295043945312
TEST_79809,0.16247691214084625
TEST_79815,0.23750928044319153
TEST_79816,0.006048607639968395
TEST_79817,0.052617091685533524
TEST_79821,0.08293884247541428
TEST_79823,0.11804690957069397
TEST_79832,0.11117018759250641
TEST_79835,0.0022774278186261654
TEST_79836,0.002204106654971838
TEST_79853,0.12243449687957764
TEST_79854,0.1582496464252472
TEST_79862,0.22895120084285736
TEST_79864,0.003095736727118492
TEST_79867,0.14537230134010315
TEST_79869,0.08943817019462585
TEST_79870,0.12401740252971649
TEST_79872,0.3282638490200043
TEST_79878,0.04796450212597847
TEST_79887,0.0017935603391379118
TEST_79903,0.004826100543141365
TEST_79912,0.2070930153131485
TEST_79917,0.010008912533521652
TEST_79922,0.1841973066329956
TEST_79928,0.004349060356616974
TEST_79930,0.11150893568992615
TEST_79937,0.16373442113399506
TEST_79940,0.3417266607284546
TEST_79944,0.1227530986070633
TEST_79956,0.24213045835494995
TEST_79961,0.1112200915813446
TEST_79966,0.1811528503894806
TEST_79968,0.07677201181650162
TEST_79973,0.0645829439163208
TEST_79975,0.052713386714458466
TEST_79976,0.0710487961769104
TEST_79977,0.1410258710384369
TEST_79993,0.08149895071983337
TEST_80001,0.25132930278778076
TEST_80003,0.03560282289981842
TEST_80004,0.1716163009405136
TEST_80015,0.11763331294059753
TEST_80018,0.05506977438926697
TEST_80025,0.11037833988666534
TEST_80035,0.1243215799331665
TEST_80036,0.05721933767199516
TEST_80038,0.002144505036994815
TEST_80042,0.17052686214447021
TEST_80044,0.12138379365205765
TEST_80048,0.1925944834947586
TEST_80051,0.14872097969055176
TEST_80052,0.012134566903114319
TEST_80057,0.10933556407690048
TEST_80059,0.20277678966522217
TEST_80065,0.21658942103385925
TEST_80073,0.09776617586612701
TEST_80076,0.0031955591402947903
TEST_80091,0.14691117405891418
TEST_80099,0.21662133932113647
TEST_80104,0.18613417446613312
TEST_80106,0.16269879043102264
TEST_80107,0.05270998924970627
TEST_80110,0.003396308980882168
TEST_80112,0.15138383209705353
TEST_80116,0.0036885763984173536
TEST_80122,0.17804503440856934
TEST_80130,0.006768145132809877
TEST_80134,0.002927313558757305
TEST_80138,0.08136621117591858
TEST_80144,0.007788437884300947
TEST_80146,0.15509368479251862
TEST_80152,0.08301708102226257
TEST_80163,0.05621492117643356
TEST_80167,0.17107976973056793
TEST_80170,0.25300902128219604
TEST_80176,0.0026900439988821745
TEST_80181,0.2628563642501831
TEST_80182,0.10194531828165054
TEST_80187,0.23229746520519257
TEST_80190,0.03984501585364342
TEST_80210,0.207830548286438
TEST_80214,0.1524324119091034
TEST_80216,0.1251051425933838
TEST_80218,0.0022212890908122063
TEST_80224,0.15810400247573853
TEST_80232,0.006161959376186132
TEST_80235,0.0026661043521016836
TEST_80240,0.00219279108569026
TEST_80241,0.2997109591960907
TEST_80242,0.0030007970053702593
TEST_80244,0.20931090414524078
TEST_80245,0.0025688756722956896
TEST_80249,0.002544522052630782
TEST_80254,0.13023178279399872
TEST_80257,0.03903767094016075
TEST_80259,0.2276395559310913
TEST_80262,0.00831956509500742
TEST_80264,0.1091245710849762
TEST_80274,0.006080806255340576
TEST_80280,0.005028321407735348
TEST_80294,0.2547520697116852
TEST_80299,0.1726449579000473
TEST_80306,0.03344446048140526
TEST_80308,0.05020865052938461
TEST_80309,0.11302118748426437
TEST_80312,0.00279088132083416
TEST_80316,0.002808074001222849
TEST_80318,0.12168058753013611
TEST_80319,0.18720681965351105
TEST_80326,0.00246423133648932
TEST_80328,0.14454519748687744
TEST_80341,0.11192122846841812
TEST_80342,0.04863807186484337
TEST_80349,0.1448553502559662
TEST_80357,0.16222037374973297
TEST_80362,0.15340475738048553
TEST_80372,0.002895703073590994
TEST_80379,0.10899119079113007
TEST_80381,0.10202648490667343
TEST_80392,0.15490999817848206
TEST_80396,0.004623145796358585
TEST_80398,0.1397528201341629
TEST_80399,0.05184956640005112
TEST_80403,0.14236126840114594
TEST_80406,0.13452182710170746
TEST_80422,0.002678605495020747
TEST_80425,0.12680113315582275
TEST_80431,0.07553184032440186
TEST_80450,0.3128430247306824
TEST_80453,0.14525768160820007
TEST_80460,0.09746277332305908
TEST_80462,0.002821143716573715
TEST_80466,0.22581937909126282
TEST_80477,0.04495149105787277
TEST_80483,0.21646933257579803
TEST_80484,0.40523970127105713
TEST_80485,0.04657600075006485
TEST_80489,0.3162563741207123
TEST_80492,0.1442386507987976
TEST_80495,0.12291057407855988
TEST_80501,0.1294877976179123
TEST_80505,0.11701484769582748
TEST_80506,0.09595236927270889
TEST_80513,0.1467215120792389
TEST_80527,0.21549952030181885
TEST_80528,0.10921359807252884
TEST_80533,0.21237708628177643
TEST_80536,0.008726131170988083
TEST_80544,0.19585999846458435
TEST_80546,0.1474258303642273
TEST_80548,0.1287044882774353
TEST_80551,0.0039411745965480804
TEST_80552,0.12222003191709518
TEST_80569,0.205000102519989
TEST_80579,0.05819997191429138
TEST_80583,0.0017215736443176866
TEST_80586,0.1969805657863617
TEST_80592,0.10761749744415283
TEST_80600,0.10677193105220795
TEST_80602,0.002398670418187976
TEST_80611,0.0019960857462137938
TEST_80612,0.17779147624969482
TEST_80615,0.15079182386398315
TEST_80621,0.06376796960830688
TEST_80629,0.0020954208448529243
TEST_80632,0.05362703651189804
TEST_80638,0.07294075191020966
TEST_80639,0.22029520571231842
TEST_80640,0.004912673961371183
TEST_80641,0.2684788107872009
TEST_80642,0.13668140769004822
TEST_80657,0.005717235151678324
TEST_80658,0.08668676018714905
TEST_80669,0.0833812952041626
TEST_80671,0.17835941910743713
TEST_80674,0.13378815352916718
TEST_80676,0.042025960981845856
TEST_80678,0.002785512013360858
TEST_80679,0.293149471282959
TEST_80680,0.20771083235740662
TEST_80681,0.005593981593847275
TEST_80686,0.14097334444522858
TEST_80691,0.04174460843205452
TEST_80697,0.16404205560684204
TEST_80700,0.2652466595172882
TEST_80718,0.14785471558570862
TEST_80722,0.11732572317123413
TEST_80730,0.03903767094016075
TEST_80737,0.13088540732860565
TEST_80742,0.2539575397968292
TEST_80746,0.22701610624790192
TEST_80748,0.21890877187252045
TEST_80752,0.12271709740161896
TEST_80758,0.2175895869731903
TEST_80767,0.004323407541960478
TEST_80772,0.1444973200559616
TEST_80784,0.14819052815437317
TEST_80786,0.037947144359350204
TEST_80795,0.06711345165967941
TEST_80796,0.19327688217163086
TEST_80804,0.2516058087348938
TEST_80806,0.00521811144426465
TEST_80810,0.10699909180402756
TEST_80813,0.12201809883117676
TEST_80826,0.10762223601341248
TEST_80829,0.21382980048656464
TEST_80834,0.057000935077667236
TEST_80837,0.12576824426651
TEST_80846,0.0020161853171885014
TEST_80857,0.04809735342860222
TEST_80859,0.16988995671272278
TEST_80862,0.07874977588653564
TEST_80871,0.18683642148971558
TEST_80879,0.1613893359899521
TEST_80882,0.18514114618301392
TEST_80900,0.3418765664100647
TEST_80901,0.16820083558559418
TEST_80910,0.005383091047406197
TEST_80911,0.061972253024578094
TEST_80916,0.13200244307518005
TEST_80919,0.1156565472483635
TEST_80927,0.045266084372997284
TEST_80928,0.04950625076889992
TEST_80931,0.17875580489635468
TEST_80935,0.19311228394508362
TEST_80940,0.32317206263542175
TEST_80941,0.1440102607011795
TEST_80955,0.1809854507446289
TEST_80962,0.004284742753952742
TEST_80965,0.0020579423289746046
TEST_80966,0.19087398052215576
TEST_80977,0.047956205904483795
TEST_80982,0.08982542902231216
TEST_80983,0.2075936198234558
TEST_80984,0.1872478723526001
TEST_80986,0.17492568492889404
TEST_80988,0.001873345929197967
TEST_80999,0.0027873555663973093
TEST_81010,0.15315966308116913
TEST_81016,0.21135243773460388
TEST_81021,0.19336065649986267
TEST_81022,0.0024426754098385572
TEST_81025,0.13767662644386292
TEST_81029,0.07302408665418625
TEST_81033,0.0036806100979447365
TEST_81043,0.039011385291814804
TEST_81044,0.1052786260843277
TEST_81045,0.04631417989730835
TEST_81046,0.053320739418268204
TEST_81054,0.0025840362068265676
TEST_81064,0.2893295884132385
TEST_81070,0.277174711227417
TEST_81073,0.12591812014579773
TEST_81081,0.18552300333976746
TEST_81092,0.1408129185438156
TEST_81107,0.08962561190128326
TEST_81109,0.0032133106142282486
TEST_81112,0.04688931256532669
TEST_81121,0.14123612642288208
TEST_81123,0.003962803166359663
TEST_81128,0.36483442783355713
TEST_81129,0.14729627966880798
TEST_81131,0.19534660875797272
TEST_81134,0.16833212971687317
TEST_81137,0.004531787242740393
TEST_81141,0.008944829925894737
TEST_81143,0.10097882896661758
TEST_81146,0.00690421462059021
TEST_81156,0.2362762838602066
TEST_81164,0.1309189647436142
TEST_81165,0.13624295592308044
TEST_81166,0.13040904700756073
TEST_81171,0.0028731042984873056
TEST_81175,0.19525064527988434
TEST_81180,0.15180419385433197
TEST_81188,0.23424379527568817
TEST_81202,0.3967112600803375
TEST_81212,0.12053784728050232
TEST_81216,0.04616422951221466
TEST_81221,0.1496194303035736
TEST_81227,0.11821459233760834
TEST_81232,0.21745583415031433
TEST_81233,0.30837854743003845
TEST_81236,0.004851824138313532
TEST_81238,0.0024379955139011145
TEST_81244,0.015038185752928257
TEST_81249,0.002817536238580942
TEST_81255,0.16534054279327393
TEST_81261,0.14815565943717957
TEST_81262,0.15837855637073517
TEST_81269,0.12618909776210785
TEST_81271,0.05766366794705391
TEST_81281,0.0045776208862662315
TEST_81284,0.0033587603829801083
TEST_81286,0.19571107625961304
TEST_81294,0.16677838563919067
TEST_81299,0.16388507187366486
TEST_81322,0.12359966337680817
TEST_81324,0.3044733703136444
TEST_81329,0.08198802173137665
TEST_81332,0.004454568959772587
TEST_81334,0.24221733212471008
TEST_81335,0.001566888066008687
TEST_81345,0.2616489827632904
TEST_81348,0.1384107917547226
TEST_81355,0.14109866321086884
TEST_81358,0.16156062483787537
TEST_81365,0.15917149186134338
TEST_81378,0.17343614995479584
TEST_81385,0.10283869504928589
TEST_81386,0.19869878888130188
TEST_81400,0.2109169214963913
TEST_81401,0.1861591935157776
TEST_81403,0.005254270043224096
TEST_81406,0.16116130352020264
TEST_81407,0.0028077466413378716
TEST_81408,0.003056730143725872
TEST_81421,0.19489583373069763
TEST_81429,0.3074515163898468
TEST_81433,0.15642522275447845
TEST_81444,0.1448383331298828
TEST_81451,0.13883179426193237
TEST_81456,0.3476211428642273
TEST_81461,0.05457105115056038
TEST_81467,0.0037061807233840227
TEST_81473,0.0028637219220399857
TEST_81477,0.12128965556621552
TEST_81486,0.13506953418254852
TEST_81488,0.0786653533577919
TEST_81498,0.18450459837913513
TEST_81503,0.04682791605591774
TEST_81508,0.10983776301145554
TEST_81516,0.2047259509563446
TEST_81520,0.19460326433181763
TEST_81526,0.3317497670650482
TEST_81536,0.1430620700120926
TEST_81537,0.05134335160255432
TEST_81545,0.0028853798285126686
TEST_81566,0.17671622335910797
TEST_81567,0.13952890038490295
TEST_81569,0.11125534027814865
TEST_81571,0.20554900169372559
TEST_81577,0.14480473101139069
TEST_81591,0.12842217087745667
TEST_81598,0.06930003315210342
TEST_81600,0.15912336111068726
TEST_81603,0.1720864325761795
TEST_81606,0.035230156034231186
TEST_81607,0.00229770690202713
TEST_81611,0.10475818812847137
TEST_81616,0.14802345633506775
TEST_81617,0.04796263948082924
TEST_81621,0.310538649559021
TEST_81624,0.1921413540840149
TEST_81627,0.1862906515598297
TEST_81631,0.19188621640205383
TEST_81651,0.0488470122218132
TEST_81657,0.20979923009872437
TEST_81660,0.29186075925827026
TEST_81674,0.1471892148256302
TEST_81675,0.1327611804008484
TEST_81677,0.09320840239524841
TEST_81678,0.0029082896653562784
TEST_81682,0.20513451099395752
TEST_81688,0.1457323431968689
TEST_81689,0.07778479903936386
TEST_81691,0.002769476966932416
TEST_81699,0.002636656863614917
TEST_81700,0.0020661468151956797
TEST_81707,0.0032305156346410513
TEST_81710,0.1929442435503006
TEST_81719,0.002482927404344082
TEST_81721,0.08004681020975113
TEST_81722,0.12895672023296356
TEST_81758,0.02138635143637657
TEST_81762,0.19281968474388123
TEST_81766,0.13460031151771545
TEST_81769,0.15867482125759125
TEST_81773,0.24748660624027252
TEST_81775,0.2289762794971466
TEST_81777,0.002973368391394615
TEST_81780,0.1628071814775467
TEST_81781,0.24563364684581757
TEST_81782,0.05455882474780083
TEST_81786,0.12802159786224365
TEST_81787,0.21787630021572113
TEST_81789,0.00477235671132803
TEST_81791,0.0035855674650520086
TEST_81798,0.20272326469421387
TEST_81799,0.07602614909410477
TEST_81814,0.13460993766784668
TEST_81816,0.07790347188711166
TEST_81817,0.3150428235530853
TEST_81821,0.230312317609787
TEST_81824,0.1331176608800888
TEST_81829,0.007970807142555714
TEST_81833,0.0025145732797682285
TEST_81834,0.10893163084983826
TEST_81839,0.1084468811750412
TEST_81840,0.0023454027250409126
TEST_81842,0.24854591488838196
TEST_81848,0.10350662469863892
TEST_81849,0.11719982326030731
TEST_81856,0.08307032287120819
TEST_81857,0.10531282424926758
TEST_81861,0.05205383896827698
TEST_81864,0.04948244243860245
TEST_81868,0.10391680151224136
TEST_81876,0.15109935402870178
TEST_81878,0.26492831110954285
TEST_81880,0.03068345971405506
TEST_81885,0.047512833029031754
TEST_81886,0.1251794695854187
TEST_81892,0.08712891489267349
TEST_81912,0.17925900220870972
TEST_81913,0.10984096676111221
TEST_81919,0.18934085965156555
TEST_81920,0.055272869765758514
TEST_81921,0.138376846909523
TEST_81930,0.19370630383491516
TEST_81933,0.13231123983860016
TEST_81935,0.12873056530952454
TEST_81937,0.15152354538440704
TEST_81938,0.2292715460062027
TEST_81940,0.12774346768856049
TEST_81942,0.11004078388214111
TEST_81943,0.002560898195952177
TEST_81965,0.15083178877830505
TEST_81971,0.11770826578140259
TEST_81974,0.11701865494251251
TEST_81980,0.1401495337486267
TEST_81989,0.3104085326194763
TEST_81990,0.07534077018499374
TEST_81996,0.09949805587530136
TEST_82004,0.1859993189573288
TEST_82009,0.18602272868156433
TEST_82012,0.004494335502386093
TEST_82013,0.056022752076387405
TEST_82014,0.10178600251674652
TEST_82015,0.002240732777863741
TEST_82016,0.002581002889201045
TEST_82020,0.19565246999263763
TEST_82023,0.21524092555046082
TEST_82024,0.19874455034732819
TEST_82026,0.1456805169582367
TEST_82027,0.11189079284667969
TEST_82031,0.16885390877723694
TEST_82039,0.17822295427322388
TEST_82042,0.09801328182220459
TEST_82047,0.1929551661014557
TEST_82049,0.12262901663780212
TEST_82050,0.0783860981464386
TEST_82051,0.249084010720253
TEST_82054,0.11710967123508453
TEST_82060,0.0026002961676567793
TEST_82067,0.0321379080414772
TEST_82069,0.11408331245183945
TEST_82071,0.072138711810112
TEST_82075,0.10700340569019318
TEST_82077,0.10566611588001251
TEST_82081,0.09762353450059891
TEST_82088,0.1366472691297531
TEST_82092,0.002440926618874073
TEST_82096,0.3039475083351135
TEST_82103,0.03960847854614258
TEST_82104,0.10382121801376343
TEST_82106,0.10308472812175751
TEST_82109,0.22180290520191193
TEST_82124,0.0028373049572110176
TEST_82125,0.18923252820968628
TEST_82127,0.18887187540531158
TEST_82130,0.18920500576496124
TEST_82131,0.18747103214263916
TEST_82134,0.11708775907754898
TEST_82154,0.0025565417017787695
TEST_82157,0.22492730617523193
TEST_82159,0.1547371745109558
TEST_82168,0.1105208620429039
TEST_82174,0.1101977527141571
TEST_82175,0.14524807035923004
TEST_82177,0.2625789940357208
TEST_82178,0.1636400818824768
TEST_82181,0.11168576031923294
TEST_82186,0.07388803362846375
TEST_82188,0.22712090611457825
TEST_82189,0.003944247029721737
TEST_82195,0.005374360829591751
TEST_82197,0.09497779607772827
TEST_82198,0.10644938051700592
TEST_82213,0.005934071261435747
TEST_82216,0.005064524710178375
TEST_82222,0.18324671685695648
TEST_82239,0.04756835848093033
TEST_82243,0.29356247186660767
TEST_82253,0.0024593507405370474
TEST_82261,0.21270622313022614
TEST_82262,0.1335250735282898
TEST_82263,0.11219008266925812
TEST_82267,0.002205468947067857
TEST_82269,0.002727883867919445
TEST_82271,0.2447999268770218
TEST_82277,0.08268097043037415
TEST_82278,0.002502611605450511
TEST_82288,0.002844225149601698
TEST_82290,0.1428661197423935
TEST_82299,0.21455620229244232
TEST_82308,0.2319348156452179
TEST_82314,0.07215898483991623
TEST_82323,0.1011393740773201
TEST_82326,0.13274919986724854
TEST_82336,0.19319391250610352
TEST_82342,0.3078238368034363
TEST_82343,0.12805986404418945
TEST_82344,0.15698012709617615
TEST_82347,0.11049041152000427
TEST_82352,0.00250929850153625
TEST_82354,0.1974470615386963
TEST_82356,0.16224808990955353
TEST_82371,0.1062876358628273
TEST_82373,0.08515758812427521
TEST_82384,0.07286632806062698
TEST_82385,0.1482977569103241
TEST_82386,0.030430708080530167
TEST_82391,0.21892628073692322
TEST_82392,0.06382566690444946
TEST_82395,0.002696744166314602
TEST_82396,0.1255854219198227
TEST_82410,0.0030219615437090397
TEST_82414,0.1960562765598297
TEST_82427,0.11067182570695877
TEST_82428,0.19504736363887787
TEST_82434,0.2517640292644501
TEST_82436,0.16931338608264923
TEST_82440,0.10547415167093277
TEST_82449,0.05355244129896164
TEST_82453,0.004461253527551889
TEST_82456,0.053543608635663986
TEST_82460,0.007373664062470198
TEST_82462,0.186531201004982
TEST_82463,0.08381800353527069
TEST_82468,0.12880612909793854
TEST_82469,0.1956484615802765
TEST_82476,0.07874440401792526
TEST_82488,0.0034061498008668423
TEST_82494,0.07907698303461075
TEST_82499,0.25825873017311096
TEST_82500,0.23760196566581726
TEST_82502,0.003656854620203376
TEST_82513,0.05146339163184166
TEST_82518,0.06384144723415375
TEST_82520,0.38806048035621643
TEST_82522,0.06847536563873291
TEST_82532,0.0029773360583931208
TEST_82534,0.24083077907562256
TEST_82543,0.18002551794052124
TEST_82551,0.15002191066741943
TEST_82552,0.16933955252170563
TEST_82555,0.1128339022397995
TEST_82561,0.002341850660741329
TEST_82566,0.19407442212104797
TEST_82568,0.03267688676714897
TEST_82575,0.1240638718008995
TEST_82577,0.14968115091323853
TEST_82582,0.10885017365217209
TEST_82583,0.15989820659160614
TEST_82592,0.2656804919242859
TEST_82594,0.0028002525214105844
TEST_82603,0.09813093394041061
TEST_82606,0.3080357313156128
TEST_82621,0.12477414309978485
TEST_82629,0.03854713961482048
TEST_82632,0.17280186712741852
TEST_82634,0.24028271436691284
TEST_82635,0.1416149139404297
TEST_82641,0.40567371249198914
TEST_82654,0.2198084145784378
TEST_82655,0.12463164329528809
TEST_82657,0.2968256175518036
TEST_82660,0.12929798662662506
TEST_82677,0.20399601757526398
TEST_82681,0.004049992188811302
TEST_82688,0.07921559363603592
TEST_82690,0.010535698384046555
TEST_82693,0.16576944291591644
TEST_82694,0.09876034408807755
TEST_82696,0.19661065936088562
TEST_82714,0.14401397109031677
TEST_82723,0.19483935832977295
TEST_82743,0.08192089945077896
TEST_82745,0.002125504892319441
TEST_82752,0.15424014627933502
TEST_82770,0.15456727147102356
TEST_82771,0.09415748715400696
TEST_82772,0.14151909947395325
TEST_82773,0.012592572718858719
TEST_82780,0.049451734870672226
TEST_82787,0.26621755957603455
TEST_82789,0.04157128557562828
TEST_82790,0.1803952157497406
TEST_82791,0.1769024133682251
TEST_82802,0.11203039437532425
TEST_82803,0.0033643802162259817
TEST_82810,0.2405596673488617
TEST_82815,0.13629812002182007
TEST_82818,0.18294306099414825
TEST_82823,0.12917107343673706
TEST_82826,0.03300505876541138
TEST_82842,0.10920350253582001
TEST_82846,0.126058429479599
TEST_82866,0.017380814999341965
TEST_82870,0.037897802889347076
TEST_82876,0.0029305622447282076
TEST_82878,0.0025576420594006777
TEST_82881,0.205309197306633
TEST_82890,0.07218184322118759
TEST_82897,0.0028315712697803974
TEST_82898,0.05193487927317619
TEST_82899,0.007847518660128117
TEST_82903,0.10466741025447845
TEST_82907,0.2131616771221161
TEST_82911,0.07946737855672836
TEST_82914,0.06889601796865463
TEST_82915,0.19041721522808075
TEST_82919,0.2371096909046173
TEST_82921,0.34369418025016785
TEST_82922,0.21685658395290375
TEST_82926,0.1908796727657318
TEST_82927,0.004568466916680336
TEST_82935,0.1411377489566803
TEST_82941,0.11577880382537842
TEST_82952,0.0024513876996934414
TEST_82958,0.08726006001234055
TEST_82959,0.10052715986967087
TEST_82962,0.165785014629364
TEST_82987,0.005108110141009092
TEST_82993,0.1888878047466278
TEST_82995,0.07270770519971848
TEST_82997,0.16023115813732147
TEST_83002,0.1418408453464508
TEST_83008,0.002795890672132373
TEST_83011,0.2405957728624344
TEST_83024,0.10847605019807816
TEST_83025,0.19676685333251953
TEST_83032,0.20815172791481018
TEST_83033,0.09809009730815887
TEST_83037,0.2013271301984787
TEST_83038,0.10261999815702438
TEST_83039,0.10455350577831268
TEST_83043,0.2808477282524109
TEST_83045,0.10993809998035431
TEST_83055,0.11893773078918457
TEST_83061,0.12107288092374802
TEST_83080,0.2013685554265976
TEST_83092,0.19692137837409973
TEST_83094,0.20396745204925537
TEST_83099,0.14960530400276184
TEST_83107,0.24989472329616547
TEST_83111,0.1752403825521469
TEST_83115,0.18587537109851837
TEST_83116,0.1587369740009308
TEST_83126,0.4179573953151703
TEST_83139,0.25306135416030884
TEST_83140,0.07365553826093674
TEST_83144,0.0021820515394210815
TEST_83157,0.1806935966014862
TEST_83158,0.13341295719146729
TEST_83167,0.0037194034084677696
TEST_83170,0.1402546465396881
TEST_83177,0.26038292050361633
TEST_83179,0.1841052770614624
TEST_83180,0.10304273664951324
TEST_83187,0.09787802398204803
TEST_83194,0.05039455369114876
TEST_83201,0.13157789409160614
TEST_83203,0.004076398443430662
TEST_83206,0.10588022321462631
TEST_83213,0.14440730214118958
TEST_83215,0.12744833528995514
TEST_83218,0.1018495261669159
TEST_83226,0.18646052479743958
TEST_83228,0.1632692813873291
TEST_83241,0.003938236273825169
TEST_83248,0.11001104861497879
TEST_83249,0.00568306352943182
TEST_83253,0.2212671935558319
TEST_83264,0.36760732531547546
TEST_83267,0.10658541321754456
TEST_83268,0.0766194686293602
TEST_83281,0.23347419500350952
TEST_83289,0.2600540220737457
TEST_83300,0.19167190790176392
TEST_83301,0.15509584546089172
TEST_83307,0.026953687891364098
TEST_83311,0.00508627574890852
TEST_83316,0.10738685727119446
TEST_83324,0.2148084044456482
TEST_83326,0.25722751021385193
TEST_83331,0.15131792426109314
TEST_83337,0.19336099922657013
TEST_83341,0.07305757701396942
TEST_83344,0.002825320465490222
TEST_83349,0.07097043097019196
TEST_83350,0.1853819340467453
TEST_83354,0.0033797998912632465
TEST_83374,0.00284319999627769
TEST_83377,0.1257539987564087
TEST_83386,0.1572088897228241
TEST_83394,0.002053591888397932
TEST_83400,0.12057854980230331
TEST_83406,0.004174803849309683
TEST_83411,0.2039002776145935
TEST_83413,0.10612957924604416
TEST_83423,0.0019871995318681
TEST_83427,0.0025040837936103344
TEST_83431,0.14599955081939697
TEST_83435,0.12542246282100677
TEST_83439,0.0034996643662452698
TEST_83444,0.1374998837709427
TEST_83446,0.0034290351904928684
TEST_83453,0.003898071590811014
TEST_83461,0.09741678833961487
TEST_83467,0.03284408897161484
TEST_83472,0.04570545628666878
TEST_83473,0.0025789656210690737
TEST_83481,0.04137823358178139
TEST_83485,0.11350777745246887
TEST_83494,0.23654070496559143
TEST_83497,0.11933209002017975
TEST_83498,0.04321901500225067
TEST_83511,0.10072965174913406
TEST_83514,0.2876700460910797
TEST_83516,0.003718636929988861
TEST_83524,0.10387469828128815
TEST_83527,0.18263855576515198
TEST_83532,0.06547228246927261
TEST_83549,0.22353105247020721
TEST_83554,0.0024826661683619022
TEST_83561,0.2758715748786926
TEST_83566,0.05940920114517212
TEST_83570,0.21114182472229004
TEST_83572,0.0020785059314221144
TEST_83576,0.01140053290873766
TEST_83596,0.10639621317386627
TEST_83598,0.08347419649362564
TEST_83603,0.34797078371047974
TEST_83604,0.12115395814180374
TEST_83615,0.14873579144477844
TEST_83618,0.11435119807720184
TEST_83622,0.2930009365081787
TEST_83628,0.003157061757519841
TEST_83631,0.11794961988925934
TEST_83632,0.2061014175415039
TEST_83635,0.0020102104172110558
TEST_83638,0.007757058832794428
TEST_83650,0.05776325613260269
TEST_83660,0.001744368695653975
TEST_83666,0.044841498136520386
TEST_83667,0.1848689466714859
TEST_83668,0.14369380474090576
TEST_83670,0.13167428970336914
TEST_83675,0.13228675723075867
TEST_83676,0.19545480608940125
TEST_83684,0.20029687881469727
TEST_83685,0.280160516500473
TEST_83691,0.19172431528568268
TEST_83693,0.11067400127649307
TEST_83700,0.12986281514167786
TEST_83702,0.1801239550113678
TEST_83705,0.043751344084739685
TEST_83708,0.055251527577638626
TEST_83723,0.19975274801254272
TEST_83724,0.12167274951934814
TEST_83734,0.15543726086616516
TEST_83747,0.3508737087249756
TEST_83751,0.13998965919017792
TEST_83752,0.007080428302288055
TEST_83757,0.08634595572948456
TEST_83763,0.13913428783416748
TEST_83775,0.12840524315834045
TEST_83781,0.1411425769329071
TEST_83785,0.09429922699928284
TEST_83801,0.12790916860103607
TEST_83802,0.05717366561293602
TEST_83806,0.1305358111858368
TEST_83807,0.077596016228199
TEST_83808,0.00216007512062788
TEST_83812,0.11418695747852325
TEST_83816,0.002038552425801754
TEST_83823,0.04362793266773224
TEST_83833,0.04345535486936569
TEST_83836,0.12216560542583466
TEST_83842,0.0742669329047203
TEST_83852,0.10987386107444763
TEST_83855,0.16595441102981567
TEST_83857,0.05026353895664215
TEST_83862,0.2663268744945526
TEST_83863,0.1139979138970375
TEST_83872,0.10104748606681824
TEST_83890,0.10859115421772003
TEST_83899,0.14063715934753418
TEST_83911,0.1032615378499031
TEST_83913,0.05451902002096176
TEST_83918,0.15019743144512177
TEST_83921,0.31109634041786194
TEST_83924,0.24875594675540924
TEST_83925,0.005831329617649317
TEST_83929,0.14976513385772705
TEST_83930,0.003384653478860855
TEST_83931,0.12229204177856445
TEST_83940,0.04649850353598595
TEST_83944,0.23508614301681519
TEST_83947,0.1162944808602333
TEST_83948,0.0040379916317760944
TEST_83951,0.234364315867424
TEST_83958,0.10703911632299423
TEST_83959,0.18678227066993713
TEST_83960,0.1942078173160553
TEST_83964,0.00633812602609396
TEST_83965,0.10170771926641464
TEST_83971,0.0027272820007056
TEST_83986,0.046924423426389694
TEST_83993,0.004447818733751774
TEST_84001,0.007496790494769812
TEST_84005,0.18284538388252258
TEST_84006,0.15464717149734497
TEST_84014,0.21554957330226898
TEST_84018,0.004323592875152826
TEST_84032,0.15583035349845886
TEST_84033,0.11168085783720016
TEST_84039,0.004857141524553299
TEST_84042,0.19380757212638855
TEST_84045,0.034475136548280716
TEST_84047,0.13517944514751434
TEST_84050,0.09096265584230423
TEST_84055,0.14453063905239105
TEST_84059,0.20008225739002228
TEST_84064,0.07670123130083084
TEST_84068,0.07115359604358673
TEST_84071,0.0029280688613653183
TEST_84078,0.054849427193403244
TEST_84080,0.002976740477606654
TEST_84084,0.0031423023901879787
TEST_84085,0.35725507140159607
TEST_84092,0.0041267042979598045
TEST_84094,0.08762814849615097
TEST_84099,0.1344454288482666
TEST_84121,0.05182638764381409
TEST_84123,0.14595280587673187
TEST_84127,0.16888082027435303
TEST_84132,0.00430280389264226
TEST_84133,0.14999890327453613
TEST_84135,0.12382939457893372
TEST_84136,0.1543779820203781
TEST_84143,0.13681264221668243
TEST_84152,0.1692981868982315
TEST_84157,0.006651563569903374
TEST_84161,0.11130843311548233
TEST_84162,0.13051240146160126
TEST_84166,0.11170556396245956
TEST_84184,0.07641823589801788
TEST_84199,0.002606491092592478
TEST_84203,0.1791929006576538
TEST_84206,0.0025860313326120377
TEST_84212,0.04731342941522598
TEST_84220,0.22137704491615295
TEST_84221,0.16343188285827637
TEST_84222,0.23244032263755798
TEST_84224,0.037459034472703934
TEST_84229,0.1386338621377945
TEST_84234,0.16693143546581268
TEST_84243,0.12908461689949036
TEST_84254,0.23785758018493652
TEST_84261,0.05028866231441498
TEST_84263,0.2838156223297119
TEST_84267,0.026227017864584923
TEST_84283,0.46224600076675415
TEST_84288,0.12801732122898102
TEST_84299,0.5393828749656677
TEST_84302,0.0028232864569872618
TEST_84304,0.004705648869276047
TEST_84305,0.1204700767993927
TEST_84307,0.2946479022502899
TEST_84310,0.116663858294487
TEST_84323,0.05324450880289078
TEST_84352,0.17012591660022736
TEST_84355,0.0023025241680443287
TEST_84362,0.14080142974853516
TEST_84365,0.27596622705459595
TEST_84369,0.26454344391822815
TEST_84380,0.18540209531784058
TEST_84382,0.0025592835154384375
TEST_84387,0.3188794255256653
TEST_84388,0.2144179791212082
TEST_84390,0.21009664237499237
TEST_84394,0.20274436473846436
TEST_84401,0.10398370772600174
TEST_84408,0.0019314069068059325
TEST_84412,0.14085768163204193
TEST_84413,0.0023142481222748756
TEST_84416,0.0803186446428299
TEST_84424,0.11942745745182037
TEST_84432,0.003010421758517623
TEST_84441,0.1216837540268898
TEST_84442,0.09511424601078033
TEST_84448,0.08436731994152069
TEST_84451,0.0021464857272803783
TEST_84454,0.20138463377952576
TEST_84455,0.12140609323978424
TEST_84468,0.10684077441692352
TEST_84469,0.14956992864608765
TEST_84489,0.36772650480270386
TEST_84494,0.11200408637523651
TEST_84496,0.0805189311504364
TEST_84512,0.10830139368772507
TEST_84519,0.24305281043052673
TEST_84524,0.14099711179733276
TEST_84536,0.08236023038625717
TEST_84543,0.1679920107126236
TEST_84544,0.12994757294654846
TEST_84550,0.19695912301540375
TEST_84564,0.15129157900810242
TEST_84570,0.12528544664382935
TEST_84572,0.0073764207772910595
TEST_84581,0.06285478919744492
TEST_84586,0.04382961988449097
TEST_84587,0.07952051609754562
TEST_84588,0.12156356871128082
TEST_84591,0.1654428243637085
TEST_84595,0.045176949352025986
TEST_84601,0.08543916791677475
TEST_84605,0.0017373969312757254
TEST_84610,0.16053350269794464
TEST_84618,0.25423285365104675
TEST_84624,0.20487573742866516
TEST_84633,0.08331286907196045
TEST_84636,0.007749115116894245
TEST_84641,0.00288240984082222
TEST_84644,0.1023370698094368
TEST_84649,0.025335606187582016
TEST_84652,0.004555967636406422
TEST_84653,0.11856463551521301
TEST_84655,0.08851300925016403
TEST_84656,0.11509917676448822
TEST_84667,0.16179803013801575
TEST_84672,0.19375306367874146
TEST_84673,0.14502596855163574
TEST_84681,0.0857899934053421
TEST_84683,0.17560656368732452
TEST_84685,0.005095979198813438
TEST_84686,0.01484600268304348
TEST_84698,0.004605453461408615
TEST_84700,0.15300539135932922
TEST_84708,0.13655222952365875
TEST_84715,0.4372120201587677
TEST_84729,0.24778687953948975
TEST_84731,0.18767960369586945
TEST_84737,0.04340151324868202
TEST_84741,0.18603070080280304
TEST_84743,0.12484751641750336
TEST_84745,0.04644160345196724
TEST_84758,0.003642431925982237
TEST_84777,0.10584338754415512
TEST_84778,0.11770264059305191
TEST_84790,0.027640335261821747
TEST_84803,0.11328241229057312
TEST_84808,0.2254135012626648
TEST_84814,0.14494705200195312
TEST_84819,0.21642093360424042
TEST_84820,0.04506929963827133
TEST_84822,0.00269628525711596
TEST_84833,0.13935689628124237
TEST_84839,0.0797044038772583
TEST_84841,0.1949426680803299
TEST_84846,0.19859817624092102
TEST_84849,0.1743781864643097
TEST_84850,0.1050051897764206
TEST_84857,0.204427108168602
TEST_84871,0.2015485018491745
TEST_84878,0.31594419479370117
TEST_84881,0.08557163923978806
TEST_84886,0.002027408452704549
TEST_84889,0.2372703105211258
TEST_84890,0.004492403473705053
TEST_84901,0.1433432698249817
TEST_84902,0.1891152262687683
TEST_84907,0.2171287089586258
TEST_84915,0.11832026392221451
TEST_84916,0.049983296543359756
TEST_84960,0.0019140980439260602
TEST_84962,0.12628072500228882
TEST_84963,0.1589985191822052
TEST_84967,0.21350987255573273
TEST_84972,0.08053414523601532
TEST_84975,0.004424344282597303
TEST_84989,0.002239951631054282
TEST_84991,0.16328434646129608
TEST_84997,0.1983853131532669
TEST_85003,0.10210920870304108
TEST_85009,0.052968814969062805
TEST_85010,0.08144638687372208
TEST_85023,0.07846947759389877
TEST_85026,0.16315598785877228
TEST_85032,0.32021185755729675
TEST_85048,0.10173778980970383
TEST_85061,0.0032738661393523216
TEST_85071,0.008429473266005516
TEST_85076,0.09750961512327194
TEST_85085,0.09099540114402771
TEST_85086,0.002596975537016988
TEST_85092,0.1386929601430893
TEST_85094,0.0022474518045783043
TEST_85096,0.07066614180803299
TEST_85103,0.2930263578891754
TEST_85107,0.36166343092918396
TEST_85113,0.0023711267858743668
TEST_85115,0.206597238779068
TEST_85119,0.04338325187563896
TEST_85120,0.0019889245741069317
TEST_85125,0.048565346747636795
TEST_85129,0.15742574632167816
TEST_85130,0.201725035905838
TEST_85132,0.057160891592502594
TEST_85134,0.2021593451499939
TEST_85137,0.15487869083881378
TEST_85138,0.3454287052154541
TEST_85141,0.17313309013843536
TEST_85142,0.30241164565086365
TEST_85143,0.07038434594869614
TEST_85151,0.1591533124446869
TEST_85155,0.24492333829402924
TEST_85156,0.10397489368915558
TEST_85163,0.006529124453663826
TEST_85169,0.003901225747540593
TEST_85185,0.10266471654176712
TEST_85186,0.15721511840820312
TEST_85190,0.12526312470436096
TEST_85195,0.12813988327980042
TEST_85196,0.11845984309911728
TEST_85202,0.1911204755306244
TEST_85222,0.07784945517778397
TEST_85223,0.12035819888114929
TEST_85228,0.11918067932128906
TEST_85229,0.0032450652215629816
TEST_85234,0.12231490761041641
TEST_85237,0.1349390596151352
TEST_85244,0.0021249400451779366
TEST_85251,0.08237572759389877
TEST_85253,0.007242521271109581
TEST_85261,0.08711672574281693
TEST_85266,0.22751279175281525
TEST_85271,0.10596718639135361
TEST_85272,0.019676217809319496
TEST_85280,0.25373372435569763
TEST_85281,0.04640677571296692
TEST_85282,0.045777998864650726
TEST_85291,0.047103408724069595
TEST_85296,0.006912223994731903
TEST_85305,0.168053537607193
TEST_85317,0.03082222491502762
TEST_85321,0.1369684934616089
TEST_85334,0.006724114529788494
TEST_85336,0.2194792926311493
TEST_85338,0.002460070187225938
TEST_85343,0.0024817322846502066
TEST_85351,0.11348819732666016
TEST_85362,0.14307284355163574
TEST_85364,0.085508331656456
TEST_85388,0.056732334196567535
TEST_85397,0.09918621182441711
TEST_85398,0.33434709906578064
TEST_85399,0.052351560443639755
TEST_85404,0.19495736062526703
TEST_85410,0.05797892063856125
TEST_85416,0.16512826085090637
TEST_85417,0.04642868787050247
TEST_85421,0.3125028610229492
TEST_85426,0.21613401174545288
TEST_85432,0.002562964102253318
TEST_85444,0.015474636107683182
TEST_85449,0.009156004525721073
TEST_85458,0.24624910950660706
TEST_85460,0.15648619830608368
TEST_85464,0.11039518564939499
TEST_85468,0.049505989998579025
TEST_85475,0.04662419855594635
TEST_85479,0.0030575538985431194
TEST_85489,0.06687117367982864
TEST_85500,0.08464647084474564
TEST_85517,0.3873446583747864
TEST_85518,0.11305169761180878
TEST_85519,0.0026192700024694204
TEST_85532,0.12195274978876114
TEST_85559,0.11794523894786835
TEST_85561,0.3276887536048889
TEST_85569,0.0024376618675887585
TEST_85573,0.04520544037222862
TEST_85575,0.17789790034294128
TEST_85577,0.05955200642347336
TEST_85582,0.07427088171243668
TEST_85588,0.04393512383103371
TEST_85591,0.21886254847049713
TEST_85593,0.20658597350120544
TEST_85594,0.1402139961719513
TEST_85607,0.1528138965368271
TEST_85608,0.0023314591962844133
TEST_85609,0.26611655950546265
TEST_85612,0.07672979682683945
TEST_85614,0.17732574045658112
TEST_85616,0.12530644237995148
TEST_85621,0.04679396003484726
TEST_85633,0.002190954051911831
TEST_85637,0.10696063935756683
TEST_85641,0.004532239865511656
TEST_85642,0.15311802923679352
TEST_85649,0.04850035905838013
TEST_85654,0.08294844627380371
TEST_85655,0.23383301496505737
TEST_85657,0.24974387884140015
TEST_85659,0.1767643392086029
TEST_85661,0.028463764116168022
TEST_85679,0.028695780783891678
TEST_85680,0.1208362802863121
TEST_85690,0.19395026564598083
TEST_85697,0.0028245151042938232
TEST_85703,0.1640385091304779
TEST_85704,0.12861257791519165
TEST_85707,0.0036679385229945183
TEST_85710,0.0021458177361637354
TEST_85713,0.004613654222339392
TEST_85717,0.0019134648609906435
TEST_85728,0.1171000748872757
TEST_85729,0.1939663290977478
TEST_85737,0.11038333922624588
TEST_85751,0.2247779369354248
TEST_85752,0.03893003985285759
TEST_85753,0.0020788328256458044
TEST_85764,0.04690025746822357
TEST_85774,0.003956991247832775
TEST_85775,0.004955438431352377
TEST_85777,0.20025037229061127
TEST_85782,0.1873658448457718
TEST_85788,0.005001381505280733
TEST_85791,0.14175745844841003
TEST_85795,0.1221434473991394
TEST_85807,0.14336083829402924
TEST_85808,0.15383529663085938
TEST_85814,0.054109059274196625
TEST_85817,0.09855520725250244
TEST_85821,0.1633807271718979
TEST_85827,0.053616590797901154
TEST_85850,0.15597611665725708
TEST_85852,0.2641826868057251
TEST_85853,0.25797614455223083
TEST_85859,0.08258949965238571
TEST_85868,0.14783000946044922
TEST_85871,0.11557558923959732
TEST_85875,0.09712138772010803
TEST_85878,0.16859328746795654
TEST_85879,0.18262772262096405
TEST_85880,0.16498050093650818
TEST_85889,0.003107444616034627
TEST_85892,0.14278902113437653
TEST_85897,0.28387343883514404
TEST_85906,0.0521535761654377
TEST_85916,0.05623764544725418
TEST_85924,0.23404283821582794
TEST_85926,0.13783077895641327
TEST_85927,0.0030722112860530615
TEST_85933,0.06678389012813568
TEST_85940,0.2097502052783966
TEST_85941,0.2133270651102066
TEST_85952,0.22759509086608887
TEST_85990,0.1302713006734848
TEST_85998,0.1677349954843521
TEST_85999,0.0019007842056453228
TEST_86000,0.055942971259355545
TEST_86006,0.19454552233219147
TEST_86015,0.05045558139681816
TEST_86029,0.0508202388882637
TEST_86030,0.31739678978919983
TEST_86035,0.006371959112584591
TEST_86036,0.0498548187315464
TEST_86037,0.10287312418222427
TEST_86040,0.18514484167099
TEST_86056,0.13631154596805573
TEST_86058,0.1945231407880783
TEST_86061,0.18767112493515015
TEST_86062,0.18748119473457336
TEST_86073,0.0654446929693222
TEST_86080,0.0963006392121315
TEST_86087,0.004824250005185604
TEST_86088,0.11616266518831253
TEST_86096,0.07501254230737686
TEST_86098,0.14637871086597443
TEST_86105,0.002623038599267602
TEST_86114,0.11183855682611465
TEST_86132,0.10722072422504425
TEST_86134,0.11717519909143448
TEST_86140,0.004626901354640722
TEST_86146,0.0026391656138002872
TEST_86151,0.0484580397605896
TEST_86168,0.2925301194190979
TEST_86174,0.002674337476491928
TEST_86176,0.11226836591959
TEST_86180,0.05453643202781677
TEST_86185,0.11461511254310608
TEST_86187,0.13527840375900269
TEST_86196,0.07991598546504974
TEST_86199,0.001598523580469191
TEST_86208,0.0017122395802289248
TEST_86225,0.004843436181545258
TEST_86233,0.10965438932180405
TEST_86251,0.0032462377566844225
TEST_86254,0.003154396777972579
TEST_86274,0.1450822353363037
TEST_86277,0.24614784121513367
TEST_86279,0.0867614895105362
TEST_86284,0.15274302661418915
TEST_86286,0.04345548897981644
TEST_86297,0.003429919248446822
TEST_86306,0.09778574109077454
TEST_86307,0.20738562941551208
TEST_86313,0.11322763562202454
TEST_86319,0.0020005577243864536
TEST_86324,0.26815345883369446
TEST_86327,0.20051665604114532
TEST_86332,0.1431373953819275
TEST_86338,0.0260004960000515
TEST_86340,0.07445121556520462
TEST_86356,0.1753315031528473
TEST_86358,0.18043911457061768
TEST_86361,0.14457426965236664
TEST_86362,0.39148545265197754
TEST_86364,0.14490067958831787
TEST_86365,0.0502098985016346
TEST_86366,0.05021753907203674
TEST_86373,0.125701442360878
TEST_86377,0.005171280819922686
TEST_86381,0.039305180311203
TEST_86385,0.10975939780473709
TEST_86391,0.18731819093227386
TEST_86397,0.19434532523155212
TEST_86398,0.10819803178310394
TEST_86403,0.12229502201080322
TEST_86404,0.14651644229888916
TEST_86405,0.23580589890480042
TEST_86414,0.11810347437858582
TEST_86416,0.016843285411596298
TEST_86419,0.13560566306114197
TEST_86420,0.037897802889347076
TEST_86424,0.19708801805973053
TEST_86425,0.27353811264038086
TEST_86426,0.13043473660945892
TEST_86430,0.004655111115425825
TEST_86435,0.003082040697336197
TEST_86439,0.05422777310013771
TEST_86442,0.006791411899030209
TEST_86449,0.046509236097335815
TEST_86464,0.045214228332042694
TEST_86471,0.13293680548667908
TEST_86474,0.002723693149164319
TEST_86477,0.09548115730285645
TEST_86481,0.24517761170864105
TEST_86486,0.1985185295343399
TEST_86497,0.18731704354286194
TEST_86500,0.0040457285940647125
TEST_86501,0.002626413945108652
TEST_86503,0.2100014090538025
TEST_86507,0.13408544659614563
TEST_86509,0.3339069187641144
TEST_86512,0.3235737085342407
TEST_86513,0.07863704860210419
TEST_86515,0.13614879548549652
TEST_86518,0.19241280853748322
TEST_86526,0.008028913289308548
TEST_86528,0.16701653599739075
TEST_86542,0.2389025092124939
TEST_86544,0.1510799080133438
TEST_86548,0.002383915241807699
TEST_86550,0.20495104789733887
TEST_86551,0.17965951561927795
TEST_86552,0.14467968046665192
TEST_86558,0.0653717964887619
TEST_86562,0.004835274536162615
TEST_86572,0.11905317008495331
TEST_86577,0.002002574736252427
TEST_86589,0.27995026111602783
TEST_86592,0.07856594771146774
TEST_86595,0.13079801201820374
TEST_86604,0.20256292819976807
TEST_86610,0.19608071446418762
TEST_86615,0.20114627480506897
TEST_86617,0.14737451076507568
TEST_86620,0.1530216932296753
TEST_86626,0.002854613121598959
TEST_86639,0.3461689352989197
TEST_86641,0.004826397635042667
TEST_86650,0.14674368500709534
TEST_86656,0.043794214725494385
TEST_86657,0.14263392984867096
TEST_86662,0.04742509871721268
TEST_86667,0.14339390397071838
TEST_86679,0.12712524831295013
TEST_86681,0.12111983448266983
TEST_86692,0.08302850276231766
TEST_86696,0.1575656533241272
TEST_86700,0.06466098129749298
TEST_86702,0.17495794594287872
TEST_86713,0.22480669617652893
TEST_86717,0.16528724133968353
TEST_86720,0.04668975993990898
TEST_86723,0.1654011607170105
TEST_86726,0.003002865705639124
TEST_86730,0.07706840336322784
TEST_86736,0.1483357697725296
TEST_86737,0.2219173163175583
TEST_86739,0.22552336752414703
TEST_86750,0.13618071377277374
TEST_86762,0.0391281321644783
TEST_86772,0.15554818511009216
TEST_86783,0.025188591331243515
TEST_86800,0.10288655757904053
TEST_86806,0.19794121384620667
TEST_86809,0.12971432507038116
TEST_86816,0.12099727243185043
TEST_86818,0.0037316696252673864
TEST_86823,0.11294149607419968
TEST_86824,0.029620656743645668
TEST_86837,0.0850779265165329
TEST_86842,0.19137489795684814
TEST_86843,0.07546583563089371
TEST_86846,0.05189554765820503
TEST_86847,0.002334339777007699
TEST_86859,0.1366366446018219
TEST_86860,0.05348912626504898
TEST_86863,0.09929730743169785
TEST_86864,0.1525530070066452
TEST_86866,0.2309446930885315
TEST_86870,0.0026978047098964453
TEST_86871,0.22895203530788422
TEST_86874,0.05662260949611664
TEST_86884,0.1324596256017685
TEST_86885,0.3932364284992218
TEST_86890,0.0545344352722168
TEST_86893,0.2640158534049988
TEST_86910,0.4114181101322174
TEST_86919,0.002159826923161745
TEST_86921,0.31383273005485535
TEST_86923,0.09153810143470764
TEST_86927,0.0023464567493647337
TEST_86928,0.20673540234565735
TEST_86930,0.30413299798965454
TEST_86933,0.06370547413825989
TEST_86939,0.0058257621712982655
TEST_86940,0.004826989024877548
TEST_86947,0.0025593338068574667
TEST_86956,0.06986205279827118
TEST_86962,0.08263994753360748
TEST_86966,0.12910382449626923
TEST_86972,0.3344021439552307
TEST_86973,0.12034931033849716
TEST_86981,0.26989081501960754
TEST_87000,0.13157662749290466
TEST_87002,0.16461220383644104
TEST_87005,0.09425043314695358
TEST_87006,0.13411444425582886
TEST_87007,0.06612446904182434
TEST_87010,0.0019129776628687978
TEST_87018,0.13889966905117035
TEST_87038,0.08211300522089005
TEST_87044,0.18454909324645996
TEST_87045,0.17160429060459137
TEST_87046,0.10606899857521057
TEST_87058,0.004328381270170212
TEST_87062,0.1891818642616272
TEST_87067,0.15311703085899353
TEST_87072,0.07823944091796875
TEST_87092,0.04500792920589447
TEST_87096,0.16433082520961761
TEST_87099,0.043655313551425934
TEST_87101,0.10457812249660492
TEST_87106,0.002331965137273073
TEST_87109,0.0988415777683258
TEST_87117,0.13505502045154572
TEST_87120,0.00181676191277802
TEST_87137,0.05687346309423447
TEST_87140,0.0019369766814634204
TEST_87142,0.1806500256061554
TEST_87146,0.16669084131717682
TEST_87148,0.11383594572544098
TEST_87151,0.19244466722011566
TEST_87152,0.18739035725593567
TEST_87163,0.0027437976095825434
TEST_87166,0.11117809265851974
TEST_87177,0.025068534538149834
TEST_87190,0.00284324842505157
TEST_87204,0.19709639251232147
TEST_87217,0.10643041133880615
TEST_87219,0.11040778458118439
TEST_87221,0.24715909361839294
TEST_87225,0.18270595371723175
TEST_87233,0.1102360337972641
TEST_87238,0.04922909289598465
TEST_87244,0.24449686706066132
TEST_87251,0.003016123780980706
TEST_87253,0.14746737480163574
TEST_87258,0.08037787675857544
TEST_87260,0.046915821731090546
TEST_87261,0.1040717139840126
TEST_87263,0.06087655574083328
TEST_87269,0.1242334172129631
TEST_87272,0.010959334671497345
TEST_87273,0.04957839101552963
TEST_87288,0.13634748756885529
TEST_87298,0.054183002561330795
TEST_87306,0.002279715146869421
TEST_87312,0.24052181839942932
TEST_87314,0.004792131949216127
TEST_87316,0.0835491418838501
TEST_87318,0.04659811407327652
TEST_87341,0.19462965428829193
TEST_87350,0.05635233595967293
TEST_87355,0.1852683424949646
TEST_87357,0.1704070270061493
TEST_87368,0.10864923894405365
TEST_87374,0.05478052794933319
TEST_87384,0.13929805159568787
TEST_87392,0.0033841149415820837
TEST_87395,0.12658977508544922
TEST_87398,0.18951788544654846
TEST_87407,0.14120280742645264
TEST_87419,0.12049815058708191
TEST_87420,0.004323407541960478
TEST_87424,0.05761034041643143
TEST_87427,0.009182197041809559
TEST_87428,0.10774455964565277
TEST_87432,0.15493668615818024
TEST_87433,0.19945034384727478
TEST_87439,0.002919314196333289
TEST_87441,0.06046083942055702
TEST_87451,0.005229854956269264
TEST_87452,0.1997757852077484
TEST_87454,0.11213582754135132
TEST_87464,0.004660403821617365
TEST_87472,0.05547080188989639
TEST_87480,0.08997195959091187
TEST_87486,0.2623262107372284
TEST_87500,0.02678113803267479
TEST_87501,0.13135594129562378
TEST_87509,0.13820967078208923
TEST_87511,0.16229307651519775
TEST_87564,0.1277250498533249
TEST_87565,0.18125218152999878
TEST_87568,0.12922783195972443
TEST_87572,0.14687708020210266
TEST_87576,0.1460820585489273
TEST_87596,0.05525887757539749
TEST_87599,0.13666756451129913
TEST_87603,0.1534796804189682
TEST_87606,0.116446353495121
TEST_87607,0.11864882707595825
TEST_87618,0.10086557269096375
TEST_87621,0.23134562373161316
TEST_87624,0.12528324127197266
TEST_87625,0.17714299261569977
TEST_87629,0.04669054225087166
TEST_87631,0.1303679347038269
TEST_87634,0.29124295711517334
TEST_87639,0.15544870495796204
TEST_87640,0.1245451420545578
TEST_87647,0.1229686290025711
TEST_87653,0.08480822294950485
TEST_87654,0.04926704615354538
TEST_87655,0.2375427931547165
TEST_87659,0.22694262862205505
TEST_87660,0.002820510882884264
TEST_87663,0.1741045117378235
TEST_87674,0.09342199563980103
TEST_87679,0.10549595206975937
TEST_87682,0.1332457959651947
TEST_87699,0.11998122185468674
TEST_87710,0.14003655314445496
TEST_87711,0.09781807661056519
TEST_87712,0.08679227530956268
TEST_87730,0.15470409393310547
TEST_87731,0.10805574059486389
TEST_87732,0.07675525546073914
TEST_87736,0.40119704604148865
TEST_87737,0.1525663435459137
TEST_87738,0.0026058154180645943
TEST_87752,0.17131197452545166
TEST_87761,0.015380612574517727
TEST_87767,0.1589248925447464
TEST_87773,0.11417167633771896
TEST_87778,0.23663826286792755
TEST_87788,0.11902663111686707
TEST_87792,0.003598838346078992
TEST_87793,0.18680310249328613
TEST_87799,0.055696528404951096
TEST_87802,0.14238837361335754
TEST_87803,0.04398725554347038
TEST_87804,0.0030372377950698137
TEST_87806,0.32464176416397095
TEST_87810,0.0020056855864822865
TEST_87814,0.08229720592498779
TEST_87825,0.3592538833618164
TEST_87830,0.0022728010080754757
TEST_87831,0.09737762808799744
TEST_87832,0.13246102631092072
TEST_87836,0.002633055206388235
TEST_87839,0.003302908968180418
TEST_87841,0.003008901374414563
TEST_87851,0.14781099557876587
TEST_87873,0.04678022861480713
TEST_87877,0.08086591958999634
TEST_87879,0.04992407187819481
TEST_87885,0.0038105123676359653
TEST_87886,0.16724488139152527
TEST_87887,0.004244481213390827
TEST_87890,0.24685156345367432
TEST_87905,0.008322603069245815
TEST_87910,0.23233911395072937
TEST_87939,0.12203401327133179
TEST_87942,0.04259362444281578
TEST_87946,0.1527545005083084
TEST_87949,0.1254434585571289
TEST_87974,0.00518829794600606
TEST_87977,0.05645928904414177
TEST_87985,0.17413479089736938
TEST_87991,0.0870242789387703
TEST_87998,0.101910799741745
TEST_88001,0.004697003867477179
TEST_88003,0.09993091225624084
TEST_88005,0.002556265564635396
TEST_88007,0.16243554651737213
TEST_88021,0.11057975888252258
TEST_88022,0.17387685179710388
TEST_88023,0.054425932466983795
TEST_88024,0.011810759082436562
TEST_88025,0.04936107248067856
TEST_88027,0.2260567545890808
TEST_88028,0.13799527287483215
TEST_88029,0.0037296717055141926
TEST_88031,0.11501187086105347
TEST_88043,0.07564885914325714
TEST_88052,0.08922049403190613
TEST_88054,0.006758558098226786
TEST_88056,0.2121949940919876
TEST_88061,0.18045251071453094
TEST_88062,0.024828683584928513
TEST_88063,0.018515879288315773
TEST_88065,0.14726881682872772
TEST_88069,0.058596789836883545
TEST_88081,0.0020841897930949926
TEST_88091,0.13812638819217682
TEST_88094,0.09465549886226654
TEST_88097,0.11648891866207123
TEST_88109,0.1084265261888504
TEST_88114,0.12286148965358734
TEST_88117,0.0023282216861844063
TEST_88125,0.11485867202281952
TEST_88128,0.00277382112108171
TEST_88130,0.11133858561515808
TEST_88139,0.00423143757507205
TEST_88140,0.1515890657901764
TEST_88149,0.1436890810728073
TEST_88165,0.07232453674077988
TEST_88170,0.11815683543682098
TEST_88172,0.12865355610847473
TEST_88176,0.18837802112102509
TEST_88181,0.18204008042812347
TEST_88186,0.23921732604503632
TEST_88192,0.11216387152671814
TEST_88193,0.12138128280639648
TEST_88195,0.004853826481848955
TEST_88199,0.0979854017496109
TEST_88200,0.23474738001823425
TEST_88210,0.28502798080444336
TEST_88212,0.2883792519569397
TEST_88214,0.029979873448610306
TEST_88218,0.002850322751328349
TEST_88227,0.30725371837615967
TEST_88228,0.05667569488286972
TEST_88231,0.05891947075724602
TEST_88233,0.24388502538204193
TEST_88235,0.03465716540813446
TEST_88239,0.11496344953775406
TEST_88252,0.1270485669374466
TEST_88253,0.32330718636512756
TEST_88254,0.005165155045688152
TEST_88257,0.16194280982017517
TEST_88258,0.17264840006828308
TEST_88259,0.04004798084497452
TEST_88265,0.0026875764597207308
TEST_88269,0.20912857353687286
TEST_88272,0.10550109297037125
TEST_88274,0.23380492627620697
TEST_88280,0.06578129529953003
TEST_88293,0.03901280090212822
TEST_88308,0.010910523124039173
TEST_88313,0.004027761984616518
TEST_88316,0.2054492086172104
TEST_88318,0.1206209808588028
TEST_88319,0.005267531145364046
TEST_88321,0.10296349227428436
TEST_88322,0.13269275426864624
TEST_88324,0.05577316880226135
TEST_88340,0.003414398292079568
TEST_88345,0.1274397224187851
TEST_88351,0.2000797539949417
TEST_88352,0.13078299164772034
TEST_88361,0.15190285444259644
TEST_88367,0.23532265424728394
TEST_88379,0.027071593329310417
TEST_88388,0.07953602820634842
TEST_88390,0.10825607180595398
TEST_88391,0.14906933903694153
TEST_88394,0.20560844242572784
TEST_88406,0.18891488015651703
TEST_88412,0.13596397638320923
TEST_88420,0.049555979669094086
TEST_88430,0.3231094181537628
TEST_88433,0.1431206464767456
TEST_88437,0.1658695489168167
TEST_88438,0.14444251358509064
TEST_88447,0.0445125475525856
TEST_88452,0.12572181224822998
TEST_88453,0.11051443219184875
TEST_88465,0.30377984046936035
TEST_88472,0.0016890136757865548
TEST_88473,0.043549492955207825
TEST_88474,0.003602034877985716
TEST_88484,0.00945247057825327
TEST_88491,0.2538536787033081
TEST_88497,0.12642350792884827
TEST_88500,0.05086701363325119
TEST_88502,0.10412843525409698
TEST_88508,0.12084542959928513
TEST_88512,0.001995175378397107
TEST_88514,0.09041933715343475
TEST_88516,0.028710301965475082
TEST_88518,0.2638276517391205
TEST_88520,0.14733776450157166
TEST_88524,0.23959024250507355
TEST_88537,0.10991024971008301
TEST_88539,0.002407362684607506
TEST_88547,0.19994956254959106
TEST_88564,0.2510800063610077
TEST_88566,0.0018321082461625338
TEST_88568,0.1301628202199936
TEST_88572,0.07508017867803574
TEST_88576,0.006934771314263344
TEST_88578,0.13593246042728424
TEST_88596,0.1206464096903801
TEST_88600,0.14701324701309204
TEST_88605,0.077729731798172
TEST_88608,0.04070189967751503
TEST_88615,0.31249091029167175
TEST_88616,0.13856123387813568
TEST_88617,0.0260004960000515
TEST_88622,0.1567046046257019
TEST_88626,0.06295916438102722
TEST_88627,0.04535912722349167
TEST_88628,0.1245296373963356
TEST_88636,0.14367306232452393
TEST_88637,0.1396438479423523
TEST_88642,0.0032897652126848698
TEST_88645,0.03668688237667084
TEST_88651,0.1968703269958496
TEST_88665,0.1541784703731537
TEST_88678,0.004884833469986916
TEST_88680,0.011361885815858841
TEST_88696,0.002817274769768119
TEST_88699,0.14999890327453613
TEST_88702,0.058413952589035034
TEST_88709,0.09909141063690186
TEST_88716,0.1055501401424408
TEST_88717,0.11282659322023392
TEST_88718,0.005628430750221014
TEST_88730,0.048017241060733795
TEST_88735,0.16015397012233734
TEST_88739,0.1892753541469574
TEST_88742,0.13427449762821198
TEST_88753,0.14157968759536743
TEST_88758,0.1913900375366211
TEST_88760,0.0559035986661911
TEST_88766,0.026885919272899628
TEST_88778,0.0027234347071498632
TEST_88781,0.08158884942531586
TEST_88790,0.05741897597908974
TEST_88791,0.003451497294008732
TEST_88794,0.28512489795684814
TEST_88797,0.1028619036078453
TEST_88803,0.2441987842321396
TEST_88807,0.24445541203022003
TEST_88808,0.13342538475990295
TEST_88809,0.024479111656546593
TEST_88814,0.1479545682668686
TEST_88817,0.1468094140291214
TEST_88821,0.10985954850912094
TEST_88839,0.22968725860118866
TEST_88843,0.07864891737699509
TEST_88846,0.12457672506570816
TEST_88847,0.18444155156612396
TEST_88849,0.1264498233795166
TEST_88859,0.3257121443748474
TEST_88869,0.28721916675567627
TEST_88871,0.11800506711006165
TEST_88879,0.052661195397377014
TEST_88885,0.12291868031024933
TEST_88888,0.05539151281118393
TEST_88898,0.20031987130641937
TEST_88914,0.3800645172595978
TEST_88917,0.05876678228378296
TEST_88921,0.38906365633010864
TEST_88925,0.11712224781513214
TEST_88926,0.4040214419364929
TEST_88927,0.00179864966776222
TEST_88929,0.04842912405729294
TEST_88938,0.19305697083473206
TEST_88945,0.0026073099579662085
TEST_88947,0.11777667701244354
TEST_88957,0.18473006784915924
TEST_88958,0.05260467529296875
TEST_88970,0.2064301073551178
TEST_88974,0.12857331335544586
TEST_88975,0.1270449459552765
TEST_88985,0.3008743226528168
TEST_89010,0.006782032549381256
TEST_89021,0.002643042244017124
TEST_89026,0.08585865050554276
TEST_89027,0.06437847763299942
TEST_89029,0.01232146192342043
TEST_89031,0.22393451631069183
TEST_89035,0.11129143834114075
TEST_89048,0.0026902398094534874
TEST_89050,0.0041162120178341866
TEST_89054,0.22045862674713135
TEST_89057,0.3571825921535492
TEST_89060,0.12908582389354706
TEST_89065,0.1819469928741455
TEST_89069,0.1384369432926178
TEST_89076,0.04480257257819176
TEST_89077,0.09482280910015106
TEST_89081,0.1581755429506302
TEST_89090,0.0022252558264881372
TEST_89096,0.1889752447605133
TEST_89097,0.0029867026023566723
TEST_89105,0.1402774602174759
TEST_89107,0.11090026795864105
TEST_89108,0.050569504499435425
TEST_89120,0.07128508388996124
TEST_89123,0.18460875749588013
TEST_89130,0.0991642028093338
TEST_89133,0.15694454312324524
TEST_89138,0.0030314226169139147
TEST_89142,0.16016046702861786
TEST_89158,0.16889211535453796
TEST_89167,0.0046240477822721004
TEST_89170,0.0476430207490921
TEST_89182,0.22796650230884552
TEST_89187,0.08167266100645065
TEST_89194,0.013392722234129906
TEST_89198,0.08939705789089203
TEST_89199,0.1413775086402893
TEST_89208,0.1029612272977829
TEST_89213,0.0020133103244006634
TEST_89217,0.3840477168560028
TEST_89219,0.27468129992485046
TEST_89229,0.16965371370315552
TEST_89240,0.0071306610479950905
TEST_89244,0.04831327497959137
TEST_89257,0.2538948953151703
TEST_89267,0.08605024963617325
TEST_89274,0.11907939612865448
TEST_89275,0.052601926028728485
TEST_89279,0.005879063159227371
TEST_89289,0.13743552565574646
TEST_89304,0.0026242886669933796
TEST_89306,0.02424323931336403
TEST_89312,0.1884816288948059
TEST_89324,0.17563727498054504
TEST_89327,0.10092314332723618
TEST_89330,0.07155756652355194
TEST_89332,0.12167779356241226
TEST_89338,0.004284347873181105
TEST_89340,0.2885461151599884
TEST_89342,0.002750835847109556
TEST_89344,0.1557096540927887
TEST_89359,0.1398521065711975
TEST_89363,0.2000444233417511
TEST_89368,0.0024471981450915337
TEST_89371,0.1742422729730606
TEST_89380,0.0027876414824277163
TEST_89381,0.003058473812416196
TEST_89394,0.15617021918296814
TEST_89395,0.17854154109954834
TEST_89396,0.05664371699094772
TEST_89401,0.10020960867404938
TEST_89409,0.004828630480915308
TEST_89426,0.21983933448791504
TEST_89428,0.27605947852134705
TEST_89429,0.2809782922267914
TEST_89433,0.14015239477157593
TEST_89434,0.37162965536117554
TEST_89437,0.32823193073272705
TEST_89444,0.002292638411745429
TEST_89447,0.001923534320667386
TEST_89449,0.16478823125362396
TEST_89450,0.1192716658115387
TEST_89466,0.0029718000441789627
TEST_89470,0.09314338862895966
TEST_89503,0.14172819256782532
TEST_89506,0.0021641082130372524
TEST_89508,0.17537985742092133
TEST_89513,0.003046480007469654
TEST_89515,0.19624482095241547
TEST_89518,0.05397406220436096
TEST_89521,0.09466005861759186
TEST_89523,0.16817516088485718
TEST_89524,0.14496347308158875
TEST_89533,0.10675114393234253
TEST_89536,0.015607506968080997
TEST_89542,0.26227647066116333
TEST_89543,0.27929773926734924
TEST_89546,0.11406289041042328
TEST_89547,0.19337394833564758
TEST_89551,0.08546331524848938
TEST_89553,0.2367347627878189
TEST_89554,0.21404814720153809
TEST_89556,0.17281998693943024
TEST_89560,0.06424065679311752
TEST_89561,0.10797496885061264
TEST_89562,0.2584074139595032
TEST_89563,0.051341187208890915
TEST_89568,0.07874997705221176
TEST_89572,0.22077012062072754
TEST_89573,0.3903907835483551
TEST_89578,0.006692482624202967
TEST_89579,0.17596855759620667
TEST_89585,0.1084735095500946
TEST_89586,0.09226340055465698
TEST_89594,0.10793215036392212
TEST_89601,0.1884319931268692
TEST_89603,0.1138942539691925
TEST_89606,0.10691226273775101
TEST_89608,0.001793052302673459
TEST_89611,0.08403325080871582
TEST_89615,0.14946021139621735
TEST_89616,0.07809855043888092
TEST_89626,0.13484591245651245
TEST_89630,0.2994210720062256
TEST_89632,0.21122340857982635
TEST_89634,0.1715790033340454
TEST_89640,0.13851408660411835
TEST_89647,0.20491793751716614
TEST_89652,0.2913722097873688
TEST_89662,0.20974701642990112
TEST_89665,0.03477051854133606
TEST_89669,0.3448200523853302
TEST_89672,0.1574966460466385
TEST_89673,0.05017508566379547
TEST_89674,0.1104026660323143
TEST_89680,0.28407567739486694
TEST_89683,0.13707152009010315
TEST_89684,0.003226621076464653
TEST_89686,0.21719956398010254
TEST_89693,0.11676852405071259
TEST_89695,0.002165674464777112
TEST_89704,0.15372884273529053
TEST_89706,0.07587575912475586
TEST_89715,0.10442852973937988
TEST_89718,0.0032369676046073437
TEST_89731,0.1105780377984047
TEST_89732,0.0029990391340106726
TEST_89734,0.07033149898052216
TEST_89735,0.0027711051516234875
TEST_89741,0.3464048504829407
TEST_89746,0.1148364320397377
TEST_89747,0.002672318834811449
TEST_89751,0.006855982821434736
TEST_89759,0.032112497836351395
TEST_89770,0.003361388109624386
TEST_89773,0.002929999027401209
TEST_89778,0.2878216803073883
TEST_89781,0.11924636363983154
TEST_89783,0.13104908168315887
TEST_89790,0.04754076525568962
TEST_89799,0.10508027672767639
TEST_89801,0.05198878422379494
TEST_89803,0.12868556380271912
TEST_89805,0.07748939841985703
TEST_89819,0.18138200044631958
TEST_89827,0.1569981426000595
TEST_89833,0.26049816608428955
TEST_89836,0.09522531926631927
TEST_89839,0.1270424872636795
TEST_89844,0.23121967911720276
TEST_89858,0.14148762822151184
TEST_89862,0.08858700841665268
TEST_89865,0.06720832735300064
TEST_89868,0.061384417116642
TEST_89869,0.13075728714466095
TEST_89876,0.08291077613830566
TEST_89878,0.22020156681537628
TEST_89883,0.19142721593379974
TEST_89888,0.12480044364929199
TEST_89892,0.04822583124041557
TEST_89896,0.14046528935432434
TEST_89901,0.06511085480451584
TEST_89902,0.19047090411186218
TEST_89922,0.1047690287232399
TEST_89937,0.16936780512332916
TEST_89940,0.026192042976617813
TEST_89941,0.18583381175994873
TEST_89948,0.1079598218202591
TEST_89957,0.22693024575710297
TEST_89968,0.21558654308319092
TEST_89969,0.0031886256765574217
TEST_89973,0.009480076842010021
TEST_89992,0.2339523434638977
TEST_89995,0.00918327271938324
TEST_89999,0.0025395744014531374
TEST_90002,0.0564567968249321
TEST_90003,0.14806406199932098
TEST_90005,0.2305077463388443
TEST_90012,0.11443545669317245
TEST_90014,0.1868087500333786
TEST_90018,0.04366613179445267
TEST_90024,0.0034213780891150236
TEST_90027,0.049560002982616425
TEST_90028,0.1895684450864792
TEST_90029,0.09931128472089767
TEST_90030,0.31597691774368286
TEST_90031,0.11269993335008621
TEST_90032,0.15028128027915955
TEST_90051,0.1753261387348175
TEST_90057,0.282466322183609
TEST_90065,0.22688397765159607
